title,description,url,PRODUCT_HOLIDAY_CHECK,PRODUCT_HOLIDAY_CHECK_basis,derivatives_exchange_check,derivatives_exchange_check_basis,holiday_calendar_check,holiday_calendar_check_basis
NYMEX (New York Mercantile Exchange),"NYMEX (New York Mercantile Exchange) is a leading derivatives exchange operated by ICE, offering futures and options across energy, metals, agriculture and financial products.",https://ugi.outsystemsenterprise.com/UGISchedule_FO/ICENymexHolidays,Memorial Day: Energy contracts; Juneteenth: Energy contracts; Independence Day: Energy contracts; Labor Day: Energy contracts; Thanksgiving Day: Energy contracts; Boxing Day: Energy contracts,"{""field"":""PRODUCT_HOLIDAY_CHECK"",""reasoning"":""The ICE Futures U.S. 2025 Holiday Calendar PDF lists trading status per product class for each holiday. Several holidays show \""open\"" for Energy contracts while other product classes are closed."",""citations"":[],""confidence"":""high""}",,"{""field"":""derivatives_exchange_check"",""reasoning"":""The NYMEX (New York Mercantile Exchange) is listed among ICE market holiday schedules, indicating it operates as a derivatives exchange."",""citations"":[{""url"":""https://ugi.outsystemsenterprise.com/UGISchedule_FO/ICENymexHolidays"",""title"":""ICE/NYMEX Holidays - UGI"",""excerpts"":[""ICE/NYMEX holidays in 2025 include New Year's Day, Martin Luther King Day, Presidents Day, Good Friday, Memorial Day, Juneteenth, ...""]}],""confidence"":""high""}",New Year’s Day: 2025-01-01; Martin Luther King Day: 2025-01-20; Presidents’ Day: 2025-02-17; Good Friday: 2025-04-18; Victoria Day: 2025-05-19; Memorial Day: 2025-05-26; Juneteenth: 2025-06-19; Canada Day: 2025-07-01; Independence Day: 2025-07-04; Terry Fox Day: 2025-08-04; Labor Day: 2025-09-01; National Day for Truth and Reconciliation: 2025-09-30; Columbus Day/Thanksgiving Day (Canada): 2025-10-13; Veterans Day/Remembrance Day (Canada): 2025-11-11; Thanksgiving Day: 2025-11-27; Christmas Day: 2025-12-25; Boxing Day: 2025-12-26; Calendar URL: https://www.ice.com/publicdocs/futures/IFUS_Trading_Hours_Holiday_Calendar.pdf,"{""field"":""holiday_calendar_check"",""reasoning"":""The ICE Futures U.S. 2025 Trading Holiday Calendar PDF lists NYMEX/ICE holidays with exact dates and provides a downloadable calendar URL."",""citations"":[{""url"":""https://www.ice.com/publicdocs/futures/IFUS_Trading_Hours_Holiday_Calendar.pdf"",""title"":""[PDF] ICE Futures U.S. 2025 Trading Holiday Calendar"",""excerpts"":[""\nMartin Luther King Day\n\nMonday, Jan 20"",""\n\nPresidents Day\n\nMonday, Feb 17"",""\nGood Friday\n\nFriday, Apr 18"",""\nVictoria Day (Canada)\n\nMonday, May 19"",""\nMemorial Day\n\nMonday, May 26"",""\nJuneteenth\n\nThursday, June 19"",""\n\nCanada Day (Canada)\n\nTuesday, July "",""\n\nIndependence Day\n\nFriday, July "",""\n\nTerry Fox Day (Canada)\n\nMonday, Aug "",""\n\nLabor Day\n\nMonday, Sep "",""Columbus Day/\n\nThanksgiving Day (Canada)\n\nMonday, Oct 1"",""Veterans Day/\n\nRemembrance Day (Canada)\n\nTuesday, Nov 1"",""\nThanksgiving Day\n\nThursday, Nov 27"",""\nChristmas Day\n\nThursday, Dec 25"",""\nBoxing Day\n\nFriday, Dec 26""]}],""confidence"":""high""}"
ICE Endex,"ICE Endex is a derivatives exchange operated by Intercontinental Exchange that trades European natural gas, emissions and power products.",https://www.ice.com/publicdocs/ICE_Endex_Trading_Schedule.pdf,no product specific settings,"{""field"":""PRODUCT_HOLIDAY_CHECK"",""reasoning"":""The Holiday Hours page lists products offered by ICE Endex but does not specify any products that continue trading on holidays. Therefore no product‑specific holiday settings are provided."",""citations"":[],""confidence"":""high""}",,"{""field"":""derivatives_exchange_check"",""reasoning"":""ICE Endex is identified as \""ICE Endex Derivatives B.V.\"" in the CFTC document, confirming it operates as a derivatives exchange."",""citations"":[{""url"":""https://www.cftc.gov/sites/default/files/groups/public/@otherif/documents/ifdocs/orgiceea61160927.pdf"",""title"":""ICE Endex Derivatives BV"",""excerpts"":[""ICE Endex Derivatives B.V.""]}],""confidence"":""high""}",2025-01-01 New Year's Day; 2025-04-18 Good Friday; 2025-04-21 Easter Monday; 2025-12-24 Christmas (Early); 2025-12-25 Christmas; 2025-12-26 Christmas; 2025-12-31 New Year's Eve (Early); Calendar URL: https://www.ice.com/publicdocs/ICE_Endex_Trading_Schedule.pdf,"{""field"":""holiday_calendar_check"",""reasoning"":""The ICE Endex trading schedule PDF lists each holiday in 2025 with dates and closure status. This provides the required holiday calendar."",""citations"":[{""url"":""https://www.ice.com/publicdocs/ICE_Endex_Trading_Schedule.pdf"",""title"":""TRADING SCHEDULE"",""excerpts"":[""Wednesday 01 January 2025\n\nNew Year’s Day\n\nClos"",""Day\n\nClosed\n\nFriday 18 April 2025\n\nGood"",""day\n\nClosed\n\nMonday 21 April 2025\n\nEaster"",""Wednesday 24 December 2025\n\nChristmas\n\nEarly\n\nSettlem"",""Thursday 25 December 2025\n\nChristmas\n\nClos"",""December 2025\n\nChristmas\n\nClosed\n\nFriday"",""Wednesday 31 December 2025\n\nNew Year’s Eve\n\nEarly\n\nSettlem""]}],""confidence"":""high""}"
Euronext Brussels,"Euronext Brussels is the Brussels market of the pan‑European exchange group Euronext, offering cash and derivatives trading (including equity futures and options).",https://www.euronext.com/en/trading/trading-hours-holidays,no product specific settings,"{""field"":""PRODUCT_HOLIDAY_CHECK"",""reasoning"":""The holiday tables list closures and indicate \""*No TAH\"" (no trading after hours) for many dates, but they do not mention any specific products that continue to trade on holidays. Therefore no product‑specific settings are provided."",""citations"":[],""confidence"":""high""}",,"{""field"":""derivatives_exchange_check"",""reasoning"":""Euronext Brussels operates both cash and derivatives markets as indicated by the trading‑hours page that lists \""Euronext Derivatives Markets\"". Therefore it satisfies the condition of being a derivatives exchange."",""citations"":[{""url"":""https://www.euronext.com/en/trading/trading-hours-holidays"",""title"":""Euronext Trading Hours & Holidays"",""excerpts"":[""The Euronext Cash Markets and the Euronext Derivatives Markets will be open Monday to Friday throughout 2026 except on the following days:"",""The Euronext Cash Markets and the Euronext Derivatives Markets will be open Monday to Friday throughout 2026 except on the following days:""]}],""confidence"":""high""}","2025: Thursday 1 January 2025 (New Year's Day), Friday 18 April 2025 (Good Friday), Monday 21 April 2025 (Easter Monday), Thursday 1 May 2025 (Labour Day), ...; 2026: Thursday 1 January 2026 (New Year's Day), Friday 3 April 2026 (Good Friday), Monday 6 April 2026 (Easter Monday), Thursday 1 May 2026 (Labour Day), ...; Calendar URL: https://www.euronext.com/en/trading/trading-hours-holidays","{""field"":""holiday_calendar_check"",""reasoning"":""The trading‑hours page provides a complete holiday calendar for both 2025 and 2026, listing each holiday name and date for the Brussels market. The same page URL serves as the calendar source."",""citations"":[{""url"":""https://www.euronext.com/en/trading/trading-hours-holidays"",""title"":""Euronext Trading Hours & Holidays"",""excerpts"":[""ys\n\n## 2026 Holiday Calendar for Euronext’s Cash and Derivatives markets"",""\n\n## 2026 Holiday Calendar for Euronext’s Cash and Derivatives markets\n\n""]}],""confidence"":""high""}"
Intercontinental Exchange (ICE),"Intercontinental Exchange (ICE) is a worldwide derivatives exchange operator that runs ICE Futures U.S., ICE Futures Europe, ICE Endex, ICE Clear and other platforms. It publishes holiday calendars for each market and indicates product‑specific trading status on holidays.",https://www.ice.com,Martin Luther King Day: Energy; Independence Day: Energy,"{""field"":""PRODUCT_HOLIDAY_CHECK"",""reasoning"":""The 2025 ICE Futures U.S. holiday calendar lists product‑specific open/closed status for each holiday. Only a few holidays have any products trading."",""citations"":[{""url"":""https://www.ice.com/publicdocs/futures/IFUS_Trading_Hours_Holiday_Calendar.pdf"",""title"":""[PDF] ICE Futures U.S. 2025 Trading Holiday Calendar"",""excerpts"":[""\n\nclosed\n\nclosed\n\nclosed\n\n""]}],""confidence"":""high""}",,"{""field"":""derivatives_exchange_check"",""reasoning"":""ICE (Intercontinental Exchange) operates multiple futures and options markets such as ICE Futures U.S., ICE Futures Europe, ICE Endex and ICE Clear, which are derivatives exchanges."",""citations"":[{""url"":""https://www.ice.com/holiday-hours"",""title"":""Holiday Hours - ICE"",""excerpts"":[""The tables below provide a list of holiday trading hours across all ICE markets, administrators and clearing houses.""]}],""confidence"":""high""}",New Year’s Day: 2025-01-01; Martin Luther King Day: 2025-01-20; Presidents Day: 2025-02-17; Good Friday: 2025-04-18; Memorial Day: 2025-05-26; Juneteenth: 2025-06-19; Independence Day: 2025-07-04; Labor Day: 2025-09-01; Thanksgiving Day: 2025-11-27; Christmas Day: 2025-12-25; Calendar URL: https://www.ice.com/publicdocs/futures/IFUS_Trading_Hours_Holiday_Calendar.pdf,"{""field"":""holiday_calendar_check"",""reasoning"":""ICE publishes a comprehensive holiday calendar for its derivatives markets. The PDF and the holiday‑hours page list each holiday with its date for 2025."",""citations"":[{""url"":""https://www.ice.com/publicdocs/futures/IFUS_Trading_Hours_Holiday_Calendar.pdf"",""title"":""[PDF] ICE Futures U.S. 2025 Trading Holiday Calendar"",""excerpts"":["" Day\n\nWednesday, Jan 1\n\nclosed\n\nclosed\n\nclosed\n"",""ed\n\nMartin Luther King Day\n\nMonday, Jan 20\n\nopen\n\n"",""\nclosed\n\nclosed\n\nGood Friday\n\nFriday, Apr"",""open\n\nThanksgiving Day\n\nThursday, Nov 27\n\nopen"",""Day\n\nThursday, Dec 25\n\nclosed\n\nclosed\n\nclosed""]},{""url"":""https://www.ice.com/holiday-hours"",""title"":""Holiday Hours - ICE"",""excerpts"":[""\n\nThe tables below provide a list of holiday trading hours across all ICE markets, ""]}],""confidence"":""high""}"
"ICE Futures U.S., Inc.","ICE Futures, operated by Intercontinental Exchange, is a global derivatives exchange offering futures and options across energy, agriculture, equity index, FX, metals and credit. It publishes detailed holiday calendars that specify open/closed status for each product class on each holiday.",https://www.ice.com/futures-us,Martin Luther King Day: Futures; Good Friday: no products; Memorial Day: Futures; Independence Day: Futures; Thanksgiving Day: Futures; Christmas Day: no products,"{""field"":""PRODUCT_HOLIDAY_CHECK"",""reasoning"":""The PDF lists the open/closed status for Futures and Options on each holiday, allowing extraction of products that continue trading."",""citations"":[{""url"":""https://www.ice.com/publicdocs/futures/IFUS_Trading_Hours_Holiday_Calendar.pdf"",""title"":""ICE Futures U.S. 2025 Trading Holiday Calendar"",""excerpts"":[""\n\nclosed\n\nclosed\n\nMartin Luther King Day\n\nMonday,"",""closed\n\nclosed\n\nGood Friday\n\nFriday, Apr"",""closed\n\nopen\n\nMemorial Day\n\nMonday, May"",""Independence Day\n\nFriday, July 4\n\nopen\n\nclo"",""closed\n\nopen\n\nThanksgiving Day\n\nThursday, Nov"",""pen\n\nclosed\n\nChristmas Day\n\nThursday, Dec 25""]}],""confidence"":""high""}",,"{""field"":""derivatives_exchange_check"",""reasoning"":""ICE Futures is part of Intercontinental Exchange and operates futures markets, which classifies it as a derivatives exchange."",""citations"":[{""url"":""https://www.ice.com/publicdocs/futures/IFUS_Trading_Hours_Holiday_Calendar.pdf"",""title"":""ICE Futures U.S. 2025 Trading Holiday Calendar"",""excerpts"":[""ICE Futures U.S., Inc. will observe the following holiday trading calendar for 2025:"",""\n\nclosed\n\nclosed\n\nMartin Luther King Day\n\nMonday,"",""closed\n\nclosed\n\nGood Friday\n\nFriday, Apr""]}],""confidence"":""high""}",New Year’s Day: 2025-01-01; Martin Luther King Day: 2025-01-20; Presidents Day: 2025-02-17; Good Friday: 2025-04-18; Memorial Day: 2025-05-26; Juneteenth: 2025-06-19; Independence Day: 2025-07-04; Labor Day: 2025-09-01; Thanksgiving Day: 2025-11-27; Christmas Day: 2025-12-25; URL: https://www.ice.com/publicdocs/futures/IFUS_Trading_Hours_Holiday_Calendar.pdf,"{""field"":""holiday_calendar_check"",""reasoning"":""The PDF provides a complete list of 2025 holidays with dates for ICE Futures U.S., which satisfies the requirement for a holiday calendar."",""citations"":[{""url"":""https://www.ice.com/publicdocs/futures/IFUS_Trading_Hours_Holiday_Calendar.pdf"",""title"":""ICE Futures U.S. 2025 Trading Holiday Calendar"",""excerpts"":[""Day\n\nWednesday, Jan 1\n\nclosed\n\nclosed\n\nclosed"",""\n\nclosed\n\nclosed\n\nMartin Luther King Day\n\nMonday,"",""closed\n\nclosed\n\nGood Friday\n\nFriday, Apr"",""closed\n\nopen\n\nMemorial Day\n\nMonday, May"",""open\n\nclosed\n\nJuneteenth\n\nThursday, June"",""Independence Day\n\nFriday, July 4\n\nopen\n\nclo"",""closed\n\nopen\n\nThanksgiving Day\n\nThursday, Nov"",""pen\n\nclosed\n\nChristmas Day\n\nThursday, Dec 25""]}],""confidence"":""high""}"
Cboe Options,"Cboe Options is an options exchange operated by Cboe Global Markets, offering trading in equity and index options and other derivative products.",https://www.cboe.com/us/options/notices/schedule_update/,no product specific settings,"{""field"":""PRODUCT_HOLIDAY_CHECK"",""reasoning"":""The schedule‑update notices list modified trading hours for holidays but do not mention any products that continue to trade unchanged on those holidays. Therefore there are no product‑specific settings."",""citations"":[{""url"":""https://www.cboe.com/us/options/notices/schedule_update/"",""title"":""Cboe Options Exchange Schedule Update Notices"",""excerpts"":[""ust 15, 2025\n\nThe table below outlines the modified trading schedules for the Cboe Options Exchanges (Cboe Options (C1), C2, BZX, and EDGX Options) and the Cboe ""]}],""confidence"":""high""}",,"{""field"":""derivatives_exchange_check"",""reasoning"":""Cboe Options is an options exchange operated by Cboe Global Markets. Options are derivative contracts, therefore the entity qualifies as a derivatives exchange."",""citations"":[{""url"":""https://www.cboe.com/us/options/notices/schedule_update/"",""title"":""Cboe Options Exchange Schedule Update Notices"",""excerpts"":[""ust 15, 2025\n\nThe table below outlines the modified trading schedules for the Cboe Options Exchanges (Cboe Options (C1), C2, BZX, and EDGX Options) and the Cboe ""]}],""confidence"":""high""}","New Year's Day: 2025-01-01; Martin Luther King, Jr. Day: 2025-01-20; Presidents' Day: 2025-02-17; Good Friday: 2025-04-18; Memorial Day: 2025-05-26; Juneteenth Holiday: 2025-06-19; Independence Day: 2025-07-04; Labor Day: 2025-09-01; Thanksgiving Day: 2025-11-27; Thanksgiving Early Close: 2025-11-28; Christmas Early Close: 2025-12-24; Christmas Day: 2025-12-25; Calendar URL: https://www.cboe.com/about/hours/","{""field"":""holiday_calendar_check"",""reasoning"":""The Hours & Holidays page provides a full list of holidays observed by Cboe exchanges, which also applies to the Cboe Options exchange. The list includes dates and names for 2025."",""citations"":[{""url"":""https://www.cboe.com/about/hours/"",""title"":""Hours & Holidays"",""excerpts"":[""|New Year's Day |January 1"",""|Martin Luther King, Jr. Day |January 20"",""|Presidents' Day |February 17"",""|Good Friday |April 18"",""|Memorial Day |May 26"",""|Juneteenth Holiday |June 19"",""|Independence Day |July 4"",""|Labor Day |September 1"",""|Thanksgiving Day |November 27"",""|Thanksgiving Early Close |November 28"",""|Christmas Early Close |December 24"",""|Christmas Day |December 25""]}],""confidence"":""high""}"
Singapore Exchange (SGX) Derivatives,"Singapore Exchange (SGX) Derivatives is the derivatives market of SGX, providing equity, FX, interest‑rate and digital derivative products.",https://www.sgx.com/derivatives,no product specific settings,"{""field"":""PRODUCT_HOLIDAY_CHECK"",""reasoning"":""The SGX Derivatives page does not list any specific products that continue trading on holidays; therefore no product‑specific settings are available."",""citations"":[{""url"":""https://www.sgx.com/derivatives"",""title"":""Derivatives - Singapore Exchange (SGX ..."",""excerpts"":[""At SGX Derivatives, we bring together equity, FX, interest-rate and digital ...""]}],""confidence"":""medium""}",,"{""field"":""derivatives_exchange_check"",""reasoning"":""The SGX Derivatives page explicitly describes SGX as a derivatives market, confirming it is a derivatives exchange."",""citations"":[{""url"":""https://www.sgx.com/derivatives"",""title"":""Derivatives - Singapore Exchange (SGX ..."",""excerpts"":[""At SGX Derivatives, we bring together equity, FX, interest-rate and digital ...""]}],""confidence"":""high""}","Lunar New Year 1: 2025-01-29, Lunar New Year 2: 2025-01-30, Good Friday: 2025-04-18, Christmas Day: 2025-12-25, Calendar URL: https://www.tradinghours.com/markets/sgx","{""field"":""holiday_calendar_check"",""reasoning"":""The SGX Market Hours & Holidays 2025‑2026 page lists the public holidays observed by SGX, which apply to its derivatives market."",""citations"":[],""confidence"":""high""}"
Euronext Markets,"Euronext Markets provides an official 2025 holiday calendar for its cash and derivatives markets, showing dates such as Monday 5 May (Irish May Bank Holiday) with trading status.",https://live.euronext.com/en/resources/trading-hours-holidays,"New Years Day: no product specific settings, Substitute for New Year's Day: no product specific settings, January 5: no product specific settings, January 6: no product specific settings, Wednesday before Easter: no product specific settings, Maundy Thursday: no product specific settings, Good Friday: no product specific settings, Easter Monday: no product specific settings, Labour Day: no product specific settings, Irish May Bank Holiday: no product specific settings, Ascension Day: no product specific settings, Whit Monday: no product specific settings, January 1 (Clearing Services): no product specific settings, April 17 (Clearing Services): no product specific settings, April 18 (Clearing Services): no product specific settings, April 21 (Clearing Services): no product specific settings, May 1 (Clearing Services): no product specific settings, May 29 (Clearing Services): no product specific settings, June 9 (Clearing Services): no product specific settings, August 15 (Clearing Services): no product specific settings, December 24 (Clearing Services): no product specific settings, December 25 (Clearing Services): no product specific settings, December 26 (Clearing Services): no product specific settings, December 31 (Clearing Services): no product specific settings","{""field"":""PRODUCT_HOLIDAY_CHECK"",""reasoning"":""The answer explicitly states that \""No specific products are mentioned as continuing to trade on these holidays; rather, the status applies to the market as a whole for each location.\"" This indicates that there are no product-specific settings for holidays."",""citations"":[{""url"":""https://www.euronext.com/en/trading/trading-hours-holidays"",""title"":""Euronext Trading Hours & Holidays"",""excerpts"":[""The Euronext Cash Markets and the Euronext Derivatives Markets will be open Monday to Friday throughout 2026 except on the following days:"",""|Thursday 1 January 2026 (New Year’s Day) |Closed |Closed |Closed |Closed |Closed |Closed |Closed |"",""|Friday 2 January 2026\n\n(Substitute for New Year's Day) |Full Trading Day |Full Trading Day |Full Trading Day |Full Trading Day |**\\*No TAH** |Full Trading Day |Full Trading Day |"",""|Monday 5 and Tuesday 6 January 2026 |Full Trading Day |Full Trading Day |Full Trading Day |Full Trading Day |**\\*No TAH** |Full Trading Day |Full Trading Day |"",""|Wednesday 1 April  (Half trading day, Wednesday before Easter) |Full Trading Day |Full Trading Day |Full Trading Day |Full Trading Day |Full Trading Day |**\\*\\*Half Trading Day** |Full Trading Day |"",""|Thursday 2 April 2026 (Maundy Thursday) |Full Trading Day |Full Trading Day |Full Trading Day |Full Trading Day |**\\*No TAH** |Closed |Full""]}],""confidence"":""high""}",,"{""field"":""derivatives_exchange_check"",""reasoning"":""The provided answer explicitly states that \""Euronext Markets operates derivatives markets,\"" directly addressing whether the entity is a derivatives exchange."",""citations"":[{""url"":""https://www.euronext.com/en/trading/trading-hours-holidays"",""title"":""Euronext Trading Hours & Holidays"",""excerpts"":[""The Euronext Cash Markets and the Euronext Derivatives Markets will be open Monday to Friday throughout 2026 except on the following days:""]},{""url"":""https://live.euronext.com/en/resources/trading-hours-holidays"",""title"":""Fetched web page"",""excerpts"":[""Section Title: Trading hours & Holidays > 2026 Holiday Calendar for Euronext’s Cash and Derivatives markets""]}],""confidence"":""medium""}","2026 Holidays (Cash and Derivatives Markets): New Years Day: 2026-01-01, Substitute for New Year's Day: 2026-01-02, January 5: 2026-01-05, January 6: 2026-01-06, Wednesday before Easter: 2026-04-01, Maundy Thursday: 2026-04-02, Good Friday: 2026-04-03, Easter Monday: 2026-04-06, Labour Day: 2026-05-01, Irish May Bank Holiday: 2026-05-04, Ascension Day: 2026-05-14, Whit Monday: 2026-05-25. 2025 Holidays (Clearing Services): January 1: 2025-01-01, April 17: 2025-04-17, April 18: 2025-04-18, April 21: 2025-04-21, May 1: 2025-05-01, May 29: 2025-05-29, June 9: 2025-06-09, August 15: 2025-08-15, December 24: 2025-12-24, December 25: 2025-12-25, December 26: 2025-12-26, December 31: 2025-12-31. Calendar URLs: https://connect2.euronext.com/sites/default/files/2025-11/IF251107CADE%202026%20Holiday%20Calendar%20for%20Euronexts%20Cash%20and%20Derivatives%20markets_1.pdf?VersionId=3ehe2.c9cMxv1K36.i6o4tz.5CAJmuw2, https://www.euronext.com/sites/default/files/2024-12/holidays_clearing_calendar_2025_1.pdf","{""field"":""holiday_calendar_check"",""reasoning"":""The answer provides a detailed list of holidays for both 2026 (Cash and Derivatives Markets) and 2025 (Clearing Services), including specific dates and the corresponding URLs for the calendars. This directly fulfills the requirements for a holiday calendar check."",""citations"":[{""url"":""https://www.euronext.com/en/trading/trading-hours-holidays"",""title"":""Euronext Trading Hours & Holidays"",""excerpts"":[""## 2026 Holiday Calendar for Euronext’s Cash and Derivatives markets"",""[Download 2026 Holiday Calendar for Euronext's Cash and Derivatives markets](https://connect2.euronext.com/sites/default/files/2025-11/IF251107CADE%202026%20Holiday%20Calendar%20for%20Euronexts%20Cash%20and%20Derivatives%20markets_1.pdf?VersionId=3ehe2.c9cMxv1K36.i6o4tz.5CAJmuw2)"",""|Thursday 1 January 2026 (New Year’s Day) |Closed |Closed |Closed |Closed |Closed |Closed |Closed |"",""|Friday 2 January 2026\n\n(Substitute for New Year's Day) |Full Trading Day |Full Trading Day |Full Trading Day |Full Trading Day |**\\*No TAH** |Full Trading Day |Full Trading Day |"",""|Monday 5 and Tuesday 6 January 2026 |Full Trading Day |Full Trading Day |Full Trading Day |Full Trading Day |**\\*No TAH** |Full Trading Day |Full Trading Day |"",""|Wednesday 1 April  (Half trading day, Wednesday before Easter) |Full Trading Day |Full Trading Day |Full Trading Day |Full Trading Day |Full Trading Day |**\\*\\*Half Trading Day** |Full Trading Day |"",""|Full Trading Day |\n|Thursday 2 April 2026 (Maundy Thursday) |Full Trading Day |Full Trading Day |Full Trading Day |Full Trading Day |**\\*No TAH** |Closed"",""|**Euronext Holidays** |**Amsterdam** |**Brussels** |**Dublin** |**Lisbon** |**Milan** |**Oslo** |**Paris** |""]},{""url"":""https://live.euronext.com/en/resources/trading-hours-holidays"",""title"":""Fetched web page"",""excerpts"":[""(Substitute for New Year's Day) |Full Trading Day |Full Trading Day |Full Trading Day |Full Trading Day |**\\*No TAH** |Full Trading Day |Full Trading Day |"",""Monday 5 and Tuesday 6 January 2026 |Full Trading Day |Full Trading Day |Full Trading Day |Full Trading Day |**\\*No TAH** |Full Trading Day |Full Trading Day |"",""Wednesday 1 April  (Half trading day, Wednesday before Easter) |Full Trading Day |Full Trading Day |Full Trading Day |Full Trading Day |Full Trading Day |**\\*\\*Half Trading Day** |Full Trading Day |"",""Thursday 2 April 2026 (Maundy Thursday) |Full Trading Day |Full Trading Day |Full Trading Day |Full Trading Day |**\\*No TAH** |Closed |Full Trading Day |"",""Friday 3 April 2026 (Good Friday) |Closed |Closed |Closed |Closed |Closed |Closed |Closed |"",""Monday 6 April 2026 (Easter Monday) |Closed |Closed |Closed |Closed |Closed |Closed |Closed |"",""Friday 1 May 2026 (Labour Day) |Closed |Closed |Closed |Closed |Closed |Closed |Closed |"",""Monday 4 May 2026 (Irish May Bank Holiday) |Full Trading Day |Full Trading Day |Closed |Full Trading Day |Full Trading Day |Full Trading Day |Full Trading Day |"",""Thursday 14 May 2026 (Ascension Day) |Full Trading Day |Full Trading Day |Full Trading Day |Full Trading Day |Full Trading Day |Closed |Full Trading Day |"",""Monday 25 May 2026 (Whit Monday) |Full Trading Day |Full Trading Day |Full Trading Day |Full Trading Day |Full Trading Day |Closed |Full""]}],""confidence"":""medium""}"
ICE Clear Netherlands,ICE Clear Netherlands is ICE's European derivatives clearing house that publishes an annual holiday calendar indicating the dates on which its clearing and trading services are closed.,https://www.ice.com/publicdocs/clear_netherlands/circulars/ICNL_Circular_C24_064_-_Holiday_Calendar_2025.pdf,no product specific settings,"{""field"":""PRODUCT_HOLIDAY_CHECK"",""reasoning"":""The PDF does not mention any products that continue trading on the listed holidays, so no product‑specific settings are provided."",""citations"":[{""url"":""https://www.ice.com/publicdocs/clear_netherlands/circulars/ICNL_Circular_C24_064_-_Holiday_Calendar_2025.pdf"",""title"":""Fetched web page"",""excerpts"":[""ICE CLEAR NETHERLANDS - EQUITY DERIVATIVES""]}],""confidence"":""high""}",,"{""field"":""derivatives_exchange_check"",""reasoning"":""The PDF lists \""ICE Clear Netherlands\"" and includes the heading \""ICE CLEAR NETHERLANDS - EQUITY DERIVATIVES\"", indicating that the entity operates as a derivatives exchange."",""citations"":[{""url"":""https://www.ice.com/publicdocs/clear_netherlands/circulars/ICNL_Circular_C24_064_-_Holiday_Calendar_2025.pdf"",""title"":""Fetched web page"",""excerpts"":[""ICE CLEAR NETHERLANDS - EQUITY DERIVATIVES""]}],""confidence"":""medium""}",New Year’s Day: 2025-01-01; Good Friday: 2025-04-18; Easter Monday: 2025-04-21; Labor Day: 2025-05-01; Christmas Eve: 2025-12-24; Christmas: 2025-12-25; Christmas: 2025-12-26; New Year’s Eve: 2025-12-31; Calendar URL: https://www.ice.com/publicdocs/clear_netherlands/circulars/ICNL_Circular_C24_064_-_Holiday_Calendar_2025.pdf,"{""field"":""holiday_calendar_check"",""reasoning"":""The holiday calendar PDF provides specific dates for each holiday in 2025 and includes the full calendar URL, satisfying the requirement for a detailed holiday list."",""citations"":[{""url"":""https://www.ice.com/publicdocs/clear_netherlands/circulars/ICNL_Circular_C24_064_-_Holiday_Calendar_2025.pdf"",""title"":""Fetched web page"",""excerpts"":[""Wednesday 01 January 2025\nNew Year’s Day\nClosed\nFriday 18 April 2025\nGood Friday\nClosed\nMonday 21 April 2025\nEaster Monday\nClosed\nThursday, 01 May 2025\nLabor Day\nClosed\nWednesday 24 December 2025\nChristmas Eve\nEarly Close\\*\nExchange closes at 14:05 (CET)\nThursday 25 December 2025\nChristmas\nClosed\nFriday 26 December 2025\nChristmas\nClosed\nWednesday 31 December 2025\nNew Year’s Eve\nEarly Close\\*\nExchange closes at 14:05 (CE""]}],""confidence"":""medium""}"
Euronext Lisbon,"Euronext Lisbon is the Lisbon derivatives exchange of the Euronext group, providing cash and derivatives trading with a published 2025 holiday calendar on the Euronext website.",https://www.euronext.com/en/trading/trading-hours-holidays,no product specific settings,"{""field"":""PRODUCT_HOLIDAY_CHECK"",""reasoning"":""The holiday calendar information applies uniformly to cash and derivatives markets and does not mention any specific products that continue trading on holidays, so no product‑specific settings are provided."",""citations"":[{""url"":""https://www.euronext.com/en/trading/trading-hours-holidays"",""title"":""Euronext Trading Hours & Holidays"",""excerpts"":[""|Thursday 1 January 2026 (New Year’s Day) |Closed |Closed |Closed |Closed |Closed |Closed |Closed |""]},{""url"":""https://connect2.euronext.com/sites/default/files/2025-11/IF251107CADE%202026%20Holiday%20Calendar%20for%20Euronexts%20Cash%20and%20Derivatives%20markets_1.pdf?VersionId=3ehe2.c9cMxv1K36.i6o4tz.5CAJmuw2"",""title"":""Fetched web page"",""excerpts"":[""The 2026 holiday calendar for Euronext’s Cash and Derivatives markets is detailed\nbelow.""]}],""confidence"":""high""}",,"{""field"":""derivatives_exchange_check"",""reasoning"":""The Lisbon market page lists a \""Derivatives\"" section, indicating Euronext Lisbon offers derivative products and is therefore a derivatives exchange."",""citations"":[{""url"":""https://live.euronext.com/en/markets/lisbon"",""title"":""Euronext Lisbon | live"",""excerpts"":[""* [Derivatives](/en/markets/lisbon/index-derivatives/futures/list)""]},{""url"":""https://www.euronext.com/en/trading/trading-hours-holidays"",""title"":""Euronext Trading Hours & Holidays"",""excerpts"":[""The Euronext Cash Markets and the Euronext Derivatives Markets will be open Monday to Friday throughout 2026 except on the following days:""]},{""url"":""https://connect2.euronext.com/sites/default/files/2025-11/IF251107CADE%202026%20Holiday%20Calendar%20for%20Euronexts%20Cash%20and%20Derivatives%20markets_1.pdf?VersionId=3ehe2.c9cMxv1K36.i6o4tz.5CAJmuw2"",""title"":""Fetched web page"",""excerpts"":[""The Euronext Cash Markets and the Euronext Derivatives Markets will be open Monday\nto Friday throughout 2026 except on the following days:"","" The Euronext Markets comprise the markets operated by Borsa Italiana,\nEuronext Amsterdam, Euronext Brussels, Euronext Dublin, Euronext Lisbon, Euronext Paris and Oslo Børs, referred to\nrespectively as the Milan, Amsterdam, Brussels, Dublin, Lisbon, Paris and Oslo markets, as relevant.""]}],""confidence"":""medium""}",2026-01-01 New Year’s Day: Closed; 2026-01-02 Substitute for New Year's Day: Full Trading Day; 2026-01-05 Full Trading Day; 2026-01-06 Full Trading Day; 2026-04-01 Wednesday before Easter: Full Trading Day; 2026-04-02 Maundy Thursday: Full Trading Day; 2026-04-03 Good Friday: Closed; 2026-04-06 Easter Monday: Closed; 2026-05-01 Labour Day: Closed; 2026-05-04 Irish May Bank Holiday: Full Trading Day; 2026-05-14 Ascension Day: Full Trading Day; 2026-05-25 Whit Monday: Full Trading Day; 2026-06-01 Full Trading Day; 2026-06-02 Full Trading Day; August 2026 (Milan – All business days): Full Trading Day; 2026-12-07 Full Trading Day; 2026-12-08 Full Trading Day; 2026-12-21 to 2026-12-23 Full Trading Day; 2026-12-24 Half Trading Day; 2026-12-25 Christmas: Closed; 2026-12-28 Substitute for St Stephen’s Day / Boxing Day: Full Trading Day; 2026-12-28 to 2026-12-30 Full Trading Day; 2026-12-31 Half Trading Day; Calendar URLs: https://www.euronext.com/en/trading/trading-hours-holidays,"{""field"":""holiday_calendar_check"",""reasoning"":""The Euronext Trading Hours & Holidays page provides the 2026 holiday calendar for Lisbon, listing each holiday with its date and market status. The page also links to the full PDF calendar, giving a complete set of holidays and their dates."",""citations"":[{""url"":""https://www.euronext.com/en/trading/trading-hours-holidays"",""title"":""Euronext Trading Hours & Holidays"",""excerpts"":[""[Download 2026 Holiday Calendar for Euronext's Cash and Derivatives markets](https://connect2.euronext.com/sites/default/files/2025-11/IF251107CADE%202026%20Holiday%20Calendar%20for%20Euronexts%20Cash%20and%20Derivatives%20markets_1.pdf?VersionId=3ehe2.c9cMxv1K36.i6o4tz.5CAJmuw2)"",""|Thursday 1 January 2026 (New Year’s Day) |Closed |Closed |Closed |Closed |Closed |Closed |Closed |"",""|Monday 5 and Tuesday 6 January 2026 |Full Trading Day |Full Trading Day |Full Trading Day |Full Trading Day |**\\*No TAH** |Full Trading Day |Full Trading Day |""]},{""url"":""https://connect2.euronext.com/sites/default/files/2025-11/IF251107CADE%202026%20Holiday%20Calendar%20for%20Euronexts%20Cash%20and%20Derivatives%20markets_1.pdf?VersionId=3ehe2.c9cMxv1K36.i6o4tz.5CAJmuw2"",""title"":""Fetched web page"",""excerpts"":[""*\n**Paris**\nThursday 1 January\n2026 (New Year’s\nDay)\nClosed\nClosed\nClosed\nClosed\nClosed\nClosed\nClosed\nFriday 2 January 2026\n(Substitute for New\nYear's Day)\nFull Trading\nDay"",""The 2026 holiday calendar for Euronext’s Cash and Derivatives markets is detailed\nbelow."",""*\n**Lisbon** **Milan**\n**Oslo**\n**Paris**\nThursday 1 January\n2026 (New Year’s\nDay)\nClosed"",""Full\nTrading\nDay\nFull\nTrading\nDay\nWednesday 1 April\n(Half trading day,\nWednesday before\nEaster)\nFull Trading\nDay\nFull Trading\nDay\nFull\nTrading\nDay\nFull\nTrading\nDay\nFull"",""ing\nDay\n**\\*No**\n**TAH**\nClosed\nFull\nTrading\nDay\nFriday 3 April 2026\n(Good Friday)"",""\nClosed\nClosed\nClosed\nClosed\nClosed\nClosed\nClosed\nMonday 6 April\n2026 (Easter\nMonday"",""*\nClosed\nClosed\n**\\*\\*Half**\n**Trading**\n**Day**\nFriday 25\nDecember 2026\n(Christmas)"",""https://www.euronext.com/en/trade/trading-hours-holidays"",""https://connect2.euronext.com/resources/trading-hours-holidays""]}],""confidence"":""medium""}"
MIAX Futures,"MIAX Futures is a U.S. derivatives exchange that operates as a Designated Contract Market (DCM) and Derivatives Clearing Organization (DCO). It publishes a detailed holiday trading calendar listing U.S. holidays such as New Year’s Day, Martin Luther King Jr. Day, Good Friday, Memorial Day, Juneteenth, Independence Day, Labor Day, Thanksgiving and Christmas. The calendar also notes that certain futures products may continue to trade on specific holidays, as indicated in the schedule.",https://www.miaxglobal.com/markets/futures/miax-futures/trade-hours-calendar,no product specific settings,"{""field"":""PRODUCT_HOLIDAY_CHECK"",""reasoning"":""The Onyx 2025 Holiday Trading Schedule indicates Wheat Futures and Options on Futures are closed for trading on all listed holidays, so no products are specified to continue trading."",""citations"":[{""url"":""https://www.miaxglobal.com/markets/futures/miax-futures/trade-hours-calendar"",""title"":""Fetched web page"",""excerpts"":[""View the Trading Schedule for MIAX Futures Onyx Holidays.""]},{""url"":""https://www.miaxglobal.com/miax_futures_onyx_2025_holiday_trading_schedule.pdf"",""title"":""Fetched web page"",""excerpts"":[""End: N/A Closed\nRecycle Period Start: N/A Closed\nRecycle Period End: Unchanged\nLOW Start: Unchanged\nExtended 1: Unchanged\nSecond Pre-Open: Unchanged\nRegular: Unchanged\nClose: Unchanged\nLOW End: Unchanged\nRecycle Period Start: Unchanged\nRecycle Period End: Unchanged\nMIAX Futures Onyx\nTrading Schedule and 2025 Holiday Handling\nDocument Version: 1.4\n\nLast Revision Date: 09/29/2025\n7\n**5\\. Good Friday**\n**Product Name**\n**4/16/25** **–** **4/17/25**\n**4/17/25** **–** **4/18/25**""]}],""confidence"":""medium""}",,"{""field"":""derivatives_exchange_check"",""reasoning"":""The source states that MIAX Futures Exchange offers access to futures products as a Designated Contract Market (DCM) and Derivatives Clearing Organization (DCO), confirming it is a derivatives exchange."",""citations"":[{""url"":""https://www.miaxglobal.com/markets/futures/miax-futures/trade-hours-calendar"",""title"":""Fetched web page"",""excerpts"":[""MIAX Futures Exchange offers access to futures products as a Designated Contract Market (DCM) and Derivatives Clearing Organization (DCO).""]},{""url"":""https://www.miaxglobal.com/miax_futures_onyx_2025_holiday_trading_schedule.pdf"",""title"":""Fetched web page"",""excerpts"":[""**MIAX Futures Onyx**""]}],""confidence"":""medium""}",New Year's Day: 2025-01-01; Martin Luther King Jr. Day: 2025-01-20; Washington's Birthday: 2025-02-17; Good Friday: 2025-04-18; Memorial Day: 2025-05-26; Juneteenth National Independence Day: 2025-06-19; Independence Day: 2025-07-04; Labor Day: 2025-09-01; Thanksgiving Day: 2025-11-27; Christmas: 2025-12-25; Calendar URL: https://www.miaxglobal.com/markets/futures/miax-futures/trade-hours-calendar,"{""field"":""holiday_calendar_check"",""reasoning"":""The trade‑hours calendar lists the 2025 holidays with exact dates and provides the calendar URL, fulfilling the requirement for a holiday calendar."",""citations"":[{""url"":""https://www.miaxglobal.com/markets/futures/miax-futures/trade-hours-calendar"",""title"":""Fetched web page"",""excerpts"":[""| HOLIDAY | 2025 | 2026 |"",""| New Year’s Day | Wednesday, January 1st | Thursday, January 1st |"",""| Martin Luther King Jr. Day | Monday, January 20th | Monday, January 19th |"",""| Washington’s Birthday | Monday, February 17th | Monday, February 16th |"",""| Good Friday | Friday, April 18th | Friday, April 3rd |"",""| Memorial Day | Monday, May 26th | Monday, May 25th |"",""| Juneteenth National Independence Day | Thursday, June 19th | Friday, June 19th |"",""| Independence Day | Friday, July 4th | Friday, July 3rd |"",""| Labor Day | Monday, September 1st | Monday, September 7th |"",""| Thanksgiving Day | Thursday, November 27th | Thursday, November 26th |"",""| Christmas | Thursday, December 25th | Friday, December 25th |""]},{""url"":""https://www.miaxglobal.com/miax_futures_onyx_2025_holiday_trading_schedule.pdf"",""title"":""Fetched web page"",""excerpts"":[""**2\\. New Year** **’** **s Day**\n**Product Name**\n**12/30/25** **–** **12/31/25**\n**12/31/25** **–** **1/1/26**\n**1/1/26** **–** **1/2/26**"",""**3\\. Dr. Martin Luther King, Jr. Day**\n**Product Name**\n**1/19/25** **–** **1/20/25**\n**1/20/25** **–** **1/21/25**"",""**4\\.** **President’s Day**\n**Product Name**\n**2/16/25** **–** **2/17/25**\n**2/17/25** **–** **2/18/25**"",""**5\\. Good Friday**\n**Product Name**\n**4/16/25** **–** **4/17/25**\n**4/17/25** **–** **4/18/25**"",""**6\\. Memorial Day**\n**Product Name**\n**5/25/25** **–** **5/26/25**\n**5/26/25** **–** **5/27/25**"",""**7\\. Juneteenth**\n**Product Name**\n**6/17/25** **–** **6/18/25**\n**6/18/25** **–** **6/19/25**"",""**8\\. Independence Day**\n**Product Name**\n**7/2/25** **–** **7/3/25**\n**7/3/25** **–** **7/4/25**"",""**9\\. Labor Day**\n**Product Name**\n**8/31/25** **–** **9/1/25**\n**9/1/25** **–** **9/2/25**"",""**10\\. Thanksgiving**\n**Product Name**\n**11/25/25** **–** **11/26/25**\n**11/26/25** **–** **11/27/25**\n**11/27/25** **–** **11/28/25**"",""**11\\. Christmas**\n**Product Name**\n**12/23/25** **–** **12/24/25**\n**12/24/25** **–** **12/25/25**\n**12/25/25** **–** **12/26/25**""]}],""confidence"":""high""}"
NYSE American Options Holiday Calendar,"The NYSE American Options Holiday Calendar enumerates U.S. holidays observed for NYSE American Options trading (New Year’s Day, Martin Luther King Jr. Day, Washington’s Birthday, Good Friday, Memorial Day, Juneteenth, Independence Day, Labor Day, Thanksgiving, Christmas) and identifies products that retain extended trading hours on those days: ETF Exceptions (until 4:15 p.m. ET), Index Exceptions (MNX, NDX until 4:15 p.m. ET), and ETN Options (GAZ, OIL, VXX, VXZ until 4:15 p.m. ET).",http://www.theocc.com/about/publications/expiration-calendar.jsp,"July 3, 2025: Eligible Options; November 28, 2025: Eligible Options; December 24, 2025: Eligible Options","{""field"":""PRODUCT_HOLIDAY_CHECK"",""reasoning"":""The source specifies early‑close days (July 3, November 28, December 24, 2025) where eligible options continue trading until 1:15 p.m. ET, indicating those products remain active on those holidays."",""citations"":[{""url"":""https://www.optionseducation.org/referencelibrary/expiration-calendar"",""title"":""Options Expiration Calendar"",""excerpts"":[""Exchange/ OCC holiday Nov. Weekly product expirations occur on Mondays, Wednesdays and Fridays. 1/1, 1/15, 2/19, 3/29, 5/27, 6/19, 9/2, and 12/25. Additional ... In 2025, products with expirations on the following OCC holidays will have their expirations moved to the preceding or following OCC business day: 4/18 and 6/19 ...""]},{""url"":""https://www.nyse.com/markets/hours-calendars"",""title"":""Holidays and Trading Hours - NYSE"",""excerpts"":[""\\* Each market will close early at 1:00 p.m. (1:15 p.m. for eligible options) on Thursday, July 3, 2025.\neligible options\n"",""\\*\\* Each market will close early at 1:00 p.m. (1:15 p.m. for eligible options) on Friday, November 28, 2025, Friday, November 27, 2026, and Friday, November 26, 2027 (the day after Thanksgiving). NYSE American Equities, NYSE Arca Equities, NYSE National, and NYSE Texas late trading sessions will close at 5:00 p.m. All times are Eastern Time."",""\\*\\*\\* Each market will close early at 1:00 p.m. (1:15 p.m. for eligible options) on Wednesday, December 24, 2025, and Thursday, December 24, 2026. NYSE American Equities, NYSE Arca Equities, NYSE National, and NYSE Texas late trading sessions will close at 5:00 p.m. All times are Eastern Time.""]},{""url"":""https://ir.theice.com/press/news-details/2024/NYSE-Group-Announces-2025-2026-and-2027-Holiday-and-Early-Closings-Calendar/default.aspx"",""title"":""NYSE Group Announces 2025, 2026 and 2027 Holiday and Early ..."",""excerpts"":[""\\* Each market will close early at 1:00 p.m. (1:15 p.m. for eligible options) on Thursday, July 3, 2025. Crossing Session orders will be accepted beginning at 1:00 p.m. for continuous executions until 1:30 p.m. on these dates, and NYSE American Equities, NYSE Arca Equities, NYSE Chicago, and NYSE National late trading sessions will close at 5:00 p.m. All times are Eastern Time."",""\\*\\* Each market will close early at 1:00 p.m. (1:15 p.m. for eligible options) on Friday, November 28, 2025, Friday, November 27, 2026, and Friday, November 26, 2027 (the day after Thanksgiving). Crossing Session orders will be accepted beginning at 1:00 p.m. for continuous executions until 1:30 p.m. on these dates, and NYSE American Equities, NYSE Arca Equities, NYSE Chicago, and NYSE National late trading sessions will close at 5:00 p.m. All times are Eastern Time."",""\\*\\*\\* Each market will close early at 1:00 p.m. (1:15 p.m. for eligible options) on Wednesday, December 24, 2025, and Thursday, December 24, 2026. Crossing Session orders will be accepted beginning at 1:00 p.m. for continuous executions until 1:30 p.m. on these dates, and NYSE American Equities, NYSE Arca Equities, NYSE Chicago, and NYSE National late trading sessions will close at 5:00 p.m. All times are Eastern Time.""]}],""confidence"":""medium""}",,"{""field"":""derivatives_exchange_check"",""reasoning"":""The entity described is NYSE American Options, which is an options market and therefore a derivatives exchange."",""citations"":[{""url"":""https://www.nyse.com/markets/american-options/market-info"",""title"":""NYSE American Options Market Information"",""excerpts"":[""Trading Calendar & Hours. Options Clearing Corporation Expiration Calendar · View Holidays and Holiday Hours ... 2025 Intercontinental Exchange, Inc ... Trading Calendar & Hours. Options Clearing Corporation Expiration Calendar · View Holidays and Holiday Hours. Equity Options, 9:30 a.m. ET - 4:00 p.m. ET. Index ...""]},{""url"":""https://www.nyse.com/markets/american-options"",""title"":""NYSE American Options"",""excerpts"":[""System Status: Normal. See Details. NYSE American Options Market Resources. Market Status · Trader Update · Subscriptions · Holidays & Hours · Order Types.""]},{""url"":""https://www.nyse.com/markets/hours-calendars"",""title"":""Holidays and Trading Hours - NYSE"",""excerpts"":[""Section Title: Holidays & Trading Hours > NYSE American Options"",""[Options Clearing Corporation Expiration Calendar](http://www.theocc.com/about/publications/expiration-calendar.jsp)""]},{""url"":""https://ir.theice.com/press/news-details/2024/NYSE-Group-Announces-2025-2026-and-2027-Holiday-and-Early-Closings-Calendar/default.aspx"",""title"":""NYSE Group Announces 2025, 2026 and 2027 Holiday and Early ..."",""excerpts"":[""NYSE Group, part of Intercontinental Exchange, Inc. (NYSE: ICE), a leading global provider of technology and data, today announced the 2027 holiday calendar and early closing dates for its cash equity markets: New York Stock Exchange, NYSE American Equities, NYSE Arca Equities, NYSE Chicago and NYSE National, as well as the NYSE American Options, NYSE Arca Options and NYSE Bonds markets.""]},{""url"":""https://www.nasdaqtrader.com/trader.aspx?id=calendar"",""title"":""Fetched web page"",""excerpts"":[""Section Title: U.S. Equity and Options Markets Holiday Schedule 2025""]}],""confidence"":""medium""}","New Year's Day: 2025-01-01; Martin Luther King, Jr. Day: 2025-01-20; Washington's Birthday: 2025-02-17; Good Friday: 2025-04-18; Memorial Day: 2025-05-26; Juneteenth National Independence Day: 2025-06-19; Independence Day: 2025-07-04; Labor Day: 2025-09-01; Thanksgiving Day: 2025-11-27; Christmas Day: 2025-12-25; URLs: https://www.nyse.com/markets/hours-calendars; http://www.theocc.com/about/publications/expiration-calendar.jsp","{""field"":""holiday_calendar_check"",""reasoning"":""The answer lists the 2025 holidays observed by NYSE American Options with dates and provides the calendar URLs, satisfying the requirement for a holiday calendar."",""citations"":[{""url"":""https://www.nyse.com/markets/american-options/market-info"",""title"":""NYSE American Options Market Information"",""excerpts"":[""Trading Calendar & Hours. Options Clearing Corporation Expiration Calendar · View Holidays and Holiday Hours ... 2025 Intercontinental Exchange, Inc ... Trading Calendar & Hours. Options Clearing Corporation Expiration Calendar · View Holidays and Holiday Hours. Equity Options, 9:30 a.m. ET - 4:00 p.m. ET. Index ...""]},{""url"":""https://www.optionseducation.org/referencelibrary/expiration-calendar"",""title"":""Options Expiration Calendar"",""excerpts"":[""Exchange/ OCC holiday Nov. Weekly product expirations occur on Mondays, Wednesdays and Fridays. 1/1, 1/15, 2/19, 3/29, 5/27, 6/19, 9/2, and 12/25. Additional ... In 2025, products with expirations on the following OCC holidays will have their expirations moved to the preceding or following OCC business day: 4/18 and 6/19 ...""]},{""url"":""https://www.nyse.com/publicdocs/ICE_NYSE_2025_Yearly_Trading_Calendar.pdf"",""title"":""[PDF] 2025 trading calendar | nyse"",""excerpts"":[""Bank Holidays where NYSE is open. FX and interest rate markets are closed. S&P Rebalance updates released after market close on first Friday of the month in Mar ...""]},{""url"":""https://www.nasdaq.com/market-activity/stock-market-holiday-schedule"",""title"":""US Stock Market Holiday Schedule - Nasdaq"",""excerpts"":[""Holiday, Date, Market Status. New Year's Day, January 1, Closed. MLK, Jr. Day, January 20, Closed. Presidents Day, February 17, Closed.""]},{""url"":""https://www.tradeweb.com/who-we-are/trading-calendar/"",""title"":""Trading Calendar"",""excerpts"":[""Memorial Day (U.S.)/Spring Bank Holiday (UK) Monday, May 26, 2025. U.S. Products, Closed. LATAM IRS, Open. Canadian Products (including CAD IRS), Open. UK ... Tradeweb observes the holidays below and will remind clients when the Market will be closed or will close early. Holiday. Date. New Year's Day Wednesday, ...""]},{""url"":""https://www.nyse.com/markets/hours-calendars"",""title"":""Holidays and Trading Hours - NYSE"",""excerpts"":[""#### All NYSE markets observe U.S. holidays as listed below for 2025, 2026, and 2027."",""| Holiday | 2025 | 2026 | 2027 |"",""| New Year’s Day | Wednesday, January 1 | Thursday, January 1 | Friday, January 1 |"",""| Martin Luther King, Jr. Day | Monday, January 20 | Monday, January 19 | Monday, January 18 |"",""| Washington's Birthday | Monday, February 17 | Monday, February 16 | Monday, February 15 |"",""| Good Friday | Friday, April 18 | Friday, April 3 | Friday, March 26 |"",""| Memorial Day | Monday, May 26 | Monday, May 25 | Monday, May 31 |"",""| Juneteenth National Independence Day | Thursday, June 19 | Friday, June 19 | Friday, June 18 (Juneteenth National Independence Day observed) |"",""| Independence Day | Friday, July 4\\* | Friday, July 3 (Independence Day observed) | Monday, July 5 (Independence Day observed) |"",""| Labor Day | Monday, September 1 | Monday, September 7 | Monday, September 6 |"",""| Thanksgiving Day | Thursday, November 27\\*\\* | Thursday, November 26\\*\\* | Thursday, November 25\\*\\* |"",""| Christmas Day | Thursday, December 25\\*\\*\\* | Friday, December 25\\*\\*\\* | Friday, December 24 (Christmas Day observed) |"",""\\* Each market will close early at 1:00 p.m. (1:15 p.m. for eligible options) on Thursday, July 3, 2025. NYSE American Equities, NYSE Arca Equities, NYSE National, and NYSE Texas late trading sessions will close at 5:00 p.m. All times are Eastern Time."",""\\*\\* Each market will close early at 1:00 p.m. (1:15 p.m. for eligible options) on Friday, November 28, 2025, Friday, November 27, 2026, and Friday, November 26, 2027 (the day after Thanksgiving). NYSE American Equities, NYSE Arca Equities, NYSE National, and NYSE Texas late trading sessions will close at 5:00 p.m. All times are Eastern Time."",""\\*\\*\\* Each market will close early at 1:00 p.m. (1:15 p.m. for eligible options) on Wednesday, December 24, 2025, and Thursday, December 24, 2026. NYSE American Equities, NYSE Arca Equities, NYSE National, and NYSE Texas late trading sessions will close at 5:00 p.m. All times are Eastern Time."",""[Options Clearing Corporation Expiration Calendar](http://www.theocc.com/about/publications/expiration-calendar.jsp)"",""[Trading Days](https://www.nyse.com/publicdocs/Trading_Days.pdf)""]},{""url"":""https://www.nasdaqtrader.com/trader.aspx?id=calendar"",""title"":""U.S. Equity and Options Markets Holiday Schedule 2025"",""excerpts"":[""|2025 |Holiday |Status |\n| --- | --- | --- |\n|January 1, 2025 |New Years Day (Observed) |Closed |\n|January 20, 2025 |Martin Luther King, Jr. Day |Closed |\n|February 17, 2025 |President's Day - U.S. |Closed |\n|April 18, 2025 |Good Friday |Closed |\n|May 26, 2025 |Memorial Day - U.S. |Closed |\n|June 19, 2025 |Juneteenth Holiday (Observed) |Closed |\n|July 3, 2025 |Early Close\\* - U.S. |1:00 p.m. |\n|July 4, 2025 |Independence Day - U.S. (Observed) |Closed |\n|September 1, 2025 |Labor Day - U.S. |Closed |\n|November 27, 2025 |Thanksgiving Day - U.S. |Closed |\n|November 28, 2025 |Early Close\\* - U.S. |1:00 p.m. |\n|December 24, 2025 |Early Close\\* - U.S. |1:00 p.m. |\n|December 25, 2025 |Christmas Holiday - U.S. |Closed |"",""| January 1, 2025 | New Years Day (Observed) | Closed |"",""| January 20, 2025 | Martin Luther King, Jr. Day | Closed |"",""| February 17, 2025 | President's Day - U.S. | Closed |"",""| April 18, 2025 | Good Friday | Closed |"",""| May 26, 2025 | Memorial Day - U.S. | Closed |"",""| June 19, 2025 | Juneteenth Holiday (Observed) | Closed |"",""| July 3, 2025 | Early Close\\* - U.S. | 1:00 p.m. |"",""| July 4, 2025 | Independence Day - U.S. (Observed) | Closed |"",""| September 1, 2025 | Labor Day - U.S. | Closed |"",""| November 27, 2025 | Thanksgiving Day - U.S. | Closed |"",""| November 28, 2025 | Early Close\\* - U.S. | 1:00 p.m. |"",""| December 24, 2025 | Early Close\\* - U.S. | 1:00 p.m. |"",""| December 25, 2025 | Christmas Holiday - U.S. | Closed |""]},{""url"":""https://ir.theice.com/press/news-details/2024/NYSE-Group-Announces-2025-2026-and-2027-Holiday-and-Early-Closings-Calendar/default.aspx"",""title"":""NYSE Group Announces 2025, 2026 and 2027 Holiday and Early ..."",""excerpts"":[""|**HOLIDAY** |**2025** |**2026** |**2027** |"",""| --- | --- | --- | --- "",""| **New Year’s Day** | Wednesday, January 1 | Thursday, January 1 | Friday, January 1 |"",""| **Martin Luther King, Jr. Day** | Monday, January 20 | Monday, January 19 | Monday, January 18 |"",""| **Washington's Birthday** | Monday, February 17 | Monday, February 16 | Monday, February 15 |"",""| **Good Friday** | Friday, April 18 | Friday, April 3 | Friday, March 26 |"",""| **Memorial Day** | Monday, May 26 | Monday, May 25 | Monday, May 31 |"",""|**Juneteenth National  \nIndependence Day** |Thursday, June 19 |Friday, June 19 |Friday, June 18 (Juneteenth National Independence Day observed) |"",""| **Independence Day** | Friday, July 4\\* | Friday, July 3 (Independence Day observed) | Monday, July 5 (Independence Day observed) |"",""| **Labor Day** | Monday, September 1 | Monday, September 7 | Monday, September 6 |"",""| **Thanksgiving Day** | Thursday, November 27\\*\\* | Thursday, November 26\\*\\* | Thursday, November 25\\*\\* |"",""| **Christmas Day** | Thursday, December 25\\*\\*\\* | Friday, December 25\\*\\*\\* | Friday, December 24 (Christmas Day observed) |"",""NYSE Group Markets holidays and hours can be found at: <https://www.nyse.com/markets/hours-calendars> .""]}],""confidence"":""high""}"
"Holidays: New Year's Day, Lunar New Year, Peace Memorial Day, Children's Day, Tomb-Sweeping Day, Labor Day, Dragon Boat Festival, Mid-Autumn Festival, National Day. Products trading on holidays: Generally closed","The holidays include New Year's Day, Lunar New Year, Peace Memorial Day, Children's Day, Tomb-Sweeping Day, Labor Day, Dragon Boat Festival, Mid-Autumn Festival, and National Day. Products are generally closed on these holidays.",,no product specific settings,"{""field"":""PRODUCT_HOLIDAY_CHECK"",""reasoning"":""The document states that the exchange will not open for trading, clearing, or settlement on any of the listed holidays, indicating that no products continue to trade on those days."",""citations"":[{""url"":""https://www.taifex.com.tw/file/taifex/eng/eng11/TAIFEX%20Holiday%20Schedule%202025(1).pdf"",""title"":""[PDF] Taiwan Futures Exchange - 2025 Holiday Schedule"",""excerpts"":[""Taiwan Futures Exchange\n\n2025 Holiday Schedule""]}],""confidence"":""high""}",,"{""field"":""derivatives_exchange_check"",""reasoning"":""The provided information describes the Taiwan Futures Exchange (TAIFEX) and its 2025 holiday schedule. TAIFEX is explicitly identified as a futures exchange, which is a type of derivatives exchange."",""citations"":[{""url"":""https://globalexchanges.com/taiwan-taifex-publishes-revised-holiday-schedule/142459/"",""title"":""TAIFEX Publishes Revised Holiday Schedule - Global Exchanges"",""excerpts"":[""Teacher's Day, September 28. September 29, Sunday Monday ; Mid-autumn Festival, October 6, Monday ; National Day (Double Tenth Day), October 10, Friday ; Taiwan ... On 15th July 2025, Taiwan Futures Exchange (TAIFEX) published the 2025 revised holiday schedule as follows: Holiday Name, Date, Day, Note.""]},{""url"":""https://www.taifex.com.tw/enl/eng2/tJF"",""title"":""TAIWAN FUTURES EXCHANGE-Products-Equity Index Futures ..."",""excerpts"":[""The trading of single stock futures CDF and QFF is halted from 6:25 pm on 2025/11/11 until the close of night session (5:00 am on 2025/11/12) because the ...""]},{""url"":""https://www.taifex.com.tw/file/taifex/eng/eng11/TAIFEX%20Holiday%20Schedule%202025(1).pdf"",""title"":""[PDF] Taiwan Futures Exchange - 2025 Holiday Schedule"",""excerpts"":[""Taiwan Futures Exchange""]}],""confidence"":""medium""}","New Year: 2025-01-01; Chinese New Year's Eve: 2025-01-27, 2025-01-28; Chinese New Year: 2025-01-29 to 2025-01-31; Peace Memorial Day: 2025-02-28; Children's Day & Tomb Sweeping Day: 2025-04-03, 2025-04-04; Labor Day: 2025-05-01; Dragon Boat Festival: 2025-05-30; Mid-autumn Festival: 2025-10-06; National Day: 2025-10-10; Calendar URL: https://www.taifex.com.tw/file/taifex/eng/eng11/TAIFEX%20Holiday%20Schedule%202025(1).pdf","{""field"":""holiday_calendar_check"",""reasoning"":""The source lists the specific holidays observed by TAIFEX in 2025 with their dates. These dates are extracted and compiled into a holiday calendar along with the URL to the official schedule."",""citations"":[{""url"":""https://globalexchanges.com/taiwan-taifex-publishes-revised-holiday-schedule/142459/"",""title"":""TAIWAN: TAIFEX Publishes Revised Holiday Schedule"",""excerpts"":[""Teacher's Day, September 28. September 29, Sunday Monday ; Mid-autumn Festival, October 6, Monday ; National Day (Double Tenth Day), October 10, Friday ; Taiwan ... On 15th July 2025, Taiwan Futures Exchange (TAIFEX) published the 2025 revised holiday schedule as follows: Holiday Name, Date, Day, Note.""]},{""url"":""https://www.kgif.com.tw/en/margin-inquiry-and-calendar/holiday-view"",""title"":""Holiday View - 凱基期貨"",""excerpts"":[""Holiday View\nDate\nDay\nHoliday\n2025/1/27~1/31\nMon.~Fri.\nChinese New Year (2/8 Work day, TAIFEX Closed)\n2025/2/28\nFri.\nPeace Memorial Day\n2025/4/3-4/4\nThu.~Fri.\nChildren's Day and Qingming Festival\n2025/5/1\nThu.\nLabor Day""]},{""url"":""https://www.taifex.com.tw/file/taifex/eng/eng11/TAIFEX%20Holiday%20Schedule%202025(1).pdf"",""title"":""[PDF] Taiwan Futures Exchange - 2025 Holiday Schedule"",""excerpts"":[""New Year\nJanuary 1\nWednesday"",""Chinese New Year’s\n\nEve\n\nJanuary 27\n\nJanuary 2"",""Chinese New Year\nJanuary 29\nJanuary 30\nJanuary 31\nWednesday\nThursday\nFriday"",""Peace Memorial Day\nFebruary 28\nFriday"",""Children's Day\n\nTomb sweeping Day\n\nApril 3\n\nApril 4"",""Labor Day\nMay 1\nThursday"",""Dragon Boat Festival\n\nMay 30\n\nMay 31"",""Mid-autumn Festival\nOctober 6\nMonday"",""National Day\n\n(Double Tenth Day)\n\nOctober 10"","" Year’s\nEve\nJanuary 27\nJanuary 28\nMonday"",""\nTomb sweeping Day\nApril 3\nApril""]}],""confidence"":""medium""}"
Australian Securities Exchange (ASX) Derivatives – ASX 24,"Australian Securities Exchange (ASX) Derivatives – ASX 24 is the primary derivatives market in Australia. It publishes a holiday calendar that lists domestic and international public holidays when trading on ASX 24 is closed, and notes that certain products may continue trading on specific holidays.",https://www.asx.com.au/markets/market-resources/asx-24-trading-calendar,no product specific settings,"{""field"":""PRODUCT_HOLIDAY_CHECK"",""reasoning"":""The source only describes session closures and general trading hours for holidays but does not specify particular products that continue trading; therefore no product-specific settings are provided."",""citations"":[{""url"":""https://www.asx.com.au/markets/market-resources/asx-24-trading-calendar"",""title"":""ASX 24 Trading Calendar"",""excerpts"":[""The Three and Ten Year Commonwealth Government Bond ONOs will not be available for trading on the night session on the dates detailed below due to the unavailability of the following day session to calculate a settlement price with integrity."",""|Friday 18 April\nGood Friday |ASX 24: Closed\nNZ ASX 24: Closed |""]},{""url"":""https://asxonline.com/content/dam/asxonline/public/notices/2024/august/asx-trade-2025-attach.pdf"",""title"":""[PDF] PUBLIC HOLIDAY - ASX Online"",""excerpts"":[""ASX public holidays in 2025 are: Jan 1, Jan 27, Apr 18, Apr 21, Apr 25, Jun 9, Dec 24 (close early), Dec 25, Dec 26."",""**No Settlement**""]}],""confidence"":""high""}",,"{""field"":""derivatives_exchange_check"",""reasoning"":""The entity description explicitly states that ASX 24 is a derivatives exchange, confirming it matches the required entity type."",""citations"":[{""url"":""https://asxonline.com/content/dam/asxonline/public/notices/2023/august/asx-trade-2024-calendar.pdf"",""title"":""[PDF] ASX Trade 2024 Calendar"",""excerpts"":[""PUBLIC HOLIDAY. DATES FOR 2024. TRADING DAY1. SETTLEMENT ACTIVITY –. ASX Settlement (CHESS). SETTLEMENT ACTIVITY –. ASX Clear (Derivatives). BUSINESS DAY2. New ...""]},{""url"":""https://www.asx.com.au/markets/market-resources/asx-24-trading-calendar"",""title"":""ASX 24 Trading Calendar"",""excerpts"":[""The following details Trading hours as they relate to the ASX 24 markets during domestic and international public holidays.""]},{""url"":""https://asxonline.com/content/dam/asxonline/public/notices/2024/august/asx-trade-2025-attach.pdf"",""title"":""Fetched web page"",""excerpts"":[""**ASX Clear (Derivatives)**""]}],""confidence"":""medium""}","Calendar URLs: https://www.asx.com.au/markets/market-resources/asx-24-trading-calendar, https://asxonline.com/content/dam/asxonline/public/notices/2024/august/asx-trade-2025-attach.pdf, https://asxonline.com/content/dam/asxonline/public/notices/2023/august/asx-trade-2024-calendar.pdf; Holidays 2025: New Year's Day: 2025-01-01, Australia Day: 2025-01-27, Good Friday: 2025-04-18, Easter Monday: 2025-04-21, ANZAC Day: 2025-04-25, King's Birthday: 2025-06-09, Last Business Day before Christmas Day: 2025-12-24, Christmas Day: 2025-12-25, Boxing Day: 2025-12-26, Last Business Day of the Year: 2025-12-31","{""field"":""holiday_calendar_check"",""reasoning"":""The provided trading calendar URLs list the 2025 public holidays with dates and indicate the exchange’s holiday schedule, satisfying the requirement for a holiday calendar."",""citations"":[{""url"":""https://asxonline.com/content/dam/asxonline/public/notices/2024/august/asx-trade-2025-attach.pdf"",""title"":""[PDF] PUBLIC HOLIDAY - ASX Online"",""excerpts"":[""New Year’s Day\nWednesday 1 January\nAustralia Day\nMonday 27 January\nGood Friday\nFriday 18 April\nEaster Monday\nMonday 21 April\nANZAC Day\nFriday 25 April\nKing ’s Birthday\nMonday 9 June\nLast Business day before\nChristmas Day\nWednesday 24 December\nChristmas Day\nThursday 25 December\nBoxing Day\nFriday 26 December\nLast Business day of the Year\nWednesday 31 December\n""]},{""url"":""https://www.marketindex.com.au/trading-hours"",""title"":""Trading Hours (ASX & Global) - Market Index"",""excerpts"":[""ANZAC Day, Fri 25 April, CLOSED ; King's Birthday, Mon 9 June, CLOSED ; Last Day Before Christmas, Wed 24 December, EARLY CLOSE ; Christmas Day, Thur 25 December ...""]},{""url"":""https://asxonline.com/content/dam/asxonline/public/notices/2023/august/asx-trade-2024-calendar.pdf"",""title"":""[PDF] ASX Trade 2024 Calendar"",""excerpts"":[""PUBLIC HOLIDAY. DATES FOR 2024. TRADING DAY1. SETTLEMENT ACTIVITY –. ASX Settlement (CHESS). SETTLEMENT ACTIVITY –. ASX Clear (Derivatives). BUSINESS DAY2. New ..."",""Australia Day\nFriday 26 January\n**CLOSED**"",""Good Friday\nFriday 29 March\n**CLOSED**"",""Easter Monday\nMonday 1 April\n**CLOSED**"",""ANZAC Day\nThursday 25 April\n**CLOSED**"",""King ’s Birthday\nMonday 10 June\n**CLOSED**"",""Last Business day before\nChristmas Day\nTuesday 24 December\n**CLOSE EARLY**"",""Christmas Day\nWednesday 25 December\n**CLOSED**"",""Boxing Day\nThursday 26 December\n**CLOSED**"",""Last Business day of the Year\nTuesday 31 December\n**CLOSE EARLY**""]},{""url"":""https://www.asx.com.au/markets/market-resources/asx-24-trading-calendar"",""title"":""ASX 24 Trading Calendar"",""excerpts"":[""|Australian Holidays |NZ Holidays |International Holidays |"",""| --- | --- | --- |"",""\n|Australia Day |Day after New Year's Day |New Year's"",""|ANZAC Day |Waitangi Day |Good Friday |"",""|King's Birthday |ANZAC Day |Easter Monday |"",""|Wednesday 1 January\nNew Year’s Day |ASX 24: Closed\nNZ ASX 24: Closed |\n|Thursday 2 January\nDay after New Year’s Day (NZ) |ASX 24: Normal Trading Hours\nNZ ASX 24: Day Session Closed\nNZ ASX 24: Night Session Normal Trading Hours |\n|Monday 27 January\nAustralia Day holiday |ASX 24: Day Session Closed\nASX 24: Night Session Normal Trading Hours\nNZ ASX 24: Normal Trading Hours |\n|Thursday 6 February\nWaitangi Day (NZ) |ASX 24: Normal Trading Hours\nNZ ASX 24: Day Session Closed\nNZ ASX 24: Night Session Normal Trading Hours |\n|Thursday 17 April\nDay before Good Friday |ASX 24: Night Session to cease trading at midnight\nNZ ASX 24: Night Session to cease trading at midnight (Sydney Time) |\n|Friday 18 April\nGood Friday |ASX 24: Closed\nNZ ASX 24: Closed |\n|Monday 21 April\nEaster Monday |ASX 24: Closed\nNZ ASX 24: Closed |\n|\n|Friday 25 April\nANZAC Day |ASX 24: Day Session Closed\nASX 24: Night Session Normal Trading Hours\nNZ ASX 24: Day Session Closed\n|Monday 9 June\nKing’s Birthday |ASX 24: Day Session Closed\nASX 24: Night Session Normal Trading Hours\nNZ ASX 24: Normal Trading Hours |\n|Wednesday 24 December\nLast Business Day before Christmas Day |ASX 24: Equity Products to close at 2:30pm (Sydney Time)\nASX 24:\nInterest Rate, Energy and Agriculture Products to close at 12:30pm (Sydney Time)\nNZ ASX 24: Interest Rate and Energy Products to close at 10:00am (Sydney Time)\nASX 24 / NZ: Night Session Closed |\n|Thursday 25 December\nChristmas Day |ASX 24: Closed\nNZ ASX 24: Closed |\n|Friday 26 December\nBoxing Day |ASX 24: Closed\nNZ ASX 24: Closed |\n|Wednesday 31 December\nLast Business Day before\nNew Year’s Day |ASX 24: Equity Products to close at 2:30pm (Sydney Time)\nASX 24:\n""]}],""confidence"":""medium""}"
Dalian Commodity Exchange (DCE),"The Dalian Commodity Exchange (DCE) is a major Chinese derivatives exchange offering futures and options on agricultural, ferrous metallurgy, energy, and chemical products. It publishes an official holiday calendar that specifies dates when the market is closed, such as the National Day holiday (Oct 1‑8, 2025) and other Chinese holidays, with occasional weekend closures. Some product sessions (e.g., night trading) may be suspended while others remain active on partial‑holiday days.",http://www.dce.com.cn/dceg/channel/list/2726.html,no product specific settings,"{""field"":""PRODUCT_HOLIDAY_CHECK"",""reasoning"":""The excerpts indicate that the market is closed and there are no night trading sessions for any of the listed holidays, with no mention of any products continuing to trade."",""citations"":[{""url"":""http://www.dce.com.cn/dceg/"",""title"":""DCE"",""excerpts"":[""DCE History · Contact Us · News & Notices · Exchange Notices · Exchange News · Special Column · Talent Recruitment · Dalian Commodity Exchange (DCE) · DCE ...""]},{""url"":""http://www.dce.com.cn/dceg/content/2025/gg/18622769.html"",""title"":""Notice on Trading Hour Arrangements for 2025 National Day ..."",""excerpts"":[""There will be no night trading session on the night of September 30 (Tuesday).""]},{""url"":""http://www.dce.com.cn/dceg/channel/list/1061.html"",""title"":""DCE"",""excerpts"":[""The market is closed on January 1 (Wednesday), and will open as usual from January 2 (Thursday).""]}],""confidence"":""medium""}",,"{""field"":""derivatives_exchange_check"",""reasoning"":""The answer states that the Dalian Commodity Exchange (DCE) offers futures and options on a wide range of commodities, confirming it operates as a derivatives exchange."",""citations"":[{""url"":""http://www.dce.com.cn/dceg/"",""title"":""DCE"",""excerpts"":[""DCE History · Contact Us · News & Notices · Exchange Notices · Exchange News · Special Column · Talent Recruitment · Dalian Commodity Exchange (DCE) · DCE ...""]},{""url"":""http://www.dce.com.cn/dceg/content/2025/gg/18622769.html"",""title"":""Notice on Trading Hour Arrangements for 2025 National Day ..."",""excerpts"":[""[Dalian Commodity Exchange (DCE)](http://www.dce.com.cn/dceg/channel/list/2611.html)""]},{""url"":""http://www.dce.com.cn/dceg/channel/list/1061.html"",""title"":""DCE"",""excerpts"":[""Dalian Commodity Exchange (DCE) market is open from Monday through Friday 9:00 - 10:15 am, 10:30 - 11:30 am, and 13:30 - 15:00 pm Beijing Time, with night trading sessions open from 21:00 - 23:00 pm for Soybean No.1, Soybean No.2, Soybean Meal, Soybean Oil, Palm Oil, Iron Ore, Metallurgical Coke, Coking Coal, LLDPE, PVC, PP, Ethylene Glycol, Corn, Corn Starch, Ethenylbenzene, Polished Round-grained Rice, LPG, Log futures and Soybean Meal Options, Corn Options, Iron Ore Options, LPG Options, LLDPE Options, PVC Options, PP Options, Palm Oil Options, Soybean No.1 Options, Soybean No.2 Options, Soybean Oil Options, Ethenylbenzene Options, Ethylene Glycol Options, Egg Options, Corn Starch Options, Live Hog Options, Log Options.""]}],""confidence"":""medium""}",New Year's Day: 2025-01-01; Spring Festival: 2025-01-28 to 2025-02-04; Qingming Festival: 2025-04-04 to 2025-04-06; International Labor Day: 2025-05-01 to 2025-05-05; Duanwu Festival: 2025-05-31 to 2025-06-02; National Day and Mid-Autumn Festival: 2025-10-01 to 2025-10-08; Calendar URL: http://www.dce.com.cn/dceg/channel/list/1061.html,"{""field"":""holiday_calendar_check"",""reasoning"":""The provided excerpts list the 2025 holiday schedule for DCE with specific dates for each holiday and include the URL of the full calendar."",""citations"":[{""url"":""https://www.tradinghours.com/markets/dce"",""title"":""DCE Market Hours & Holidays 2025 - TradingHours.com"",""excerpts"":[""Dalian Commodity Exchange countdown, 2025 market calendar, trading hours, settlement details, and contact information. DCE is open Mon-Fri, 9:00am - 10:15am ...""]},{""url"":""https://www.market-clock.com/markets/dce/corn/"",""title"":""DCE Corn - Market Clock"",""excerpts"":[""Dalian Commodity Exchange Corn detailed trading hours and holiday calendar.""]},{""url"":""http://www.dce.com.cn/dceg/content/2025/gg/18622769.html"",""title"":""Notice on Trading Hour Arrangements for 2025 National Day ..."",""excerpts"":[""The market will be closed from October 1 (Wednesday) to October 8 (Wednesday) for holidays, and on September 28 (Sunday) and October 11 (Saturday) for weekend."",""[Holidays](http://www.dce.com.cn/dceg/channel/list/1061.html)""]},{""url"":""http://www.dce.com.cn/dceg/channel/list/1061.html"",""title"":""DCE"",""excerpts"":[""According to the Notice issued by the China Securities Regulatory Commission (CSRC), the relevant holiday arrangements for the market of Dalian Commodity Exchange (DCE) in 2025 are as follows. 1\\. New Year’s Day: The market is closed on January 1 (Wednesday), and will open as usual from January 2 (Thursday). There will be no night trading session on the night of December 31, 2024 (Tuesday). 2\\. Spring Festival: The market is closed from January 28 (Tuesday) to February 4 (Tuesday) for holidays, and on January 26 (Sunday) and February 8 (Saturday) for weekends. The market will open as usual from February 5 (Wednesday). There will be no night trading session on the night of January 27 (Monday). 3\\. Qingming Festival (Tomb-Sweeping Day): The market is closed from April 4 (Friday) to April 6 (Sunday). The market will open as usual from April 7 (Monday). There will be no night trading session on the night of April 3 (Thursday). 4\\. International Labor Day: The market is closed from May 1 (Thursday) to May 5 (Monday) for holidays, and on April 27 (Sunday) for weekend. The market will open as usual from May 6 (Tuesday). There will be no night trading session on the night of April 30 (Wednesday). 5\\. Duanwu Festival (Dragon Boat Festival): The market is closed from May 31 (Saturday) to June 2 (Monday). The market will open as usual from June 3 (Tuesday). There will be no night trading session on the night of May 30 (Friday). 6\\.\nNational Day and Mid-Autumn Festival: The market is closed from October 1 (Wednesday) to October 8 (Wednesday) for holidays, and on September 28 (Sunday) and October 11 (Saturday) for weekends. The market will open as usual from October 9 (Thursday). There will be no night trading session on the night of September 30 (Tue""]}],""confidence"":""high""}"
Zhengzhou Commodity Exchange (CZCE) Trading Calendar,"The Zhengzhou Commodity Exchange (CZCE) provides a holiday calendar for its derivatives contracts, specifying exchange‑wide closure dates and indicating any products that remain tradable on holidays.",http://english.czce.com.cn/cms/TradingCalendar/,no product specific settings,"{""field"":""PRODUCT_HOLIDAY_CHECK"",""reasoning"":""The notices state that the market will be closed for all contracts during the listed holidays and do not mention any specific products that continue trading."",""citations"":[{""url"":""https://english.czce.com.cn/en/AboutUs/News/ggytz/webinfo/2023/12/1703386438499236.htm"",""title"":""Notice on Trading Schedule during National Holidays for Year 2024"",""excerpts"":["" 4 :\n\n1\\. New Year’s Day: The market will be closed during holiday s from December 30 , 2023 (Saturday) to January 1 , 202 4 (Monday) , and will be opened as usual on January 2 , 202 4 (Tuesday). There will be no night trading session on December 29 , 202 3 (Friday)."","" 2\\. Spring Festival: The market will be closed during holidays from Febru ary 9 , 202 4 (Friday) to Febru ary 1 7, 202 4 (Saturday), and will be opened as usual on Febru ary 19 , 202 4 (Monday). It will also be closed on Febru ary 4 , 202 4 (Sunday) and Febru ary 18 , 202 4 (Sunday). There will be no night trading session on Febru ary 8 , 202 4 (Thursday).""]},{""url"":""https://english.czce.com.cn/en/AboutUs/News/ggytz/webinfo/2025/10/6e26af6f48dd4a3dbd6d758ad8cfdce5.htm"",""title"":""Fetched web page"",""excerpts"":[""ows:\nNo night trading session will be carried out on the night of September 30 ,   202 5 (Tuesday) .""]},{""url"":""https://english.czce.com.cn/en/AboutUs/News/ggytz/webinfo/2024/12/1726398752890244.htm"",""title"":""Notice on Trading Schedule during National Holidays for Year 2025"",""excerpts"":[""1\\. New Year’s Day: The market will be closed on holiday January 1 , 202 5 ( Wednesday ), and will be opened as usual on January 2 , 202 5 (Thursday). There will be no night trading session on December 31 , 202 4 ( Tues day)."",""2\\. Spring Festival: The market will be closed during holidays from January 28 , 202 5 ( Tues day) to Febru ary 4 , 202 5 ( Tues day), and will be opened as usual on Febru ary 5 , 202 5 ( Wednesday ). It will also be closed on January 26 , 202 5 (Sunday) and Febru ary 8 , 202 5 (Saturday). There will be no night trading session on January 27 , 202 5 ( Mon day).""]}],""confidence"":""high""}",,"{""field"":""derivatives_exchange_check"",""reasoning"":""The provided information identifies Zhengzhou Commodity Exchange (CZCE) as a derivatives exchange, confirming it matches the required entity type."",""citations"":[{""url"":""https://www.ice.com/publicdocs/IFS_Sugar_Contract_Spec.pdf"",""title"":""[PDF] Contract Specification - ICE"",""excerpts"":[""Tenth trading day of the calendar month at 3:00 PM SGT. Contract ... Zhengzhou Commodity Exchange (ZCE) futures contract on the last trading day ...""]},{""url"":""https://www.citicf.com/en/content/737462.html"",""title"":""PTA Futures Contract"",""excerpts"":[""In October of the same year, CZCE (Zhengzhou Commodity Exchange) promulgated Draft Rules and Regulations on the Introduction of Overseas Traders to PTA Futures ...""]},{""url"":""https://english.czce.com.cn/"",""title"":""Zhengzhou Commodity Exchange"",""excerpts"":[""Contract Month. January, March, May, July, September, and November ; Trading Hours. 9:00-11:30 and 13:30-15:00(Beijing time) and other trading hours prescribed ...""]},{""url"":""https://english.czce.com.cn/en/AboutUs/News/ggytz/webinfo/2023/12/1703386438499236.htm"",""title"":""Notice on Trading Schedule during National Holidays for Year 2024"",""excerpts"":[""According to the related Notice issued by China Securities Regulatory Commission (CSRC), Zhengzhou Commodity Exchange (ZCE) hereby announces the following trading schedule during national holidays for year 202 4 :""]},{""url"":""https://english.czce.com.cn/en/AboutUs/News/ggytz/webinfo/2025/10/6e26af6f48dd4a3dbd6d758ad8cfdce5.htm"",""title"":""Fetched web page"",""excerpts"":[""Zhengzhou Commodity Exchange""]},{""url"":""https://english.czce.com.cn/en/AboutUs/News/ggytz/webinfo/2024/12/1726398752890244.htm"",""title"":""Notice on Trading Schedule during National Holidays for Year 2025"",""excerpts"":[""According to the related Notice issued by China Securities Regulatory Commission (CSRC), Zhengzhou Commodity Exchange (ZCE) hereby announces the following trading schedule during national holidays for year 202 5 :""]}],""confidence"":""medium""}","2024: New Year's Day (2023-12-30 to 2024-01-01), Spring Festival (2024-02-09 to 2024-02-17, plus 2024-02-04 and 2024-02-18), Qingming Festival (2024-04-04 to 2024-04-06, plus 2024-04-07), Labor Day (2024-05-01 to 2024-05-05, plus 2024-04-28 and 2024-05-11), Dragon Boat Festival (2024-06-08 to 2024-06-10), Mid-Autumn Festival (2024-09-15 to 2024-09-17, plus 2024-09-14), National Day (2024-10-01 to 2024-10-07, plus 2024-09-29 and 2024-10-12); 2025: New Year's Day (2025-01-01), Spring Festival (2025-01-28 to 2025-02-04, plus 2025-01-26 and 2025-02-08), Qingming Festival (2025-04-04 to 2025-04-06), Labor Day (2025-05-01 to 2025-05-05, plus 2025-04-27), Dragon Boat Festival (2025-05-31 to 2025-06-02), Mid-Autumn Festival and National Day (2025-10-01 to 2025-10-08, plus 2025-09-28 and 2025-10-11). Calendar URLs: https://english.czce.com.cn/en/AboutUs/News/ggytz/webinfo/2023/12/1703386438499236.htm; https://english.czce.com.cn/en/AboutUs/News/ggytz/webinfo/2024/12/1726398752890244.htm","{""field"":""holiday_calendar_check"",""reasoning"":""The notices list the specific holiday periods for 2024 and 2025, providing exact dates and additional closure days, and include URLs to the full calendars."",""citations"":[{""url"":""https://english.czce.com.cn/en/AboutUs/News/ggytz/webinfo/2025/10/6e26af6f48dd4a3dbd6d758ad8cfdce5.htm"",""title"":""Notice on Night Trading Session during 2025 National Day Holiday ..."",""excerpts"":[""According to Notice on Trading Schedule during National Holidays for Year 2025, the Exchange hereby clarifies night trading session arrangement ..."",""No night trading session will be carried out on the night of September 30, 2025 (Tuesday). The night trading session will be resumed on the ..."",""ows:\nNo night trading session will be carried out on the night of September 30 ,   202 5 (Tuesday) .""]},{""url"":""https://mondovisione.com/media-and-resources/news/zhengzhou-commodity-exchange-notice-on-trading-schedule-during-national-holiday-3-20241224/"",""title"":""Notice On Trading Schedule During National Holidays For Year 2025"",""excerpts"":[""6. The Mid-Autumn Festival and The National Day: The market will be closed during holidays from October 1, 2025 (Wednesday) to October 8, 2025 ... 1. New Year's Day: The market will be closed on holiday January 1, 2025 (Wednesday), and will be opened as usual on January 2, 2025 ...""]},{""url"":""https://english.czce.com.cn/en/AboutUs/News/ggytz/webinfo/2023/12/1703386438499236.htm"",""title"":""Notice on Trading Schedule during National Holidays for Year 2024"",""excerpts"":[""Notice on Trading Schedule during National Holidays for Year 2024. Modified date：2023-12-26. Print. To all members:. It will also be closed on September 14, 2024 (Saturday). There will be no night trading session on September 13, 2024 (Friday)."","" 4 :\n\n1\\. New Year’s Day: The market will be closed during holiday s from December 30 , 2023 (Saturday) to January 1 , 202 4 (Monday) , and will be opened as usual on January 2 , 202 4 (Tuesday). There will be no night trading session on December 29 , 202 3 (Friday)."","" 2\\. Spring Festival: The market will be closed during holidays from Febru ary 9 , 202 4 (Friday) to Febru ary 1 7, 202 4 (Saturday), and will be opened as usual on Febru ary 19 , 202 4 (Monday). It will also be closed on Febru ary 4 , 202 4 (Sunday) and Febru ary 18 , 202 4 (Sunday). There will be no night trading session on Febru ary 8 , 202 4 (Thursday)."",""3\\. Qingming Festival: The market will be closed during holidays from April 4 , 202 4 (Thursday) to April 6 , 202 4 (Saturday), and will be opened as usual on April 8 , 202 4 ( Mon day). It will also be closed on April 7 , 202 4 (Sunday) . There will be no night trading session on April 3 , 202 4 ( Wednesday )."",""4\\. Labor Day: The market will be closed during holidays from May 1 , 202 4 ( Wednesday ) to May 5 , 202 4 (Sunday), and will be opened as usual on May 6 , 202 4 ( Mon day). It will also be closed on April 2 8 , 202 4 (Sunday) and May 11 , 202 4 (Saturday). There will be no night trading session on April 30 , 202 4 ( Tuesday )."",""5\\. The Dragon Boat Festival: The market will be closed during holiday s from June 8 , 202 4 (Saturday) to June 10 , 202 4 ( Mon day), and will be opened as usual on June 11 , 202 4 ( Tues day). There will be no night trading session on June 7 , 202 4 ( Fri day)."",""6\\. The Mid-Autumn Festival: The market will be closed during holidays from September 15 , 202 4 ( Sunday ) to September 17 , 202 4 ( Tues day), and will be opened as usual on September 18 , 202 4 ( Wednesday ). It will also be closed on September 14 , 202 4 (Saturday). There will be no night trading session on September 13 , 202 4 ( Fri day)."",""7 . The National Day: The market will be closed during holidays from October 1 , 202 4 ( Tues day) to October 7 , 202 4 ( Mon day), and will be opened as usual on October 8 , 202 4 ( Tues day). It will also be closed on September 29 , 202 4 (S un day) and October 12 , 202 4 (Saturday). There will be no night trading session on September 30 , 202 4 ( Mon day).""]},{""url"":""https://x.com/ExchangeNews/status/1871607912361287861"",""title"":""Zhengzhou Commodity Exchange"",""excerpts"":[""Zhengzhou Commodity Exchange: Notice On Trading Schedule During National Holidays For Year 2025 http://dlvr.it/TGzmmY · 5:24 PM · Dec 24, 2024. Zhengzhou Commodity Exchange: Notice On Trading Schedule During National Holidays For Year 2025 http://dlvr.it/TGzmmY.""]},{""url"":""https://english.czce.com.cn/en/AboutUs/News/ggytz/webinfo/2024/12/1726398752890244.htm"",""title"":""Notice on Trading Schedule during National Holidays for Year 2025"",""excerpts"":[""1\\. New Year’s Day: The market will be closed on holiday January 1 , 202 5 ( Wednesday ), and will be opened as usual on January 2 , 202 5 (Thursday). There will be no night trading session on December 31 , 202 4 ( Tues day)."",""2\\. Spring Festival: The market will be closed during holidays from January 28 , 202 5 ( Tues day) to Febru ary 4 , 202 5 ( Tues day), and will be opened as usual on Febru ary 5 , 202 5 ( Wednesday ). It will also be closed on January 26 , 202 5 (Sunday) and Febru ary 8 , 202 5 (Saturday). There will be no night trading session on January 27 , 202 5 ( Mon day)."",""3\\. Qingming Festival: The market will be closed during holidays from April 4 , 202 5 ( Fri day) to April 6 , 202 5 ( Sunday ), and will be opened as usual on April 7 , 202 5 ( Mon day). There will be no night trading session on April 3 , 2025 (Thursday)."",""4\\. Labor Day: The market will be closed during holidays from May 1 , 2025 (Thursday) to May 5 , 2025 ( Mon day), and will be opened as usual on May 6 , 2025 ( Tues day). It will also be closed on April 2 7 , 2025 (Sunday) . There will be no night trading session on April 30 , 2025 ( Wednesday )."",""5\\. The Dragon Boat Festival: The market will be closed during holiday s from May 31 , 2025 (Saturday) to June 2 , 2025 ( Mon day), and will be opened as usual on June 3 , 2025 ( Tues day). There will be no night trading session on May 30 , 2025 ( Fri day)."",""6\\. The Mid-Autumn Festival and The National Day: The market will be closed during holidays from October 1 , 2025 ( Wednesday ) to October 8 , 2025 ( Wednesday ), and will be opened as usual on October 9 , 2025 (Thursday). It will also be closed on September 28 , 2025 (S un day) and October 1 1 , 2025 (Saturday). There will be no night trading session on September 30 , 2025 ( Tues day).""]}],""confidence"":""medium""}"
Korea Exchange (KRX) – Derivatives/Trading Calendar,Korea Exchange (KRX) operates the main derivatives market in South Korea and publishes a Derivatives/Trading Calendar showing holidays and any products that remain tradable on those days.,https://global.krx.co.kr/,no product specific settings,"{""field"":""PRODUCT_HOLIDAY_CHECK"",""reasoning"":""The sources indicate that all markets, including derivatives, are closed on the listed holidays and no specific products are mentioned as continuing to trade on any holiday."",""citations"":[{""url"":""https://www.calendarlabs.com/krx-market-holidays-2025/"",""title"":""2025 KRX Market Holidays - CalendarLabs"",""excerpts"":[""|DAY |DATE |HOLIDAY |COMMENTS |""]}],""confidence"":""medium""}",,"{""field"":""derivatives_exchange_check"",""reasoning"":""The answer explicitly states that the Korea Exchange (KRX) is a derivatives exchange, mentioning its Derivatives market among other product categories."",""citations"":[{""url"":""https://www.rbcis.com/en/gmi/global-custody/market-profiles/market.page?dcr=templatedata/globalcustody/marketprofiles/data/south-korea"",""title"":""South Korea - RBC Investor & Treasury Services | Market Profiles"",""excerpts"":[""KRX Derivatives Market:​​ Varies, depending on the product but it is 09:00 - 15:45 (Regular session) for index related futures and options, and ...""]},{""url"":""https://docs.publicnow.com/viewDoc.aspx?filename=37151%5CEXT%5C995B3DF9B25F040A51A686585FE1D1F686CD2BBB_DCC189A9FABC12266B872F7E7CA0D7B3BE271FB8.PDF"",""title"":""[PDF] Press Release - Public now"",""excerpts"":[""KRX will introduce its own night trading in early June 2025, with 10 products traded from 18:00 to 06:00 the next day, using its own system.""]},{""url"":""https://docs.publicnow.com/viewDoc.aspx?filename=37151%5CEXT%5CE6304C3F55518493AAD715487F9D921A6AD7F6D2_7A3D25A2E6C536B345E0F157C7131B8AD9FF7A47.PDF"",""title"":""[PDF] Press Release - Public now"",""excerpts"":[""The Korea Exchange (KRX) will close its Derivatives Night Trading. Session, which begins at 6:00 PM on Thursday, October 2nd 2025, and.""]},{""url"":""https://globalexchanges.com/korean-republic-krx-publishes-holiday-notice-4/141923/"",""title"":""KOREAN REPUBLIC: KRX Publishes Holiday Notice"",""excerpts"":[""The Korea Exchange (KRX) announced that it will close all markets, including the equity, bond, derivatives, and commodity markets, on June 3 rd , 2025.""]},{""url"":""https://www.spglobal.com/spdji/en/exchange-relationships/exchange/korea-exchange-inc-krx/"",""title"":""Korea Exchange Inc. (KRX) | S&P Dow Jones Indices - S&P Global"",""excerpts"":[""KRX offers full access to both derivatives and cash markets, while providing market infrastructure and trading data, in addition to clearing and settlement ...""]},{""url"":""https://www.tradinghours.com/markets/krx"",""title"":""KRX Market Hours & Holidays 2025 - 2026 - TradingHours.com"",""excerpts"":[""The [Operating MIC](/mic) for Korea Stock Exchange is [XKRX (Korea Exchange (Stock Market))](/mic/s/x"",""* [**XKFE** ( _KOREA EXCHANGE (FUTURES MARKET)_ )](/mic/s/xkfe)""]},{""url"":""https://global.krx.co.kr/main/main.jsp"",""title"":""Korea Exchange (KRX) - Global KRX - 한국거래소"",""excerpts"":[""* [Derivatives](/contents/GLB/02/0201/0201040101/GLB0201040101.jsp)"",""* [Derivatives Market](/contents/GLB/01/0103/0103020400/GLB0103020400.jsp)"",""The most liquid equity and derivatives markets with well balanced  \ninvestor base and product diversity.""]},{""url"":""https://globalexchanges.com/latest-news/korean-republic-krx-derivatives-market-launches-night-session/141976/"",""title"":""KRX Derivatives Market Launches Night Session - Global Exchanges"",""excerpts"":[""# KOREAN REPUBLIC: KRX Derivatives Market Launches Night Session"",""The Korea Exchange (KRX) announced plans to introduce night session in the derivatives market on June 9, 2025.""]}],""confidence"":""medium""}","New Year's Day: 2025-01-01; Korean New Year / Seolnal: 2025-01-27, 2025-01-28, 2025-01-29, 2025-01-30; Independence Movement Day: 2025-03-03; Labor Day: 2025-05-01; Buddha's Birthday: 2025-05-05, 2025-05-06; Memorial Day: 2025-06-06; Liberation Day: 2025-08-15; National Foundation Day: 2025-10-03; Chuseok (Harvest Festival): 2025-10-06, 2025-10-07, 2025-10-08; Hangul Day: 2025-10-09; Christmas Day: 2025-12-25; New Year's Day Holiday: 2025-12-31; Calendar URLs: https://www.tradinghours.com/markets/krx, https://www.calendarlabs.com/krx-market-holidays-2025/, https://www.forexchurch.com/stock-market-holidays/korea-stock-exchange","{""field"":""holiday_calendar_check"",""reasoning"":""The provided answer lists the 2025 KRX market holidays with dates and also supplies URLs that present the holiday calendars. These URLs were used to verify the holiday dates and to obtain calendar links."",""citations"":[{""url"":""https://www.calendarlabs.com/krx-market-holidays-2025/"",""title"":""2025 KRX Market Holidays - CalendarLabs"",""excerpts"":[""|Tuesday Tue |Jan 28, 2025 Jan 28 |[Korean New Year / Seolnal](/holidays/south-korea/korean-new-year.php) |Full Day Off |"",""|Wednesday Wed |Jan 29, 2025 Jan 29 |[Korean New Year Holiday](/holidays/south-korea/korean-new-year.php) |Full Day Off |"",""|Thursday Thu |Jan 30, 2025 Jan 30 |[Korean New Year Holiday](/holidays/south-korea/korean-new-year.php) |Full Day Off |"",""|Monday Mon |Mar 03, 2025 Mar 03 |[Independence Movement Day](/holidays/south-korea/independence-movement-day.php) |Full Day Off\n|"",""|Thursday Thu |May 01, 2025 May 01 |[Labor Day](/holidays/singapore/labor-day.php) |Full Day Off |"",""|Monday Mon |May 05, 2025 May 05 |[Buddha's Birthday](/holidays/singapore/vesak-day.php) |Full Day Off |"",""|Tuesday Tue |May 06, 2025 May 06 |[Buddha's Birthday](/holidays/singapore/vesak-day.php) |Full Day Off |"",""|Friday Fri |Jun 06, 2025 Jun 06 |[Memorial Day](/holidays/south-korea/memorial-day.php) |Full Day Off |"",""|Friday Fri |Aug 15, 2025 Aug 15 |[Liberation Day](/holidays/south-korea/liberation-day.php) |Full Day Off |"",""|Friday Fri |Oct 03, 2025 Oct 03 |[National Foundation Day](/holidays/south-korea/national-foundation-day.php) |Full Day Off |"",""|Monday Mon |Oct 06, 2025 Oct 06 |[Chuseok (Harvest Festival)](/holidays/south-korea/chuseok.php) |Full Day Off |"",""|Tuesday Tue |Oct 07, 2025 Oct 07 |[Chuseok Holiday](/holidays/south-korea/chuseok.php) |Full Day Off |"",""|Wednesday Wed |Oct 08, 2025 Oct 08 |[Chuseok Holiday](/holidays/south-korea/chuseok.php) |Full Day Off |"",""|Thursday Thu |Oct 09, 2025 Oct 09 |[Hangul Day](/holidays/south-korea/hangul-day.php) |Full Day Off |"",""|Thursday Thu |Dec 25, 2025 Dec 25 |[Christmas Day](/holidays/us/christmas.php) |Full Day Off |"",""|Wednesday Wed |Dec 31, 2025 Dec 31 |[New Year's Day Holiday](/holidays/us/new-years-day.php) |Full Day Off |"",""|Wednesday Wed |Jan 01, 2025 Jan 01 |[New Year's Day](/holidays/us/new-years-day.php) |Full Day Off |"",""|DAY |DATE |HOLIDAY |COMMENTS |"",""|Thursday Thu |Jan 02, 2025 Jan 02 |[Irregular Schedule](/holidays/singapore/irregular-schedule.php) |Evening Off |"",""|Monday Mon |Jan 27, 2025 Jan 27 |[Market Holiday](/holidays/singapore/market-holiday.php) |Full Day Off |""]},{""url"":""https://www.plus500.com/en-ae/newsandmarketinsights/stock-market-holidays-2025-all-you-need-to-know"",""title"":""Stock Market Holidays 2025: All You Need to Know"",""excerpts"":[""South Korea (Korea Exchange) · New Year's Day: 1 January · Korean New Year: 27 – 30 January · Independence Movement Day: 3 March · Labour Day: 1 May · Vesak Day: 5-6 ...""]},{""url"":""https://www.forexchurch.com/stock-market-holidays/korea-stock-exchange"",""title"":""2025 Korea Stock Exchange (KRX) Holidays - ForexChurch.com"",""excerpts"":[""2025 Korea Stock Exchange (KRX) Holidays ; Lunar New Year 2, 30 January ; Independence Movement Day OBS, 03 March ; Labour Day, 01 May ; Children's Day, 05 May. 2025 Korea Stock Exchange (KRX) Holidays ; National Foundation Day, 03 October ; Harvest Moon Festival Day, 06 October ; Harvest Moon Festival Holiday, 07 October.""]},{""url"":""https://triki.net/data/436"",""title"":""[대한민국] 한국거래소 주식시장 휴장일을 알아보자 - 모두의매뉴얼"",""excerpts"":[""휴장일 ; 2025/01/01 · New Year's Day ; 2025/01/27 ~ 2025/01/30 · New Year's Day by the lunar ; 2025/03/03 · Independence Movement Day (Substitution Holiday) ; 2025/05/ ... 거래소 홈페이지로 이동해서 상단 메뉴바에서 차례대로 “시장정보 > 시장동향 > 공시 > 증시일정 > 휴장일“을 따라 들어갑니다. 해당 화면에서 각 연도별 휴장일 ..."",""https://marketdata.krx.co.kr/mdi=01100305&1a47f11427e74dd8f31a7e933f9d9288=1""]},{""url"":""https://financedata.github.io/posts/pandas-market-days-krx.html"",""title"":""영업일과 휴일 - 한국거래소 - FinanceData"",""excerpts"":[""한국거래소 홈페이지 http://marketdata.krx.co.kr 에서 아래 메뉴에서 휴장일을 조회할 수 있다. 시장정보 > 시장동향 > 공시 > 증시일정 > 휴장일¶.""]}],""confidence"":""medium""}"
Euronext Derivatives Trading Hours and Holidays,Euronext Derivatives Trading Hours and Holidays page lists the exchange's holiday calendar and specifies any derivatives products that remain tradable during holidays.,https://www.euronext.com/en/markets/derivatives/trading-hours-and-holidays,"New Year's Day: no product specific settings; Substitute for New Year's Day: no product specific settings; January 5 and 6: no product specific settings; Wednesday before Easter: no product specific settings; Maundy Thursday: no product specific settings; Good Friday: no product specific settings; Easter Monday: no product specific settings; Labour Day: no product specific settings; Irish May Bank Holiday: no product specific settings; Ascension Day: no product specific settings; Whit Monday: no product specific settings; June 1 and 2: no product specific settings; August (Milan – All business days): no product specific settings; December 7 and 8: no product specific settings; December 21 to 23: no product specific settings; December 24: Dublin: Equity instruments, ETFs; Christmas: no product specific settings; Substitute for St Stephen’s Day / Boxing Day: no product specific settings; December 28 to 30: no product specific settings; December 31: no product specific settings","{""field"":""PRODUCT_HOLIDAY_CHECK"",""reasoning"":""The PDF only mentions specific product trading hours for Dublin on December 24, 2026, and states no product-specific settings for other holidays."",""citations"":[{""url"":""https://connect2.euronext.com/sites/default/files/2025-11/IF251107CADE%202026%20Holiday%20Calendar%20for%20Euronexts%20Cash%20and%20Derivatives%20markets_1.pdf?VersionId=3ehe2.c9cMxv1K36.i6o4tz.5CAJmuw2"",""title"":""Fetched web page"",""excerpts"":[""For Dublin, Equity instruments will close between 13:28 – 13:30 CET/CEST (12:28 –\n12:30 Dublin time). ETFs will close at 14:00 CET/CEST (13:00 Dublin time).""]}],""confidence"":""medium""}",,"{""field"":""derivatives_exchange_check"",""reasoning"":""The provided answer states that Euronext is confirmed to be a derivatives exchange, indicating it meets the criteria."",""citations"":[{""url"":""https://www.euronext.com/en/trading/trading-hours-holidays"",""title"":""Euronext Trading Hours & Holidays"",""excerpts"":[""The Euronext Cash Markets and the Euronext Derivatives Markets will be open Monday to Friday throughout 2026 except on the following days:""]},{""url"":""https://connect2.euronext.com/sites/default/files/2025-11/IF251107CADE%202026%20Holiday%20Calendar%20for%20Euronexts%20Cash%20and%20Derivatives%20markets_1.pdf?VersionId=3ehe2.c9cMxv1K36.i6o4tz.5CAJmuw2"",""title"":""Fetched web page"",""excerpts"":[""The Euronext Cash Markets and the Euronext Derivatives Markets will be open Monday\nto Friday throughout 2026 except on the following days:""]}],""confidence"":""medium""}","New Year's Day: 2026-01-01 (Closed for all markets); Substitute for New Year's Day: 2026-01-02 (Milan: No TAH; Other markets: Full Trading Day); January 5 and 6: 2026-01-05, 2026-01-06 (Milan: No TAH; Other markets: Full Trading Day); Wednesday before Easter: 2026-04-01 (Oslo: Half Trading Day; Other markets: Full Trading Day); Maundy Thursday: 2026-04-02 (Oslo: Closed; Milan: No TAH; Other markets: Full Trading Day); Good Friday: 2026-04-03 (Closed for all markets); Easter Monday: 2026-04-06 (Closed for all markets); Labour Day: 2026-05-01 (Closed for all markets); Irish May Bank Holiday: 2026-05-04 (Dublin: Closed; Other markets: Full Trading Day); Ascension Day: 2026-05-14 (Oslo: Closed; Other markets: Full Trading Day); Whit Monday: 2026-05-25 (Oslo: Closed; Other markets: Full Trading Day); June 1 and 2: 2026-06-01, 2026-06-02 (Milan: No TAH; Other markets: Full Trading Day); August (Milan – All business days): 2026-08 (Milan: No TAH; Other markets: Full Trading Day); December 7 and 8: 2026-12-07, 2026-12-08 (Milan: No TAH; Other markets: Full Trading Day); December 21 to 23: 2026-12-21, 2026-12-22, 2026-12-23 (Milan: No TAH; Other markets: Full Trading Day); December 24: 2026-12-24 (Amsterdam, Brussels, Dublin, Lisbon, Paris: Half Trading Day; Milan, Oslo: Closed); Christmas: 2026-12-25 (Closed for all markets); Substitute for St Stephen’s Day / Boxing Day: 2026-12-28 (Dublin: Closed; Other markets: Full Trading Day); December 28 to 30: 2026-12-28, 2026-12-29, 2026-12-30 (Milan: No TAH; Other markets: Full Trading Day); December 31: 2026-12-31 (Amsterdam, Brussels, Dublin, Lisbon, Paris: Half Trading Day; Milan, Oslo: Closed); Calendar URL: https://connect2.euronext.com/sites/default/files/2025-11/IF251107CADE%202026%20Holiday%20Calendar%20for%20Euronexts%20Cash%20and%20Derivatives%20markets_1.pdf?VersionId=3ehe2.c9cMxv1K36.i6o4tz.5CAJmuw2","{""field"":""holiday_calendar_check"",""reasoning"":""The PDF lists the 2026 holiday calendar for Euronext cash and derivatives markets, providing holiday names, dates, and market-specific trading status, therefore a holiday calendar is available."",""citations"":[{""url"":""https://www.euronext.com/en/trading/trading-hours-holidays"",""title"":""Euronext Trading Hours & Holidays"",""excerpts"":[""[Download 2026 Holiday Calendar for Euronext's Cash and Derivatives markets](https://connect2.euronext.com/sites/default/files/2025-11/IF251107CADE%202026%20Holiday%20Calendar%20for%20Euronexts%20Cash%20and%20Derivatives%20markets_1.pdf?VersionId=3ehe2.c9cMxv1K36.i6o4tz.5CAJmuw2)"",""|Thursday 1 January 2026 (New Year’s Day) |Closed |Closed |Closed |Closed |Closed |Closed |Closed |"",""|Friday 2 January 2026\n\n(Substitute for New Year's Day) |Full Trading Day |Full Trading Day |Full Trading Day |Full Trading Day |**\\*No TAH** |Full Trading Day |Full Trading Day |"",""|Monday 5 and Tuesday 6 January 2026 |Full Trading Day |Full Trading Day |Full Trading Day |Full Trading Day |**\\*No TAH** |Full Trading Day |Full Trading Day |"",""|Wednesday 1 April  (Half trading day, Wednesday before Easter) |Full Trading Day |Full Trading Day |Full Trading Day |Full Trading Day |Full Trading Day |**\\*\\*Half Trading Day** |Full Trading Day |"",""|Thursday 2 April 2026 (Maundy Thursday) |Full Trading Day |Full Trading Day |Full Trading Day |Full Trading Day |**\\*No TAH** |Closed |Full""]},{""url"":""https://connect2.euronext.com/sites/default/files/2025-11/IF251107CADE%202026%20Holiday%20Calendar%20for%20Euronexts%20Cash%20and%20Derivatives%20markets_1.pdf?VersionId=3ehe2.c9cMxv1K36.i6o4tz.5CAJmuw2"",""title"":""Fetched web page"",""excerpts"":[""Thursday 1 January\n2026 (New Year’s\nDay)\nClosed\nClosed\nClosed\nClosed\nClosed\nClosed\nClosed"",""Friday 2 January 2026\n(Substitute for New\nYear's Day)\nFull Trading\nDay\nFull Trading\nDay\nFull\nTrading\nDay\nFull\nTrading\nDay\n**\\*No**\n**TAH**\nFull\nTrading\nDay\nFull\nTrading\nDay"",""Wednesday 1 April\n(Half trading day,\nWednesday before\nEaster)\nFull Trading\nDay\nFull Trading\nDay\nFull\nTrading\nDay\nFull\nTrading\nDay\nFull\nTrading\nDay\n**\\*\\*Half**\n**Trading**\n**Day**\nFull\nTrading\nDay"",""Thursday 24\nDecember 2026\n**\\*\\*Half**\n**Trading Day**\n**\\*\\*Half**\n**Trading**\n**Day**\n**\\*\\*Half**\n**Trading**\n**Day**\n**\\*\\*Half**\n**Trading**\n**Day**\nClosed\nClosed\n**\\*\\*Half**\n**Trading**\n**Day**"",""https://www.euronext.com/en/trade/trading-hours-holidays"",""https://connect2.euronext.com/resources/trading-hours-holidays""]}],""confidence"":""medium""}"
Shanghai Futures Exchange (SHFE),"Shanghai Futures Exchange (SHFE) is a major Chinese derivatives exchange offering futures contracts on metals, energy, and other commodities. No holiday calendar information is available in the provided sources.",https://www.shfe.com.cn,no product specific settings,"{""field"":""PRODUCT_HOLIDAY_CHECK"",""reasoning"":""The source explicitly states that there is no continuous or night trading during the listed holidays and does not mention any products that continue trading, indicating no product‑specific holiday trading settings."",""citations"":[{""url"":""https://www.shfe.com.cn/eng/reports/CalendarHolidays/TradingCalendar/"",""title"":""Trading Calendar"",""excerpts"":[""Trading Calendar, Trading Hours, Holiday, Business Data, Business Data, Data Contract Parameters, Trading Parameters, Settlement Parameters""]},{""url"":""https://www.shfe.com.cn/eng/reports/CalendarHolidays/Holiday/"",""title"":""Fetched web page"",""excerpts"":[""1\\. New Year’s Day: SHFE will close on holidays on January 1, 2025 (Wednesday), and will open as usual on January 2, 2025 (Thursday). There is no continuous trading on December 31, 2024 (Tuesday)"",""2\\. Spring Festival: SHFE will close on holidays from January 28, 2025 (Tuesday) to February 4, 2025 (Tuesday), and will open as usual on February 5, 2025 (Wednesday). It will also close on January 26, 2025 (Sunday) and February 8, 2025 (Saturday). There is no continuous trading on January 27, 2025 (Monday)"",""3\\. Qingming Festival (The Tomb-Sweeping Day): SHFE will close on holidays from April 4, 2025 (Friday) to April 6, 2025 (Sunday), and will open as usual on April 7, 2025 (Monday).There is no continuous trading on April 3, 2025 (Thursday)"",""4\\. The International Workers’ Day: SHFE will close on holidays from May 1, 2025 (Thursday) to May 5, 2025 (Monday), and will open as usual on May 6, 2025 (Tuesday). It will also close on April 27, 2025 (Sunday). There is no continuous trading on April 30, 2025 (Wednesday)"",""5\\. The Dragon Boat Festival: SHFE will close on holidays from May 31, 2025 (Saturday) to June 2, 2025 (Monday), and will open as usual on June 3, 2025 (Tuesday). There is no continuous trading on May 30, 2025 (Friday)"",""6\\. The National Day and the Mid-Autumn Festival: SHFE will close on holidays from October 1, 2025 (Wednesday) to October 8, 2025 (Wednesday), and will open as usual on October 9, 2025 (Thursday)""]}],""confidence"":""medium""}",,"{""field"":""derivatives_exchange_check"",""reasoning"":""The entity description states that the Shanghai Futures Exchange (SHFE) is a derivatives exchange, confirming it matches the required type."",""citations"":[{""url"":""https://www.shfe.com.cn/eng/reports/CalendarHolidays/TradingCalendar/"",""title"":""Trading Calendar"",""excerpts"":[""Trading Calendar, Trading Hours, Holiday, Business Data, Business Data, Data Contract Parameters, Trading Parameters, Settlement Parameters""]}],""confidence"":""medium""}",New Year's Day: 2025-01-01; Spring Festival: 2025-01-28 to 2025-02-04; Qingming Festival: 2025-04-04 to 2025-04-06; International Workers’ Day: 2025-05-01 to 2025-05-05; Dragon Boat Festival: 2025-05-31 to 2025-06-02; National Day and Mid-Autumn Festival: 2025-10-01 to 2025-10-08; Calendar URL: https://www.shfe.com.cn/eng/reports/CalendarHolidays/Holiday/,"{""field"":""holiday_calendar_check"",""reasoning"":""The provided answer lists the 2025 holiday schedule for SHFE with specific dates and includes the official holiday calendar URL, satisfying the requirement for a detailed holiday calendar."",""citations"":[{""url"":""https://www.shfe.com.cn/eng/reports/CalendarHolidays/TradingCalendar/"",""title"":""Trading Calendar"",""excerpts"":[""Trading Calendar, Trading Hours, Holiday, Business Data, Business Data, Data Contract Parameters, Trading Parameters, Settlement Parameters""]},{""url"":""https://www.shfe.com.cn/eng/reports/CalendarHolidays/Holiday/"",""title"":""Fetched web page"",""excerpts"":[""1\\. New Year’s Day: SHFE will close on holidays on January 1, 2025 (Wednesday), and will open as usual on January 2, 2025 (Thursday). There is no continuous trading on December 31, 2024 (Tuesday)"",""2\\. Spring Festival: SHFE will close on holidays from January 28, 2025 (Tuesday) to February 4, 2025 (Tuesday), and will open as usual on February 5, 2025 (Wednesday). It will also close on January 26, 2025 (Sunday) and February 8, 2025 (Saturday). There is no continuous trading on January 27, 2025 (Monday)"",""3\\. Qingming Festival (The Tomb-Sweeping Day): SHFE will close on holidays from April 4, 2025 (Friday) to April 6, 2025 (Sunday), and will open as usual on April 7, 2025 (Monday).There is no continuous trading on April 3, 2025 (Thursday)"",""4\\. The International Workers’ Day: SHFE will close on holidays from May 1, 2025 (Thursday) to May 5, 2025 (Monday), and will open as usual on May 6, 2025 (Tuesday). It will also close on April 27, 2025 (Sunday). There is no continuous trading on April 30, 2025 (Wednesday)"",""5\\. The Dragon Boat Festival: SHFE will close on holidays from May 31, 2025 (Saturday) to June 2, 2025 (Monday), and will open as usual on June 3, 2025 (Tuesday). There is no continuous trading on May 30, 2025 (Friday)"",""6\\. The National Day and the Mid-Autumn Festival: SHFE will close on holidays from October 1, 2025 (Wednesday) to October 8, 2025 (Wednesday), and will open as usual on October 9, 2025 (Thursday)"",""  Calendar & Holidays"",""    + [Holiday](/eng/reports/CalendarHolidays/Holiday/)""]}],""confidence"":""medium""}"
Euronext Paris,Euronext Paris is a European derivatives exchange (part of Euronext) that offers trading in a wide range of derivative products and publishes an official holiday calendar for its derivatives market.,https://www.euronext.com/en/markets/paris,no product specific settings,"{""field"":""PRODUCT_HOLIDAY_CHECK"",""reasoning"":""The sources indicate that when the market is closed on holidays, all products, including derivatives, are closed and no product-specific trading continuations are mentioned."",""citations"":[{""url"":""https://www.tradinghours.com/markets/euronext-paris"",""title"":""Euronext Paris"",""excerpts"":[""Euronext Paris countdown, 2025 - 2026 market calendar, trading hours, settlement details, and contact information. XPAR is open Mon-Fri, 9:00am - 5:30pm. Closed. 2025 - 2026 XPAR Holidays. 2025 Euronext Paris Holidays Calendar. Weekend. Open. Current. Irregular Schedule. Closed. 2025, 2026. Calendar List View.See more""]},{""url"":""https://www.tipranks.com/calendars/market-holidays/france"",""title"":""France Stock Market Holidays | Holidays upcoming years - TipRanks"",""excerpts"":[""Jan 01, 2025. New Year's Day, closed ; Apr 18, 2025. Good Friday, closed ; Apr 21, 2025. Easter, closed ; May 01, 2025. Labour Day, closed.""]},{""url"":""https://www.euronext.com/en/trading/trading-hours-holidays"",""title"":""Euronext Trading Hours & Holidays"",""excerpts"":[""The Euronext Cash Markets and the Euronext Derivatives Markets will be open Monday to Friday throughout 2026 except on the following days:""]},{""url"":""https://live.euronext.com/en/resources/trading-hours-holidays"",""title"":""Trading hours & Holidays | live"",""excerpts"":[""## 2025 Holiday Calendar for Euronext’s Cash and Derivatives markets""]}],""confidence"":""medium""}",,"{""field"":""derivatives_exchange_check"",""reasoning"":""Euronext Paris provides both cash and derivatives markets as stated in the source, therefore it qualifies as a derivatives exchange."",""citations"":[{""url"":""https://live.euronext.com/en/markets/paris"",""title"":""Euronext Paris | live"",""excerpts"":[""Extended Trading Hours · Good Till Date Order Recycling · Bid-Only trading status · Trading Turbos in the Netherlands. Close submenuDerivatives. News · Index ..."",""Trading hours & Holidays · Members list · Contract specifications · Quote vendor ... Trading ETF Options. Specifications & arrangements. Contracts specifications ...""]},{""url"":""https://www.euronext.com/en/regulation/euronext-regulated-markets"",""title"":""Euronext Regulated Markets"",""excerpts"":[""A single Euronext Rule Book governs trading on all Euronext Securities and Derivatives Markets. It contains both harmonised and non-harmonised - or local - ... Trading Hours & Holidays · Fees & Charges · Market Quality Open submenu; Access ... 27/06/2025 Notice - Oslo derivatives block execution service English.""]},{""url"":""https://www.euronext.com/en/trading/fees-charges"",""title"":""Trading fees and charges"",""excerpts"":[""Euronext Derivatives Markets Trading Fee Guide (Effective 22 SEP 2025). English Version. English 22/09/2025 22/08/2025 Euronext Derivatives Markets Trading ...""]},{""url"":""https://www.euronext.com/en/trading/trading-hours-holidays"",""title"":""Euronext Trading Hours & Holidays"",""excerpts"":[""The Euronext Cash Markets and the Euronext Derivatives Markets will be open Monday to Friday throughout 2026 except on the following days:""]},{""url"":""https://live.euronext.com/en/resources/trading-hours-holidays"",""title"":""Trading hours & Holidays | live"",""excerpts"":[""Euronext’s Cash and Derivatives markets will be open Monday to Friday throughout 2019 except on the following days:"",""Contracts on the Derivatives Markets will close at various times, commencing at 13:55 CET.""]}],""confidence"":""medium""}","2025: New Year's Day - 2025-01-01, Good Friday - 2025-04-18, Easter Monday - 2025-04-21; 2026: New Year's Day - 2026-01-01, Good Friday - 2026-04-03, Easter Monday - 2026-04-06; Calendar URLs: https://live.euronext.com/en/resources/trading-hours-holidays, https://www.euronext.com/en/trading/trading-hours-holidays, https://connect2.euronext.com/sites/default/files/2025-11/IF251107CADE%202026%20Holiday%20Calendar%20for%20Euronexts%20Cash%20and%20Derivatives%20markets_1.pdf?VersionId=3ehe2.c9cMxv1K36.i6o4tz.5CAJmuw2","{""field"":""holiday_calendar_check"",""reasoning"":""The 2025 and 2026 holiday calendars for Euronext Paris list closed dates for both cash and derivatives markets. These dates are extracted from the provided holiday calendar pages."",""citations"":[{""url"":""https://www.tradinghours.com/markets/euronext-paris"",""title"":""Euronext Paris"",""excerpts"":[""Euronext Paris countdown, 2025 - 2026 market calendar, trading hours, settlement details, and contact information. XPAR is open Mon-Fri, 9:00am - 5:30pm. Closed. 2025 - 2026 XPAR Holidays. 2025 Euronext Paris Holidays Calendar. Weekend. Open. Current. Irregular Schedule. Closed. 2025, 2026. Calendar List View.See more""]},{""url"":""https://www.tipranks.com/calendars/market-holidays/france"",""title"":""France Stock Market Holidays | Holidays upcoming years - TipRanks"",""excerpts"":[""Jan 01, 2025. New Year's Day, closed ; Apr 18, 2025. Good Friday, closed ; Apr 21, 2025. Easter, closed ; May 01, 2025. Labour Day, closed.""]},{""url"":""https://alaricsecurities.com/ufaq/european-stock-exchange-holidays-2025/"",""title"":""European Stock Exchange Holidays 2025 | Alaric Securities"",""excerpts"":[""Sources: Euronext Holidays. 2025-01-01 — France — Euronext Paris — New Year's Day – closed. Sources: Euronext Holidays. 2025-01-01 — Germany ...""]},{""url"":""https://www.calendarlabs.com/euronext-market-holidays-2025/"",""title"":""2025 EURONEXT Market Holidays - CalendarLabs"",""excerpts"":[""EURONEXT market holidays in 2025 are: Jan 1 (New Year's), Mar 29 (Good Friday), Apr 1 (Easter Monday), May 1 (Labor Day), and Dec 25 (Christmas).""]},{""url"":""https://www.euronext.com/en/csd/porto/about-us/working-days-operating-hours"",""title"":""Working Days & Operating hours | Euronext Securities Porto"",""excerpts"":[""Please note that the working calendar for 2026 is available in the Notice No. 25/1162 Closing days in 2026.""]},{""url"":""https://www.euronext.com/en/trading/trading-hours-holidays"",""title"":""Euronext Trading Hours & Holidays"",""excerpts"":[""[Download 2026 Holiday Calendar for Euronext's Cash and Derivatives markets](https://connect2.euronext.com/sites/default/files/2025-11/IF251107CADE%202026%20Holiday%20Calendar%20for%20Euronexts%20Cash%20and%20Derivatives%20markets_1.pdf?VersionId=3ehe2.c9cMxv1K36.i6o4tz.5CAJmuw2)"",""Thursday 1 January 2026 (New Year’s Day) |Closed |Closed |Closed |Closed |Closed |Closed |Closed"",""Friday 2 January 2026\n\n(Substitute for New Year's Day) |Full Trading Day |Full Trading Day |Full Trading Day |Full Trading Day |**\\*No TAH** |Full Trading Day |Full Trading Day"",""**Euronext Holidays** |**Amsterdam** |**Brussels** |**Dublin** |**Lisbon** |**Milan** |**Oslo** |**Paris**\nThursday 1 January 2026 (New Year’s Day) |Closed |Closed |Closed |Closed |Closed |Closed |Closed\nFriday 2 January 2026\n\n(Substitute for New Year's Day) |Full Trading Day |Full Trading Day |Full Trading Day |Full Trading Day |**\\*No TAH** |Full Trading Day |Full Trading Da\nMonday 5 and Tuesday 6 January 2026 |Full Trading Day |Full Trading Day |Full Trading Day |Full Trading Day |**\\*No TAH** |Full Trading Day |Full Trading Day\nWednesday 1 April  (Half trading day, Wednesday before Easter) |Full Trading Day |Full Trading Day |Full Trading Day |Full Trading Day |Full Trading Day |**\\*\\*Half Trading Day** |Full Trading Day\n Trading Day |\n|Thursday 2 April 2026 (Maundy Thursday) |Full Trading Day |Full Trading Day |Full Trading Day |Full Trading Day |**\\*No TAH** |Closed |\n"",""Wednesday 1 April  (Half trading day, Wednesday before Easter) |Full Trading Day |Full Trading Day |Full Trading Day |Full Trading Day |Full Trading Day |**\\*\\*Half Trading Day** |Full Trading Day"",""Thursday 2 April 2026 (Maundy Thursday) |Full Trading Day |Full Trading Day |Full Trading Day |Full Trading Day |**\\*No TAH** |Closed |Full""]},{""url"":""https://live.euronext.com/en/resources/trading-hours-holidays"",""title"":""Trading hours & Holidays | live"",""excerpts"":[""|**Euronext Holidays** |**Amsterdam** |**Brussels** |**Dublin** |**Lisbon** |**Milan** |**Oslo** |**Paris** |\n|Wednesday 1 January  \n(New Year’s Day) |Closed |Closed |Closed |Closed |Closed |Closed |Closed |\n|Thursday 2 January 2025  \n(Substitute for New Year's Day) |Full Trading Day |Full Trading Day |Full Trading Day |Full Trading Day |**\\*No TAH** |Full Trading Day |Full Trading Day |\n|Friday 3 January 2025 |Full Trading Day |Full Trading Day |Full Trading Day |Full Trading Day |**\\*No TAH** |Full Trading Day |Full Trading Day |\n|Monday 6 January 2025 |Full Trading Day |Full Trading Day |Full Trading Day |Full Trading Day |**\\*No TAH** |Full Trading Day |Full Trading Day |\n|Wednesday 16 April  \n(Half trading day, Wednesday before Easter) |Full Trading Day |Full Trading Day |Full Trading Day |Full Trading Day |Full Trading Day |**\\*\\*Half Trading Day** |Full Trading Day |\n|Thursday 17 April 2025  \n(Maundy Thursday) |Full Trading Day |Full Trading Day |Full Trading Day |Full Trading Day |**\\*No TAH** |Closed |Full Trading Day |\n|Friday 18 April 2025  \n(Good Friday) |Closed |Closed |Closed |Closed |Closed |Closed |Closed |\n|\n|Monday 21 April 2025  \n(Easter Monday) |Closed |Closed |Closed |Closed |Closed |Closed |Closed\n""]}],""confidence"":""medium""}"
ICE Clear U.S.,"ICE Clear U.S. is ICE's U.S. clearing house for derivatives, providing holiday calendars that specify closure dates and any products that remain tradable during holidays.",https://www.ice.com/clear-us,no product specific settings,"{""field"":""PRODUCT_HOLIDAY_CHECK"",""reasoning"":""The source material only specifies which products are closed for each holiday and does not mention any products that continue to trade on those holidays. Therefore, there is no information about products that remain active."",""citations"":[{""url"":""https://www.ice.com/publicdocs/clear_us/notices/24-078_2025_Clearing_Holiday_Calendar.pdf"",""title"":""[PDF] ICE Clear U.S. Notice 24/078 2025 Clearing Holiday Calendar"",""excerpts"":[""**Products Closed for Trading:**\n•\nProducts closed for trading on holidays will carry forward the previous settlement price.""]},{""url"":""https://www.ice.com/publicdocs/futures/IFUS_Trading_Hours_Holiday_Calendar.pdf"",""title"":""[PDF] ICE Futures U.S. 2025 Trading Holiday Calendar"",""excerpts"":[""Martin Luther King Day\nMonday, Jan 20\nopen <sup>1</sup>\nopen <sup>1</sup>\nopen <sup>1</sup>\n"",""Good Friday\nFriday, April 18\nclosed\nclosed\nclosed\n""]},{""url"":""https://www.ice.com/publicdocs/clear_us/notices/25-043_ColumbusDay_CanadianThanksgiving.pdf"",""title"":""Fetched web page"",""excerpts"":[""ICE Futures U.S. will be open for trading on Columbus Day and Canadian Thanksgiving Day, **Monday,**\n**October 13, 2025** ."",""Similarly, **October 13, 2025** , will be considered a regular\nbusiness day for ICE Clear U.S.""]}],""confidence"":""medium""}",,"{""field"":""derivatives_exchange_check"",""reasoning"":""The provided description states that ICE Clear U.S. is a clearing house offering central clearing for exchange‑traded and OTC derivatives such as agriculture, metals, interest rates, forex, and equity derivatives, which satisfies the definition of a derivatives exchange."",""citations"":[{""url"":""https://insigniafutures.com/futures-exchange-holiday-calendars/"",""title"":""CME & US ICE Futures Exchange Holiday Calendars"",""excerpts"":[""View upcoming futures exchange holidays and trading hours with our updated holiday calendar for all major U.S. futures exchanges.""]},{""url"":""https://www.tradinghours.com/markets/ice"",""title"":""ICE Market Hours & Holidays 2025"",""excerpts"":[""Intercontinental Exchange countdown, 2025 market calendar, trading hours, settlement details, and contact information. ICE is open Mon-Fri, ...""]},{""url"":""https://www.ice.com/holiday-hours"",""title"":""Holiday Hours - ICE"",""excerpts"":[""Section Title: Holiday Hours > ICE Clearing Houses\n| [ICE Clear U.S.](/clear-us) | Go to [notices](/clear-us/notices) to see holiday hours for |\n| ICE Clear U.S. | Agriculture, equity/equity derivatives, FX, credit, precious metals |\n""]},{""url"":""https://www.ice.com/publicdocs/clear_us/notices/24-078_2025_Clearing_Holiday_Calendar.pdf"",""title"":""[PDF] ICE Clear U.S. Notice 24/078 2025 Clearing Holiday Calendar"",""excerpts"":[""ICE Clear U.S. (ICUS) will observe the following holiday processing schedule for 2025. This calendar\naligns with the **ICE Futures U.S. 2025 Trading Holiday Calendar** and specifies clearing operations\nfor products cleared by ICE Clear U.S.""]},{""url"":""https://www.ice.com/publicdocs/futures/IFUS_Trading_Hours_Holiday_Calendar.pdf"",""title"":""[PDF] ICE Futures U.S. 2025 Trading Holiday Calendar"",""excerpts"":[""ICE Futures U.S., Inc. will observe the following holiday trading calendar for 2025:""]},{""url"":""https://www.ice.com/publicdocs/clear_us/notices/25-043_ColumbusDay_CanadianThanksgiving.pdf"",""title"":""Notice 25/043 Columbus Day and Canadian Thanksgiving ..."",""excerpts"":[""**ICE Clear U.S.**"",""ICE Futures U.S. will be open for trading on Columbus Day and Canadian Thanksgiving Day, **Monday,**\n**October 13, 2025** .""]},{""url"":""https://www.ice.com/clear-us"",""title"":""Fetched web page"",""excerpts"":[""Established in 1915 as the New York Cotton Exchange Clearing Association, ICE Clear U.S. has evolved into a trusted provider of secure, capital-efficient counterparty risk management and post-trade services across a wide range of asset classes. As a leading clearing house, ICE Clear U.S. is dedicated to promoting financial stability and reducing systemic risk through its central clearing services for exchange-traded and OTC derivatives, such as agriculture, metals, interest rates, forex, and equity derivatives.""]}],""confidence"":""medium""}",New Year's Day (2025-01-01); Martin Luther King Day (2025-01-20); Presidents' Day (2025-02-17); Good Friday (2025-04-18); Victoria Day (Canada) (2025-05-19); Memorial Day (2025-05-26); Juneteenth (2025-06-19); Canada Day (2025-07-01); Independence Day (2025-07-04); Terry Fox Day (Canada) (2025-08-04); Labor Day (2025-09-01); National Day for Truth and Reconciliation (Canada) (2025-09-30); Columbus Day (2025-10-13); Veterans Day (2025-11-11); Thanksgiving Day (2025-11-27); Christmas Day (2025-12-25); Boxing Day (Canada) (2025-12-26); Calendar URL: https://www.ice.com/publicdocs/clear_us/notices/24-078_2025_Clearing_Holiday_Calendar.pdf,"{""field"":""holiday_calendar_check"",""reasoning"":""Notice 24/078 lists the 2025 holiday processing schedule for ICE Clear U.S., providing specific holiday names, dates, and indicates that the calendar aligns with the ICE Futures U.S. trading holiday calendar. The PDF URL serves as the calendar source."",""citations"":[{""url"":""https://www.ice.com/holiday-hours"",""title"":""Holiday Hours - ICE"",""excerpts"":[""Holiday hours for ICE's clearing houses are published in the Notices/Circulars/Regulation section of each individual clearing house."",""Section Title: Holiday Hours > ICE Clearing Houses\n| [ICE Clear U.S.](/clear-us) | Go to [notices](/clear-us/notices) to see holiday hours for |\n| ICE Clear U.S. | Agriculture, equity/equity derivatives, FX, credit, precious metals |\n""]},{""url"":""https://www.ice.com/publicdocs/clear_us/notices/24-078_2025_Clearing_Holiday_Calendar.pdf"",""title"":""[PDF] ICE Clear U.S. Notice 24/078 2025 Clearing Holiday Calendar"",""excerpts"":[""**New Year’s Day**\n\nWednesday, Jan. 1\n**Martin Luther King Day**\n\nMonday, Jan. 20\n**Good Friday**\n\nFriday, Apr.\n18\n**Victoria Day (Canada)**\n\nMonday, May 19\n**Memorial Day**\n\nMonday, May 26\n**Juneteenth**\n\nThursday, June 19\n**Canada Day**\n\nTuesday, July 1\n**Independence Day**\n\nFriday, July 4\n**Terry Fox Day (Canada)**\n\nMonday, Aug. 4\n**Labor Day**\n\nMonday, Sep. 1\n**National Day for Truth and**\n\n**Reconciliation (Canada)**\n\nTuesday, Se\n**Columbus Day**\n\nMonday, Oct. 13\n**Veterans Day**\n\nTuesday, Nov. 11\n**Thanksgiving Day**\n\nThursday, Nov. 27\n**Christmas Day**\n\nThursday, Dec. 25\n**Boxing Day (Canada)**\n\nFriday, Dec. 26\n"",""**New Year’s Day**\nWednesday, Jan. 1\nYes\nYes\nAll\n"",""**Martin Luther King Day**\nMonday, Jan. 20\nYes\nAgriculture\n"",""Monday, Feb. 17\nYes\nAgriculture\n"",""**Good Friday**\nFriday, Apr. 18\nYes\nAll\n"",""**Victoria Day (Canada)**\nMonday, May 19\nCanola\n"",""**Memorial Day**\nMonday, May 26\nYes\nAgriculture; Metals\n"",""**Juneteenth**\nThursday, June 19\nYes\nAgriculture\n"",""**Canada Day**\nTuesday, July 1\nCanola\n"",""**Independence Day**\nFriday, July 4\nYes\nAgriculture\n"",""**Terry Fox Day (Canada)**\nMonday, Aug. 4\nCanola\n"",""**Labor Day**\nMonday, Sep. 1\nYes\nAgriculture\n"",""**Columbus Day**\nMonday, Oct. 13\nYes\nCanola\n"",""**Veterans Day**\nTuesday, Nov. 11\nYes\nCanola\n"",""**Thanksgiving Day**\nThursday, Nov. 27\nYes\nAgriculture\n"",""**Christmas Day**\nThursday, Dec. 25\nYes\nYes\nAll\n"",""**Boxing Day (Canada)**\nFriday, Dec. 26\nCanola; Metals\n""]},{""url"":""https://www.ice.com/publicdocs/futures/IFUS_Trading_Hours_Holiday_Calendar.pdf"",""title"":""[PDF] ICE Futures U.S. 2025 Trading Holiday Calendar"",""excerpts"":[""\nNew Year ’ s Day\n\nWednesday, Jan 1\n\nclosed\n\nclosed\n\nMartin Luther King Day\n\nMonday, Jan 20\n\nopen\n\nclosed\n\nPresidents Day/\n\nLouis Riel Day (Canada)\n\nMonday, Feb 17\n\nclosed\n\nclosed\n\nGood Friday\n\nFriday, Apr 18\n\nclosed\n\nclosed\n\nVictoria Day (Canada)\n\nMonday, May 19\n\nclosed\n\nopen\n\nMemorial Day\n\nMonday, May 26\n\nopen\n\nclosed\n\nJuneteenth\n\nThursday, June 19\n\nopen\n\nclosed\n\nCanada Day (Canada)\n\nTuesday, July 1\n\nclosed\n\nopen\n\nIndependence Day\n\nFriday, July 4\n\nopen\n\nclosed\n\nTerry Fox Day (Canada)\n\nMonday, Aug 4\n\nclosed\n\nopen\n\nLabor Day/Labour Day\n\n(Canada)\n\nMonday, Sep 1\n\nclosed\n\nclosed\n\nNational Day for Truth and\n\nReconciliation (Canada)\n\nTuesday, Sep 30\n\nclosed\n\nopen\n\nColumbus Day/\n\nThanksgiving Day (Canada)\n\nMonday, Oct 13\n\nclosed\n\nopen\n\nVeterans Day/\n\nRemembrance Day (Canada)\n\nTuesday, Nov 11\n\nclosed\n\nopen\n\nThanksgiving Day\n\nThursday, Nov 27\n\nopen\n\nclosed\n\nChristmas Day\n\nThursday, Dec 25\n\nclosed\n\nclosed\n\nBoxing Day\n\nFriday, Dec 26\n\nclosed\n\nopen""]},{""url"":""https://www.ice.com/publicdocs/clear_us/notices/25-043_ColumbusDay_CanadianThanksgiving.pdf"",""title"":""Notice 25/043 Columbus Day and Canadian Thanksgiving ..."",""excerpts"":[""ICE Futures U.S. will be open for trading on Columbus Day and Canadian Thanksgiving Day, **Monday,**""]}],""confidence"":""medium""}"
ICE NGX (Intercontinental Exchange New York Gas),"ICE NGX (Intercontinental Exchange New York Gas) is a derivatives exchange that trades futures and options on crude, natural gas, and power. Its official holiday calendar lists specific non‑trading days such as New Year's Day, Family Day, Good Friday, etc., and notes that certain products may continue to trade on some holidays.",https://www.ice.com/ngx/resources,"New Year's Day: Natural Gas, (Electricity Closed), (Alberta Environmental Closed), US Futures Closed; Martin Luther King Jr. Day: Natural Gas, Alberta Environmental, US Futures Closed; Presidents Day-Family Day: Natural Gas, US Futures NatGas Closed/Power Open; Good Friday: Natural Gas, US Futures NatGas Closed/Power Open; Memorial Day: Natural Gas, Alberta Environmental, US Futures NatGas Closed/Power Closed; Juneteenth: Natural Gas, Alberta Environmental, US Futures NatGas Closed/Power Open; Canada Day: Natural Gas, Financial Power, US Futures Open; Independence Day (Observed): Natural Gas, Alberta Environmental, US Futures NatGas Closed/Power Closed; Civic Holiday: Natural Gas, Electricity, US Futures Open; Labour Day: Natural Gas, Financial Power, US Futures Open; National Day for Truth and Reconciliation: Financial Power, Alberta Environmental, US Futures NatGas Closed/Power Open; Columbus Day/Thanksgiving Day (Canada): Natural Gas, Alberta Environmental, US Futures NatGas Closed/Power Open; Veterans Day: Natural Gas, Financial Power, US Futures Open; Thanksgiving Day (US): Natural Gas, US Futures NatGas Closed/Power Closed; Christmas Day: Natural Gas, US Futures NatGas Closed/Power Closed","{""field"":""PRODUCT_HOLIDAY_CHECK"",""reasoning"":""Each holiday notice lists market hours for the Natural Gas, Electricity, Alberta Environmental markets and the status of the US Futures market. Products that have trading hours (i.e., are not listed as \""Closed\"") are considered to continue trading on that holiday."",""citations"":[{""url"":""https://www.ice.com/publicdocs/futures/IFUS_Trading_Hours_Holiday_Calendar.pdf"",""title"":""[PDF] ICE Futures U.S. 2025 Trading Holiday Calendar"",""excerpts"":[""National Day for Truth and. Reconciliation (Canada). Tuesday, Sep 30 closed open. Columbus Day/. Thanksgiving Day (Canada). Monday, Oct 13.""]},{""url"":""https://www.ice.com/publicdocs/Trading_Schedule.pdf"",""title"":""IFEU Trading Schedule: Oil, Utilities and Agricultural"",""excerpts"":[""The Exchange will be closed. Friday 26 December 2025. The Exchange will be OPEN for trading (Regular hours and Settlement periods) except for the following ... IFEU trading includes holidays like New Year's, MLK, and Christmas. Some contracts have early closes, and settlement times are 17:58-18:00 UK for some.""]},{""url"":""https://www.ice.com/ngx/resources"",""title"":""ICE NGX | Customer Resources"",""excerpts"":[""|New Year's Day |Thur |1-Jan-26 |8:30am - 12:00pm |Closed |Closed |NatGas Closed/Power Closed |"",""|Martin Luther King Day |Mon |19-Jan-26 |8:30am - 12:00pm |Closed |5:00am - 3:00pm |NatGas Closed/Power Open |"",""|Presidents Day-Family Day |Mon |16-Feb-26 |8:30am - 12:00pm |Closed |Closed |NatGas Closed/Power Open |"",""|Good Friday |Fri |3-Apr-26 |8:30am - 12:00pm |Closed |Closed |NatGas Closed/Power Open |"",""|Victoria Day |Mon |18-May-26 |5:00am - 3:00pm |5:00am - 3:00pm |Closed |Open |"",""|Memorial Day |Mon |25-May-26 |8:30am - 12:00pm |Closed |5:00am - 3:00pm |NatGas Closed/Power Closed |"",""|Juneteenth |Fri |19-Jun-26 |8:30am - 12:00pm |Closed |5:00am - 3:00pm |NatGas Closed/Power Open |"",""|Canada Day |Wed |1-Jul-26 |5:00am - 3:00pm |5:00am - 3:00pm |Closed |Open |"",""|Independence Day (Observed) |Fri |3-Jul-26 |8:30am - 12:00pm |Closed |5:00am - 3:00pm |NatGas Closed/Power Closed |"",""|Civic Holiday |Mon |3-Aug-26 |5:00am - 3:00pm |5:00am - 3:00pm |Closed |Open |"",""|Labour Day |Mon""]},{""url"":""https://www.ice.com/publicdocs/ngx/notices/Memorial_Day_2025.pdf"",""title"":""[PDF] Memorial Day 2025 Holiday - Intercontinental Exchange"",""excerpts"":[""**ICE NGX Electricity**\n**Market Hours (MST)**\nNatGas Closed/Power\n"",""**ICE NGX Natural Gas**\n**Market Hours (MST)**\nClosed\n"",""**US Futures Market**\nNatGas Closed/Power\n"",""**US Futures Market**\n**Status**\nClosed\n"",""**ICE NGX Alberta**\n**Environmental Market**\nClosed\n""]},{""url"":""https://www.ice.com/publicdocs/ngx/notices/Martin_Luther_King_Jr._Day_2025.pdf"",""title"":""Martin Luther King Jr. Day"",""excerpts"":[""**ICE NGX Natural Gas**\n**Market Hours (MST)**\n**ICE NGX Electricity**\n**Market Hours (MST)**\n**US Futures Market**\n**Status**\n**ICE NGX Alberta**\n**Environmental Market**\n**Hours (MST)**\n8:30am-12:00pm\nClosed\nClosed\n5:00am – 3:00pm"",""Martin Luther King Jr. Day\nICE NGX Market hours on **January 20, 2025** will be as follows:"",""**US Futures Market**\n**Status**\nClosed\n"",""**ICE NGX Alberta**\n**Environmental Market**\n**Hours (MST)**\n5:00am – 3:00pm\n""]},{""url"":""https://www.ice.com/publicdocs/ngx/notices/Juneteenth_2025.pdf"",""title"":""[PDF] Juneteenth 2025 Holiday - ICE"",""excerpts"":[""8:30am-12:00pm\n\nClosed"",""US Futures Market**\n**Status**\n8:30am-12:00pm\nClos\n5:00am - 3:00pm\nNatGas Closed/Power\nOpen\n""]}],""confidence"":""medium""}",,"{""field"":""derivatives_exchange_check"",""reasoning"":""The ICE NGX is described as a natural gas and power trading platform that operates under Intercontinental Exchange (ICE), a leading operator of exchanges and clearing houses. The CFTC filing references “Trading Days on the ICE NGX Trading System,” indicating that ICE NGX provides exchange‑type trading services, which satisfies the definition of a derivatives exchange."",""citations"":[{""url"":""https://www.ice.com/publicdocs/futures/IFUS_Trading_Hours_Holiday_Calendar.pdf"",""title"":""[PDF] ICE Futures U.S. 2025 Trading Holiday Calendar"",""excerpts"":[""National Day for Truth and. Reconciliation (Canada). Tuesday, Sep 30 closed open. Columbus Day/. Thanksgiving Day (Canada). Monday, Oct 13.""]},{""url"":""https://www.ice.com/publicdocs/ngx/notices/Memorial_Day_2025.pdf"",""title"":""[PDF] Memorial Day 2025 Holiday - Intercontinental Exchange"",""excerpts"":[""ICE NGX Market hours on **May 26, 2025** will be as follows:""]},{""url"":""https://www.ice.com/publicdocs/ngx/notices/Martin_Luther_King_Jr._Day_2025.pdf"",""title"":""Martin Luther King Jr. Day"",""excerpts"":[""ICE NGX Market hours on **January 20, 2025** will be as follows:""]},{""url"":""https://www.ice.com/publicdocs/ngx/notices/Juneteenth_2025.pdf"",""title"":""Fetched web page"",""excerpts"":[""ICE NGX Market hours on **June 19, 2025** will be as follows:""]}],""confidence"":""medium""}","New Year's Day: 2025-01-01; Martin Luther King Jr. Day: 2025-01-20; Presidents Day-Family Day: 2025-02-17; Good Friday: 2025-04-18; Memorial Day: 2025-05-26; Juneteenth: 2025-06-19; Canada Day: 2025-07-01; Independence Day (Observed): 2025-07-03; Civic Holiday: 2025-08-04; Labour Day: 2025-09-01; National Day for Truth and Reconciliation: 2025-09-30; Columbus Day/Thanksgiving Day (Canada): 2025-10-13; Veterans Day: 2025-11-11; Thanksgiving Day (US): 2025-11-27; Christmas Day: 2025-12-25; Calendar URLs: https://www.ice.com/ngx/resources, https://www.ice.com/publicdocs/ngx/notices/Martin_Luther_King_Jr._Day_2025.pdf, https://www.ice.com/publicdocs/ngx/notices/Memorial_Day_2025.pdf, https://www.ice.com/publicdocs/ngx/notices/Juneteenth_2025.pdf, https://www.ice.com/publicdocs/ngx/notices/Civic_Holiday_2025.pdf, https://www.ice.com/publicdocs/ngx/notices/US_Thanksgiving_and_Month_Ending_on_November_30,_2025.pdf, https://www.ice.com/publicdocs/support/phys_gas_calendar.pdf","{""field"":""holiday_calendar_check"",""reasoning"":""The ICE NGX holiday schedule is published on the ICE NGX resources page and in individual PDF notices for each holiday. These sources list specific holiday dates for 2025 and 2026 together with market hours, providing a complete calendar and URLs."",""citations"":[{""url"":""https://www.ice.com/holiday-hours"",""title"":""Fetched web page"",""excerpts"":[""|[ICE NGX](/ngx) |Go to [Market Schedule & Holidays](/ngx/market-schedule-holidays) to see holiday hours for ICE NGX |Crude, Natural Gas and Power |""]},{""url"":""https://www.ice.com/publicdocs/ngx/notices/Martin_Luther_King_Jr._Day_2025.pdf"",""title"":""Martin Luther King Jr. Day"",""excerpts"":[""Martin Luther King Jr. Day\nICE NGX Market hours on **January 20, 2025** will be as follows:"",""Martin Luther King Jr. Day""]},{""url"":""https://www.ice.com/publicdocs/ngx/notices/Juneteenth_2025.pdf"",""title"":""[PDF] Juneteenth 2025 Holiday - ICE"",""excerpts"":[""ICE NGX Market hours on **June 19, 2025** will be as follows:"",""Juneteenth 2025 Holiday""]},{""url"":""https://www.ice.com/publicdocs/ngx/notices/Civic_Holiday_2025.pdf"",""title"":""Civic Holiday (Canada) - ICE"",""excerpts"":[""ICE NGX Market hours on August 4, 2025 will be as follows: ICE NGX Natural Gas. Market Hours (MST). ICE NGX Electricity. Market Hours (MST). US Futures Market.""]},{""url"":""https://www.ice.com/publicdocs/ngx/notices/US_Thanksgiving_and_Month_Ending_on_November_30,_2025.pdf"",""title"":""[PDF] US Thanksgiving and Month Ending Sunday, November 30, 2025"",""excerpts"":[""NGX Market hours on November 27, 2025 will be as follows: ICE NGX Natural Gas. Market Hours (MST). ICE NGX Electricity. Market Hours (MST). US ...""]},{""url"":""https://www.ice.com/publicdocs/ngx/notices/Memorial_Day_2025.pdf"",""title"":""[PDF] Memorial Day 2025 Holiday - Intercontinental Exchange"",""excerpts"":[""Memorial Day 2025 Holiday\nICE NGX Market hours on **May 26, 2025** will be as follows:\n"",""Memorial Day 2025 Holiday""]},{""url"":""https://www.ice.com/ngx/resources"",""title"":""Fetched web page"",""excerpts"":[""|New Year's Day |Thur |1-Jan-26 |8:30am - 12:00pm |Closed |Closed |NatGas Closed/Power Closed |"",""|Martin Luther King Day |Mon |19-Jan-26 |8:30am - 12:00pm |Closed |5:00am - 3:00pm |NatGas Closed/Power Open |"",""|Presidents Day-Family Day |Mon |16-Feb-26 |8:30am - 12:00pm |Closed |Closed |NatGas Closed/Power Open |"",""|Good Friday |Fri |3-Apr-26 |8:30am - 12:00pm |Closed |Closed |NatGas Closed/Power Open |"",""|Memorial Day |Mon |25-May-26 |8:30am - 12:00pm |Closed |5:00am - 3:00pm |NatGas Closed/Power Closed |"",""|Juneteenth |Fri |19-Jun-26 |8:30am - 12:00pm |Closed |5:00am - 3:00pm |NatGas Closed/Power Open |"",""|Canada Day |Wed |1-Jul-26 |5:00am - 3:00pm |5:00am - 3:00pm |Closed |Open |"",""|Independence Day (Observed) |Fri |3-Jul-26 |8:30am - 12:00pm |Closed |5:00am - 3:00pm |NatGas Closed/Power Closed |"",""|Civic Holiday |Mon |3-Aug-26 |5:00am - 3:00pm |5:00am - 3:00pm |Closed |Open |"",""Section Title: Customer Resources > Fee Schedule > Market Schedule & Holidays > ICE NGX Regular Hours of Operation\nContent:\n| Days | ICE NGX Market Hours |\n| Monday-Friday | 5:00am – 3:00pm |\n| Saturday, Sunday | 8:30am – 12:00pm |"",""|Holiday |Day |Date |ICE NGX Natural Gas Market Hours (MST) |ICE NGX Financial Power Market Hours (MST) |ICE NGX Alberta Environmental Market Hours (MST) |US Futures Market Status |"",""|Labour Day |Mon"",""|Victoria Day |Mon |18-May-26 |5:00am - 3:00pm |5:00am - 3:00pm |Closed |Open |""]},{""url"":""https://www.ice.com/publicdocs/support/phys_gas_calendar.pdf"",""title"":""[PDF] 2025 us next day gas trading calendar - ICE"",""excerpts"":[""New Year's Day"",""Presidents Day"",""Good Friday"",""Juneteenth"",""Martin Luther King Day"",""Memorial Day"",""Independence Day"",""Veterans Day"",""Columbus Day"",""Thanksgiving Day"",""Christmas Day""]}],""confidence"":""medium""}"
CME Group Holiday and Trading Hours,"CME Group provides an official holiday calendar for its derivatives platform (CME Globex) that enumerates U.S. holidays, shows trading hour adjustments, and indicates that select products (e.g., FX Spot+, futures) continue trading with modified hours on those holidays.",https://www.cmegroup.com/trading-hours.html,"New Year's Day: GLOBEX, Clearport, Trading Floor; Independence Day: GLOBEX, Clearport, Trading Floor; other holidays: unsure","{""field"":""PRODUCT_HOLIDAY_CHECK"",""reasoning"":""Advisory PDFs for New Year's Day and Independence Day state that GLOBEX, Clearport, and the Trading Floor are open, indicating those platforms continue trading on those holidays. For other holidays, the CME site only provides an interactive tool to view product-specific hours, so specific products are not listed, resulting in uncertainty."",""citations"":[{""url"":""https://www.cmegroup.com/tools-information/holiday-calendar/files/2025-new-years-advisory.pdf"",""title"":""[PDF] CME Group Holiday Calendar CME Group Trading Hours"",""excerpts"":[""Please reference the holiday processing schedule below for Wednesday, January 1st in observance of New Year's Day. Trading: GLOBEX, Clearport and Trading Floor. Trades or Giveup transactions Submitted to clearing on the holiday will be cleared the next business day. ○ Position Adjustments or Option Instructions are ...""]},{""url"":""https://www.cmegroup.com/tools-information/holiday-calendar/files/2025/2025-4th-of-july-clearing-advisory.pdf"",""title"":""[PDF] 4th of July Holiday 2025 Clearing Notice - CME Group"",""excerpts"":[""FROM: CME Group Clearing. SUBJECT: HOLIDAY SCHEDULE – Independence Day, Friday, July 4, 2025. Please reference the holiday processing schedule below for Friday, ..."",""**Trading:**\n**GLOBEX, Clearport and Trading Floor**\n""]}],""confidence"":""medium""}",,"{""field"":""derivatives_exchange_check"",""reasoning"":""CME Group is described as the world’s leading derivatives marketplace and operates Designated Contract Markets, confirming it is a derivatives exchange."",""citations"":[{""url"":""https://phidiaspropfirm.com/education/futures-trading-hours"",""title"":""Futures Market Trading Hours: Regular & Holiday Schedules"",""excerpts"":[""Futures Trading Hours Holiday 2025 (CME Group). Below is a table showing the main US trading holidays observed by the CME Group, the biggest futures market ...""]},{""url"":""https://www.cmegroup.com/tools-information/holiday-calendar.html"",""title"":""Fetched web page"",""excerpts"":[""Section Title: CME Group Holiday and Trading Hours > 2025 CME Globex Trading holiday schedules for Partner exchange GME""]},{""url"":""https://www.cmegroup.com/trading-hours.html"",""title"":""CME Group Holiday and Trading Hours"",""excerpts"":[""# CME Group Holiday and Trading Hours""]},{""url"":""https://www.cmegroup.com/tools-information/holiday-calendar/files/2025/2025-4th-of-july-clearing-advisory.pdf"",""title"":""Fetched web page"",""excerpts"":[""FROM:\nCME Group Clearing""]},{""url"":""https://www.cmegroup.com/markets/equities/nasdaq/e-mini-nasdaq-100.html"",""title"":""Fetched web page"",""excerpts"":[""CME Group is the world’s leading derivatives marketplace.""]}],""confidence"":""medium""}","New Year's Day: 2025-01-01; Dr. Martin Luther King, Jr.: 2025-01-20; President’s Day: 2025-02-17; Good Friday: 2025-04-18; Memorial Day: 2025-05-26; Juneteenth: 2025-06-19; Independence Day: 2025-07-04; Labor Day: 2025-09-01; Thanksgiving: 2025-11-27; Christmas: 2025-12-25; Calendar URL: https://www.cmegroup.com/tools-information/holiday-calendar.html","{""field"":""holiday_calendar_check"",""reasoning"":""The CME holiday calendar page lists specific U.S. holidays with their dates and provides a URL to the full calendar, satisfying the requirement for a detailed holiday calendar."",""citations"":[{""url"":""https://www.cmegroup.com/tools-information/holiday-calendar.html"",""title"":""Fetched web page"",""excerpts"":[""| New Year’s | 1 January 2025 | [Holiday Schedule](/trading-hours.html) |"",""| Dr. Martin Luther King, Jr. | 20 January 2025 | [Holiday Schedule](/trading-hours.html) |"",""| President’s Day | 17 February 2025 | [Holiday Schedule](/trading-hours.html) |"",""| Good Friday | 18 April 2025 | [Holiday Schedule](/trading-hours.html) |"",""| Memorial Day | 26 May 2025 | [Holiday Schedule](/trading-hours.html) |"",""| Juneteenth | 19 June 2025 | [Holiday Schedule](/trading-hours.html) |"",""| Independence Day | 4 July 2025 | [Holiday Schedule](/trading-hours.html) |"",""| Labor Day | 1 September 2025 | [Holiday Schedule](/trading-hours.html) |"",""| Thanksgiving | 27 November 2025 | [Holiday Schedule](/trading-hours.html) |"",""| Christmas | 25 December 2025 | [Holiday Schedule](/trading-hours.html) |"",""| **U.S. HOLIDAY** | **INCLUDES THE FOLLOWING DATES:** | **HOLIDAY HOURS** |"",""| New Year’s | 1 January 2026 | [Holiday Schedule](/trading-hours.html) |""]},{""url"":""https://sweetfutures.com/trading-tools/exchange-holiday-hours/"",""title"":""Exchange Holiday Hours - Sweet Futures"",""excerpts"":[""CME Globex® holiday hours can be viewed at www.cmegroup.com/holidaycalendar. ** Note: This schedule is subject to change. Trading hours are usually ...""]},{""url"":""https://www.cmegroup.com/tools-information/holiday-calendar/files/2025/2025-4th-of-july-clearing-advisory.pdf"",""title"":""[PDF] 4th of July Holiday 2025 Clearing Notice - CME Group"",""excerpts"":[""FROM: CME Group Clearing. SUBJECT: HOLIDAY SCHEDULE – Independence Day, Friday, July 4, 2025. Please reference the holiday processing schedule below for Friday, ...""]},{""url"":""https://www.cmegroup.com/tools-information/holiday-calendar/files/2025-new-years-advisory.pdf"",""title"":""[PDF] CME Group Holiday Calendar CME Group Trading Hours"",""excerpts"":[""Please reference the holiday processing schedule below for Wednesday, January 1st in observance of New Year's Day. Trading: GLOBEX, Clearport and Trading Floor. Trades or Giveup transactions Submitted to clearing on the holiday will be cleared the next business day. ○ Position Adjustments or Option Instructions are ...""]},{""url"":""https://investor.cmegroup.com/static-files/9e7ec980-1a34-4d3c-b97d-7f7f96fcae14"",""title"":""[PDF] CME Announces Labor Day Holiday Hours"",""excerpts"":[""Monday, Sept. 6 Exchange trading floors closed in observance of Labor. Day. GLOBEX trading continues uninterrupted, except for equities which ...""]},{""url"":""https://phidiaspropfirm.com/education/futures-trading-hours"",""title"":""Futures Market Trading Hours: Regular & Holiday Schedules"",""excerpts"":[""Futures Trading Hours Holiday 2025 (CME Group). Below is a table showing the main US trading holidays observed by the CME Group, the biggest futures market ...""]},{""url"":""https://edgeclear.com/exchange-holiday-hours/"",""title"":""2025 Exchange holiday calendar - EdgeClear"",""excerpts"":[""CME Globex will observe the following holidays in 2025. Trading times and days affected may vary depending on the holiday.""]}],""confidence"":""medium""}"
"Cboe Global Markets, Inc.","Cboe Global Markets, Inc. (CBOE) operates major U.S. derivatives exchanges and publishes detailed holiday calendars for equities, options and other derivative products, including dates when markets are fully closed and days when limited trading continues.",https://www.cboe.com/about/hours/,"New Year's Day: Futures
National Day of Mourning (NDoM) - Jimmy Carter: Futures
Martin Luther King, Jr. Day: Futures
Presidents' Day: Futures
Good Friday: Futures (no extended hours)
Memorial Day: Futures
Juneteenth Holiday: Futures
Independence Day Early Close: Futures
Independence Day: Futures
Labor Day: Futures
Thanksgiving Day: Futures
Thanksgiving Early Close: Futures
Christmas Early Close: Futures
Christmas Day: Futures
New Year's Day Early Close: Futures","{""field"":""PRODUCT_HOLIDAY_CHECK"",""reasoning"":""The source lists trading status per product for each holiday. Futures are shown to have extended trading hours on many holidays, indicating they continue trading, while Equities and FI are generally closed or have early close."",""citations"":[{""url"":""https://www.cboe.com/us/futures/notices/schedule_update/"",""title"":""Cboe U.S. Futures Exchange Schedule Update Notices"",""excerpts"":[""Cboe Futures Exchange, LLC (CFE) will have modified trading hours for the Thanksgiving Day holiday, which will be observed on Thursday, November 27, 2025.""]},{""url"":""https://www.cboe.com/about/hours/us-futures/"",""title"":""CFE Trading Hours & Holidays - Cboe Global Markets"",""excerpts"":[""Section Title: Hours & Holidays > CFE Trading Hours > 2025 Futures Holiday Schedule"",""| Juneteenth Holiday | June 19 | None | 5:00 PM (Wed) to 10:30 AM (Thu) and 5:00 PM (Thu) to 8:30 AM (Fri) |"",""| New Year's Day | January 1 | None | 5:00 PM (Wed) to 8:30 AM (Thu) |"",""| National Day of Mourning (NDoM) - Jimmy Carter | January 9 | None | 5:00 PM (Wed) to 8:30 AM (Thu) and 5:00 PM (Thu) to 8:30 AM (Fri) |"",""| Martin Luther King, Jr. Day | January 20 | None | 5:00 PM (Sun) to 10:30 AM (Mon) and 5:00 PM (Mon) to 8:30 AM (Tue) |"",""| Presidents' Day | February 17 | None | 5:00 PM (Sun) to 10:30 AM (Mon) and 5:00 PM (Mon) to 8:30 AM (Tue) |"",""| Good Friday | April 18 | None | None |"",""| Memorial Day | May 26 | None | 5:00 PM (Sun) to 10:30 AM (Mon) and 5:00 PM (Mon) to 8:30 AM (Tue) |"",""| Independence Day Early Close | July 3 | 08:30:00 - 12:15:00 | 5:00 PM (Wed) to 8:30 AM (Thu) |"",""| Independence Day | July 4 | None | 5:00 PM (Thu) to 10:30 AM (Fri) |"",""| Labor Day | September 1 | None | 5:00 PM (Sun) to 10:30 AM (Mon) and 5:00 PM (Mon) to 8:30 AM (Tue) |"",""\n| Thanksgiving Day | November 27 | None | 5:00 PM (Wed) to 10:30 AM (Thu) and 5:00 PM (Thu) to 8:30 AM (Fri) |"",""| Thanksgiving Early Close | November 28 | 08:30:00 - 12:15:00 | 5:00 PM (Wed) to 10:30 AM (Thu) and 5:00 PM (Thu) to 8:30 AM (Fri) |"",""| Christmas Early Close | December 24 | 08:30:00 - 12:15:00 | 5:00 PM (Tue) to 8:30 AM (Wed) |""]}],""confidence"":""low""}",,"{""field"":""derivatives_exchange_check"",""reasoning"":""Cboe Global Markets, Inc. is described as operating as a derivatives exchange, offering trading in options, futures and other derivative products."",""citations"":[{""url"":""https://www.cboe.com/about/hours/"",""title"":""Fetched web page"",""excerpts"":[""[Derivatives](/europe/derivatives/overview)""]},{""url"":""https://www.cboe.com/about/hours/us-futures/"",""title"":""Fetched web page"",""excerpts"":[""Section Title: Hours & Holidays > CFE Trading Hours""]}],""confidence"":""medium""}","2025 Holidays:
- New Year's Day: 2025-01-01
- National Day of Mourning (NDoM) - Jimmy Carter: 2025-01-09
- Martin Luther King, Jr. Day: 2025-01-20
- Presidents' Day: 2025-02-17
- Good Friday: 2025-04-18
- Memorial Day: 2025-05-26
- Juneteenth Holiday: 2025-06-19
- Independence Day Early Close: 2025-07-03
- Independence Day: 2025-07-04
- Labor Day: 2025-09-01
- Columbus Day (FI only): 2025-10-13
- Veterans Day (FI only): 2025-11-11
- Thanksgiving Day: 2025-11-27
- Thanksgiving Early Close: 2025-11-28
- Christmas Early Close: 2025-12-24
- Christmas Day: 2025-12-25
- New Year's Day Early Close (FI only): 2025-12-31

2026 Holidays:
- New Year's Day: 2026-01-01
- Martin Luther King, Jr. Day: 2026-01-19
- Presidents' Day: 2026-02-16
- Good Friday: 2026-04-03
- Memorial Day: 2026-05-25
- Juneteenth Holiday: 2026-06-19
- Independence Day Observed: 2026-07-03
- Labor Day: 2026-09-07
- Columbus Day (FI only): 2026-10-12
- Veterans Day (FI only): 2026-11-11
- Thanksgiving Day: 2026-11-26
- Thanksgiving Early Close: 2026-11-27
- Christmas Early Close: 2026-12-24
- Christmas Day: 2026-12-25
- New Year's Day Early Close (FI only): 2026-12-31

Calendar URLs:
- https://www.cboe.com/about/hours/
- https://www.cboe.com/about/hours/fi/
- https://www.cboe.com/about/hours/us-futures/","{""field"":""holiday_calendar_check"",""reasoning"":""The source provides detailed holiday calendars for 2025 and 2026, including dates for each holiday and links to the full calendar pages."",""citations"":[{""url"":""https://www.cboe.com/about/hours/"",""title"":""Hours & Holidays - Cboe Global Markets"",""excerpts"":[""| Holiday | Date |\n| New Year's Day | January 1 |\n| National Day of Mourning (NDoM) - Jimmy Carter | January 9 |\n| Martin Luther King, Jr. Day | January 20 |\n| Presidents' Day | February 17 |\n| Good Friday | April 18 |\n| Memorial Day | May 26 |\n| Juneteenth Holiday | June 19 |\n| Independence Day Early Close | July 3 |\n| Independence Day | July 4 |\n| Labor Day | September 1 |\n| Thanksgiving Day | November 27 |\n| Thanksgiving Early Close | November 28 |\n| Christmas Early Close | December 24 |\n| Christmas Day | December 25 |\n"",""| Holiday | Date |\n| New Year's Day | January 1 |\n| Martin Luther King, Jr. Day | January 19 |\n| Presidents' Day | February 16 |\n| Good Friday | April 3 |\n| Memorial Day | May 25 |\n| Juneteenth Holiday | June 19 |\n| Independence Day Observed | July 3 |\n| Labor Day | September 7 |\n| Thanksgiving Day | November 26 |\n| Thanksgiving Early Close | November 27 |\n| Christmas Early Close | December 24 |\n| Christmas Day | December 25 |\n"",""[Hours & Holidays](/about/hours)""]},{""url"":""https://www.cboe.com/about/hours/fi/"",""title"":""Hours & Holidays | Cboe"",""excerpts"":[""### 2025 U.S. Holiday Schedule\n\n|Holiday |Date |\n| --- | --- |\n|New Year's Day |January 1 |\n|National Day of Mourning - Jimmy Carter Early Close |January 9 |\n|Martin Luther King, Jr. Day |January 20 |\n|Presidents' Day |February 17 |\n|Good Friday Early Close |April 17 |\n|Good Friday |April 18 |\n|Memorial Day Early Close |May 23 |\n|Memorial Day |May 26 |\n|Juneteenth Holiday |June 19 |\n|U.S. Independence Day Early Close |July 3 |\n|U.S. Independence Day |July 4 |\n|Labor Day |September 1 |\n|Columbus Day |October 13 |\n|Veterans Day |November 11 |\n|Thanksgiving Day |November 27 |\n|Thanksgiving Early Close |November 28 |\n|Christmas Early Close |December 24 |\n|Christmas Day |December 25 |\n|New Year's Day Early Close |December 31 |"",""### 2026 U.S. Holiday Schedule\n\n|Holiday |Date |\n| --- | --- |\n|New Year's Day |January 1 |\n|Martin Luther King, Jr. Day |January 19 |\n|Presidents' Day |February 16 |\n|Good Friday Early Close |April 3 |\n|Memorial Day Early Close |May 22 |\n|Memorial Day |May 25 |\n|Juneteenth Holiday |June 19 |\n|U.S. Independence Day Early Close |July 2 |\n|U.S.\nIndependence Day (observed) |July 3 |\n|Labor Day |September 7 |\n|Columbus Day |October 12 |\n|Veterans Day |November 11 |\n|Thanksgiving Day |November 26 |\n|Thanksgiving Early Close |November 27 |\n|Christmas Early Close |December 24 |\n|Christmas Day |December 25 |\n|New Year's Day Early Close |December 31 |""]},{""url"":""https://www.cboe.com/about/hours/us-futures/"",""title"":""CFE Trading Hours & Holidays - Cboe Global Markets"",""excerpts"":[""### 2025 Futures Holiday Schedule\n|Holiday |Date |Regular Trading Hours |Extended Trading Hours |\n|New Year's Day |January 1 |None |5:00 PM (Wed) to 8:30 AM (Thu) |\n|National Day of Mourning (NDoM) - Jimmy Carter |January 9 |None |5:00 PM (Wed) to 8:30 AM (Thu) and 5:00 PM (Thu) to 8:30 AM (Fri) |\n|Martin Luther King, Jr. Day |January 20 |None |5:00 PM (Sun) to 10:30 AM (Mon) and 5:00 PM (Mon) to 8:30 AM (Tue) |\n|Presidents' Day |February 17 |None |5:00 PM (Sun) to 10:30 AM (Mon) and 5:00 PM (Mon) to 8:30 AM (Tue) |\n|Good Friday\n|April 18 |None |None |\n|Memorial Day |May 26 |None |5:00 PM (Sun) to 10:30 AM (Mon) and 5:00 PM (Mon) to 8:30 AM (Tue) |\n|Juneteenth Holiday |June 19 |None |5:00 PM (Wed) to 10:30 AM (Thu) and 5:00 PM (Thu) to 8:30 AM (Fri) |\n|Independence Day Early Close |July 3 |08:30:00 - 12:15:00 |5:00 PM (Wed) to 8:30 AM (Thu) |\n|Independence Day |July 4 |None |5:00 PM (Thu) to 10:30 AM (Fri) |\n|Labor Day |September 1 |None |5:00 PM (Sun) to 10:30 AM (Mon) and 5:00 PM (Mon) to 8:30 AM (Tue) |\n|Thanksgiving Day |November 27 |None |5:00 PM (Wed) to 10:30 AM (Thu) and 5:00 PM (Thu) to 8:30 AM (Fri) |\n|Thanksgiving Early Close |November 28 |08:30:00 - 12:15:00 |5:00 PM (Wed) to 10:30 AM (Thu) and 5:00 PM (Thu) to 8:30 AM (Fri) |\n|Christmas Early Close |December 24 |08:30:00 - 12:15:00 |5:00 PM (Tue) to 8:30 AM (Wed) |\n|Christmas Day |December 25 |None |5:00 PM (Thu) to 8:30 AM (Fri) |\n"",""### 2026 Futures Holiday Schedule\n|Holiday |Date |Regular Trading Hours |Extended Trading Hours |\n|New Year's Day |January 1 |None |5:00 PM (Thu) to 8:30 AM (Fri) |\n|Martin Luther King, Jr. Day |January 19 |None |5:00 PM (Sun) to 10:30 AM (Mon) and 5:00 PM (Mon) to 8:30 AM (Tue) |\n|Presidents' Day |February 16 |None |5:00 PM (Sun) to 10:30 AM (Mon) and 5:00 PM (Mon) to 8:30 AM (Tue) |\n|Good Friday |April 3 |None |5:00 PM (Thu) to 8:30 AM (Fri) |\n|Memorial Day |May 25 |None |5:00 PM (Sun) to 10:30 AM (Mon) and 5:00 PM (Mon) to 8:30 AM (Tue) |\n|Juneteenth Holiday |June 19 |None |5:00\nPM (Thu) to 10:30 AM (Fri) |\n|Independence Day Observed |July 3 |None |5:00 PM (Thu) to 10:30 AM (Fri) |\n|Labor Day |September 7 |None |5:00 PM (Sun) to 10:30 AM (Mon) and 5:00 PM (Mon) to 8:30 AM (Tue) |\n|Thanksgiving Day |November 26 |None |5:00 PM (Wed) to 10:30 AM (Thu) and 5:00 PM (Thu) to 8:30 AM (Fri) |\n|Thanksgiving Early Close |November 27 |08:30:00 - 12:15:00 |5:00 PM (Wed) to 10:30 AM (Thu) and 5:00 PM (Thu) to 8:30 AM (Fri) |\n|Christmas Early Close |December 24 |08:30:00 - 12:15:00 |5:00 PM (Wed) to 8:30 AM (Thu) |\n|Christmas Day |December 25 |None |None |\n"",""Section Title: Hours & Holidays > CFE Trading Hours > 2025 Futures Holiday Schedule"",""| Holiday | Date | Regular Trading Hours | Extended Trading Hours |"",""| New Year's Day | January 1 | None | 5:00 PM (Wed) to 8:30 AM (Thu) |"",""| National Day of Mourning (NDoM) - Jimmy Carter | January 9 | None | 5:00 PM (Wed) to 8:30 AM (Thu) and 5:00 PM (Thu) to 8:30 AM (Fri) |"",""| Martin Luther King, Jr. Day | January 20 | None | 5:00 PM (Sun) to 10:30 AM (Mon) and 5:00 PM (Mon) to 8:30 AM (Tue) |"",""| Presidents' Day | February 17 | None | 5:00 PM (Sun) to 10:30 AM (Mon) and 5:00 PM (Mon) to 8:30 AM (Tue) |"",""| Good Friday | April 18 | None | None |"",""| Memorial Day | May 26 | None | 5:00 PM (Sun) to 10:30 AM (Mon) and 5:00 PM (Mon) to 8:30 AM (Tue) |"",""| Juneteenth Holiday | June 19 | None | 5:00 PM (Wed) to 10:30 AM (Thu) and 5:00 PM (Thu) to 8:30 AM (Fri) |"",""| Independence Day Early Close | July 3 | 08:30:00 - 12:15:00 | 5:00 PM (Wed) to 8:30 AM (Thu) |"",""| Independence Day | July 4 | None | 5:00 PM (Thu) to 10:30 AM (Fri) |"",""| Labor Day | September 1 | None | 5:00 PM (Sun) to 10:30 AM (Mon) and 5:00 PM (Mon) to 8:30 AM (Tue) |"",""\n| Thanksgiving Day | November 27 | None | 5:00 PM (Wed) to 10:30 AM (Thu) and 5:00 PM (Thu) to 8:30 AM (Fri) |"",""| Thanksgiving Early Close | November 28 | 08:30:00 - 12:15:00 | 5:00 PM (Wed) to 10:30 AM (Thu) and 5:00 PM (Thu) to 8:30 AM (Fri) |"",""| Christmas Early Close | December 24 | 08:30:00 - 12:15:00 | 5:00 PM (Tue) to 8:30 AM (Wed) |""]}],""confidence"":""high""}"
JSE Limited (South Africa),"JSE Limited (South Africa) is the operator of the Johannesburg Stock Exchange, providing a derivatives marketplace that publishes holiday calendars indicating full or partial trading closures; certain derivative products may remain tradable on selected holidays.",https://www.jse.co.za,no product specific settings,"{""field"":""PRODUCT_HOLIDAY_CHECK"",""reasoning"":""The document lists \""Close Out\"" dates for various derivative products but does not specify any products that continue trading on the public holidays. Therefore, there are no product-specific holiday trading settings mentioned."",""citations"":[],""confidence"":""medium""}",,"{""field"":""derivatives_exchange_check"",""reasoning"":""The JSE Markets Calendar 2025 (Market Notice 305/2024) explicitly lists \""Relates to: ☒ Equity Derivatives Market, ☒ Commodity Derivatives Market, ☒ Currency Derivatives Market, ☒ Interest Rate Derivatives Market\"", confirming that JSE Limited operates a derivatives market, therefore it is a derivatives exchange."",""citations"":[{""url"":""https://clientportal.jse.co.za/communication/jse-market-notices"",""title"":""Market Notices 2025 | JSE Client Portal"",""excerpts"":[""Market Notices 2025 ; Notice Number: 394 · Changes to Initial Margin Requirements for Derivative Markets - 19 November 2025 ; Notice Number: 393 · Changes to ...""]},{""url"":""https://clientportal.jse.co.za/Content/JSE%20Trading%20Dates%20and%20Calendars%20Items/JSE%20Market%20Notice%2030524%20All%20Markets%20-%20JSE%20Markets%20Calendar%202025.pdf"",""title"":""Fetched web page"",""excerpts"":[""Trading Day\nBDA Month End\nCommodity\nDerivatives\nDiesel Last\nTrading\nDay\nEquity\nDerivatives\nMonthly\nClose Out\nCommodity\nDerivatives\nPhysical\nGrain\nContracts\nLast Trading\nDay"",""**Relates to:**\n☒ Equity Market\n☒ Equity Derivatives Market\n☒ Commodity Derivatives Market\n☒ Currency Derivatives Market\n☒ Interest Rate Derivatives Market\n☒ Bond Market\n☒ Bond ETP Market"",""Currency Derivatives Market"",""Interest Rate Derivatives Market""]},{""url"":""https://www.tradinghours.com/markets/jse"",""title"":""JSE Market Hours & Holidays 2025 - 2026 - TradingHours.com"",""excerpts"":[""* [**ZFXM** ( _JSE CURRENCY DERIVATIVES MARKET_ )](/mic/s/zfxm)"",""* [**XSAF** ( _JSE EQUITY DERIVATIVES MARKET_ )](/mic/s/xsaf)""]},{""url"":""https://clientportal.jse.co.za/reports/trading-calendars"",""title"":""Trading Calendars - JSE Client Portal"",""excerpts"":[""Section Title: []() [Trading-Calendars](/reports/trading-calendars \""Trading-Calendars\"") > Commodity Derivatives"",""## Equity Derivatives""]},{""url"":""https://clientportal.jse.co.za/Content/JSE%20Trading%20Dates%20and%20Calendars%20Items/EquityDerivativesTradingHours.pdf"",""title"":""Fetched web page"",""excerpts"":[""EQUITY DERIVATIVES MARKET TRADING HOURS""]},{""url"":""https://clientportal.jse.co.za/Content/JSE%20Trading%20Dates%20and%20Calendars%20Items/Trading%20Calendar%20Energy%20and%20Metals.pdf"",""title"":""Fetched web page"",""excerpts"":["" **TRADING CALENDAR FOR METALS & ENERGY**"",""JSE CONTRACT CODES:""]},{""url"":""https://clientportal.jse.co.za/Content/JSE%20Trading%20Dates%20and%20Calendars%20Items/Trading%20Calendar%20Quanto%20Futures.pdf"",""title"":""Fetched web page"",""excerpts"":["" **TRADING CALENDAR FOR QUANTO FUTURES & OPTIONS**"",""**ALL QUANTO PRODUCTS**""]}],""confidence"":""medium""}",New Year's Day: 2025-01-01; Human Rights Day: 2025-03-21; Good Friday: 2025-04-18; Family Day: 2025-04-21; Freedom Day: 2025-04-27 (observed 2025-04-28); Workers' Day: 2025-05-01; Youth Day: 2025-06-16; National Women's Day: 2025-08-09 (observed 2025-08-11); Heritage Day: 2025-09-24; Day of Reconciliation: 2025-12-16; Christmas Day: 2025-12-25; Day of Goodwill: 2025-12-26; Calendar URL: https://clientportal.jse.co.za/Content/JSE%20Trading%20Dates%20and%20Calendars%20Items/JSE%20Market%20Notice%2030524%20All%20Markets%20-%20JSE%20Markets%20Calendar%202025.pdf,"{""field"":""holiday_calendar_check"",""reasoning"":""The market notice provides a detailed list of public holidays for 2025 with exact dates and includes the full calendar PDF URL, satisfying the requirement for a holiday calendar with specific dates and a source link."",""citations"":[{""url"":""https://clientportal.jse.co.za/Content/JSE%20Trading%20Dates%20and%20Calendars%20Items/JSE%20Market%20Notice%2030524%20All%20Markets%20-%20JSE%20Markets%20Calendar%202025.pdf"",""title"":""Fetched web page"",""excerpts"":[""Trading Day\nBDA Month End\nCommodity\nDerivatives\nDiesel Last\nTrading\nDay\nEquity\nDerivatives\nMonthly\nClose Out\nCommodity\nDerivatives\nPhysical\nGrain\nContracts\nLast Trading\nDay"",""The updated JSE Markets Calendar 2025 can be found on this link: **Trading Calendar**"",""This Market Notice is available on the JSE website at: **JSE Market Notices**""]},{""url"":""https://www.forexchurch.com/stock-market-holidays/johannesburg-stock-exchange"",""title"":""Johannesburg Stock Exchange JSE Holidays 2025 | Trading Hours."",""excerpts"":[""2025 Johannesburg Stock Exchange (JSE) Holidays ; Youth Day, 16 June ; Heritage Day, 24 September ; Day of Reconciliation, 16 December ; Christmas Day, 25 December. 2025 Johannesburg Stock Exchange (JSE) Holidays ; Workers' Day, 01 May ; Youth Day, 16 June ; Heritage Day, 24 September ; Day of Reconciliation, 16 December.""]},{""url"":""https://alaricsecurities.com/ufaq/middle-east-and-africa-stock-exchange-holidays-2025/"",""title"":""Middle East & Africa Stock Exchange Holidays 2025 - Alaric Securities"",""excerpts"":[""2025-03-21 — JSE — Human Rights Day – closed · 2025-04-18 — JSE — Good Friday – closed · 2025-04-21 — JSE — Family Day – closed · 2025-12-16 — JSE ...""]},{""url"":""https://alaricsecurities.com/ufaq-category/stock-market-holidays-2025/"",""title"":""Stock Market Holidays 2025 Archives - Alaric Securities"",""excerpts"":[""... Calendar 2025-01-01 — South Africa — Johannesburg Stock Exchange (JSE) — New Year's Day – closed Sources: JSE ... ... Click here to see the full list of ...""]},{""url"":""https://clientportal.jse.co.za/reports/trading-calendars"",""title"":""Trading Calendars - JSE Client Portal"",""excerpts"":[""* [JSE Market Notice 30524 All Markets - JSE Markets Calendar 2025](https://clientportal.jse.co.za/Content/JSE Trading Dates and Calendars Items/JSE Market Notice 30524 All Markets - JSE Markets Calendar 2025.pdf)""]}],""confidence"":""medium""}"
Zhengzhou Commodity Exchange (ZCE),"The Zhengzhou Commodity Exchange (ZCE) is a Chinese derivatives exchange that publishes a holiday calendar showing exchange closures and, for certain products, continued trading on holidays.",,no product specific settings,"{""field"":""PRODUCT_HOLIDAY_CHECK"",""reasoning"":""The notices state that the market is completely closed for all products on each listed holiday and do not mention any products that continue trading. Therefore, there are no product‑specific settings for holiday trading."",""citations"":[{""url"":""https://english.czce.com.cn/en/AboutUs/News/ggytz/webinfo/2024/12/1726398752890244.htm"",""title"":""Notice on Trading Schedule during National Holidays for Year 2025"",""excerpts"":[""The market will be closed on holiday January 1 , 202 5 ( Wednesday ), and will be opened as usual on January 2 , 202 5 (Thursday""]},{""url"":""https://english.czce.com.cn/en/AboutUs/News/ggytz/webinfo/2023/12/1703386438499236.htm"",""title"":""Fetched web page"",""excerpts"":[""1\\. New Year’s Day: The market will be closed during holiday s from December 30 , 2023 (Saturday) to January 1 , 202 4 (Monday) , and will be opened as usual on January 2 , 202 4 (Tuesday)."",""There will be no night trading session on Febru ary 8 , 202 4 (Thursday).""]},{""url"":""http://english.czce.com.cn/en/AboutUs/News/ggytz/webinfo/2024/09/1726389586666071.htm"",""title"":""Fetched web page"",""excerpts"":[""No night trading session will be carried out on the night of September 13 , 202 4 ( Fri day) . The night trading session will be resumed on the night of September 18 , 202 4 ( Wednesday ) . The call auction session for all contracts on September 18 , 202 4 ( Wednesday ) is from 08:55 a.m. to 09:00 a.m.""]}],""confidence"":""medium""}",,"{""field"":""derivatives_exchange_check"",""reasoning"":""The Zhengzhou Commodity Exchange (ZCE) is described as a commodities exchange that offers futures and options contracts, which are derivative products. This confirms that ZCE is a derivatives exchange."",""citations"":[{""url"":""https://english.czce.com.cn/"",""title"":""Zhengzhou Commodity Exchange"",""excerpts"":[""Contract Month. January, March, May, July, September, and November ; Trading Hours. 9:00-11:30 and 13:30-15:00(Beijing time) and other trading hours prescribed ... On January 12th, 2023, ZCE off... On August 26, 2022, ZCE launch... On ... 2023; effective as of June 21, 2024). Underlying. Dried Jujube Futures ...""]},{""url"":""https://english.czce.com.cn/en/AboutUs/News/ggytz/webinfo/2024/12/1726398752890244.htm"",""title"":""Notice on Trading Schedule during National Holidays for Year 2025"",""excerpts"":[""According to the related Notice issued by China Securities Regulatory Commission (CSRC), Zhengzhou Commodity Exchange (ZCE) hereby announces the following trading schedule during national holidays for year 202 5 ""]},{""url"":""https://english.czce.com.cn/en/AboutUs/News/ggytz/webinfo/2023/12/1703386438499236.htm"",""title"":""Notice on Trading Schedule during National Holidays for Year 2024"",""excerpts"":[""According to the related Notice issued by China Securities Regulatory Commission (CSRC), Zhengzhou Commodity Exchange (ZCE) hereby announces the following trading schedule during national holidays for year 202 4 :""]},{""url"":""https://english.czce.com.cn/en/AboutUs/News/ggytz/webinfo/2024/03/1708572320556523.htm"",""title"":""Zhengzhou Commodity Exchange Notice on Night Trading Session during 2024 Qingming Festival Holidays"",""excerpts"":[""According to _Notice on Trading Schedule during National Holidays for Year 202_ _4_ , Zhengzhou Commodity Exchange hereby clarifies the night trading session arrangement during 202 4 Qingming Festival holiday s as follows:""]},{""url"":""https://english.czce.com.cn/en/AboutUs/News/ggytz/webinfo/2023/12/1703386602348988.htm"",""title"":""Notice on Night Trading Session during 2024 New Year Holiday"",""excerpts"":[""Zhengzhou Commodity Exchange hereby clarifies the night trading session arrangement during 202 4 New Year holiday as follows:""]},{""url"":""http://english.czce.com.cn/en/AboutUs/News/ggytz/webinfo/2024/09/1726389586666071.htm"",""title"":""Fetched web page"",""excerpts"":[""Zhengzhou Commodity Exchange""]}],""confidence"":""medium""}","New Year's Day: 2023-12-30 to 2024-01-01; Spring Festival: 2024-02-09 to 2024-02-17; Qingming Festival: 2024-04-04 to 2024-04-06; Labor Day: 2024-05-01 to 2024-05-05; Dragon Boat Festival: 2024-06-08 to 2024-06-10; Mid-Autumn Festival: 2024-09-15 to 2024-09-17; National Day: 2024-10-01 to 2024-10-07; New Year's Day (2025): 2025-01-01; Spring Festival (2025): 2025-01-28 to 2025-02-04; Qingming Festival (2025): 2025-04-04 to 2025-04-06; Labor Day (2025): 2025-05-01 to 2025-05-05; Dragon Boat Festival (2025): 2025-05-31 to 2025-06-02; Mid-Autumn Festival and National Day (2025): 2025-10-01 to 2025-10-08; Calendar URLs: https://english.czce.com.cn/en/AboutUs/News/ggytz/webinfo/2023/12/1703386438499236.htm, https://english.czce.com.cn/en/AboutUs/News/ggytz/webinfo/2024/12/1726398752890244.htm","{""field"":""holiday_calendar_check"",""reasoning"":""The provided notices list the exact holiday periods for 2024 and 2025, including start and end dates, and also give the URLs where the full calendars are published on the ZCE English website."",""citations"":[{""url"":""https://mondovisione.com/media-and-resources/news/zhengzhou-commodity-exchange-notice-on-trading-schedule-during-national-holiday-3-20241224/"",""title"":""Notice On Trading Schedule During National Holidays For Year 2025"",""excerpts"":[""4. Labor Day: The market will be closed during holidays from May 1, 2025 (Thursday) to May 5, 2025 (Monday), and will be opened as usual on May ... New Year's Day: The market will be closed on holiday January 1, 2025 (Wednesday), and will be opened as usual on January 2, 2025 (Thursday).""]},{""url"":""https://www.webull.com/news/12013958910436352"",""title"":""The Zhengzhou Commodity Exchange announced the ... - Webull"",""excerpts"":[""The Zhengzhou Commodity Exchange announced the market closure schedule for some holidays in 2025: New Year's Day: Closed on January 1, and the ...""]},{""url"":""http://english.czce.com.cn/en/AboutUs/News/ggytz/webinfo/2025/04/1747231187327963.htm"",""title"":""Risk Control Rules of Zhengzhou Commodity Exchange"",""excerpts"":[""Notice on Adjustments to Margins and Price Limits of ZCE Products during 2025 Labor Day Holidays. Modified date：2025-04-24. Print. To Members:.""]},{""url"":""https://english.czce.com.cn/en/AboutUs/News/ggytz/webinfo/2023/12/1703386602348988.htm"",""title"":""Notice on Night Trading Session during 2024 New Year Holiday"",""excerpts"":[""According to Notice on Trading Schedule during National Holidays for Year 2024, Zhengzhou Commodity Exchange hereby clarifies the night trading ..."",""Modified date：2023-12-28"",""No night trading session will be carried out on the night of December 29 , 202 3 ( Friday ) . The night trading session will be resumed on the night of January 2 , 202 4 ( Tuesday ) . The call auction session for all contracts on January 2 , 202 4 ( Tuesday ) is from 08:55 a.m. to 09:00 a.m.""]},{""url"":""https://english.czce.com.cn/en/AboutUs/News/ggytz/webinfo/2024/03/1708572320556523.htm"",""title"":""4 - Zhengzhou Commodity Exchange"",""excerpts"":[""According to Notice on Trading Schedule during National Holidays for Year 2024, Zhengzhou Commodity Exchange hereby clarifies the night trading ..."",""No night trading session will be carried out on the night of April 3 , 202 4 ( Wednes day) . The night trading session will be resumed on the night of April 8 , 202 4 (Monday) .""]},{""url"":""https://english.czce.com.cn/en/AboutUs/News/ggytz/webinfo/2024/12/1726398926741628.htm"",""title"":""Notice on Night Trading Session during 2025 New Year Holiday"",""excerpts"":[""No night trading session will be carried out on the night of December 31, 2024 (Tuesday). The night trading session will be resumed on the night ...""]},{""url"":""http://english.czce.com.cn/en/AboutUs/News/ggytz/webinfo/2024/09/1726389586666071.htm"",""title"":""Notice on Night Trading Session during 2024 Mid-Autumn Festival"",""excerpts"":[""No night trading session will be carried out on the night of September 13 , 202 4 ( Fri day) . The night trading session will be resumed on the night of September 18 , 202 4 ( Wednesday ) . The call auction session for all contracts on September 18 , 202 4 ( Wednesday ) is from 08:55 a.m. to 09:00 a.m.""]},{""url"":""https://english.czce.com.cn/en/AboutUs/News/ggytz/webinfo/2024/12/1726398752890244.htm"",""title"":""Notice on Trading Schedule during National Holidays for Year 2025"",""excerpts"":["". New Year’s Day: The market will be closed on holiday January 1 , 202 5 ( Wednesday ), and will be opened as usual on January 2 , 202 5 (Thurs\n. Spring Festival: The market will be closed during holidays from January 28 , 202 5 ( Tues day) to Febru ary 4 , 202 5 ( Tues day), and will be opened as usual on Febru ary 5 , 202 5 (\n3\\.\nQingming Festival: The market will be closed during holidays from April 4 , 202 5 ( Fri day) to April 6 , 202 5 ( Sunday ), and will be opened as usual on April 7 , 202 \n. Labor Day: The market will be closed during holidays from May 1 , 2025 (Thursday) to May 5 , 2025 ( Mon day), and will be opened as usual on May 6 , 2025 ( Tues\n. The Dragon Boat Festival: The market will be closed during holiday s from May 31 , 2025 (Saturday) to June 2 , 2025 ( Mon day), and will be opened as usual on June 3 , 2025 ( Tue\n. The Mid-Autumn Festival and The National Day: The market will be closed during holidays from October 1 , 2025 ( Wednesday ) to October 8 , 2025 ( Wednesday ), and will be opened as usual on October 9 , 2025 (Thur\n"","". Spring Festival: The market will be closed during holidays from January 28 , 202 5 ( Tues day) to Febru ary 4 , 202 5 ( Tues day), and will be opened as usual on Febru ary 5 , 202 5 ( Wednesday ). It will also be closed on January 26 , 202 5 (Sunday) and Febru ary 8 , 202 5 (S"",""Qingming Festival: The market will be closed during holidays from April 4 , 202 5 ( Fri day) to April 6 , 202 5 ( Sunday ), and will be opened as usual on April 7 , 202 5 ( Mon day"","". Labor Day: The market will be closed during holidays from May 1 , 2025 (Thursday) to May 5 , 2025 ( Mon day), and will be opened as usual on May 6 , 2025 ( Tues day). It will also be closed on April 2 7 , 2025 (Sunday)"","". The Dragon Boat Festival: The market will be closed during holiday s from May 31 , 2025 (Saturday) to June 2 , 2025 ( Mon day), and will be opened as usual on June 3 , 2025 ( Tues day"","". The Mid-Autumn Festival and The National Day: The market will be closed during holidays from October 1 , 2025 ( Wednesday ) to October 8 , 2025 ( Wednesday ), and will be opened as usual on October 9 , 2025 (Thursday). It will also be closed on September 28 , 2025 (S un day) and October 1 1 , 2025 (Saturday""]},{""url"":""https://english.czce.com.cn/en/AboutUs/News/ggytz/webinfo/2023/12/1703386438499236.htm"",""title"":""Notice on Trading Schedule during National Holidays for Year 2024"",""excerpts"":["" 4 :\n1\\. New Year’s Day: The market will be closed during holiday s from December 30 , 2023 (Saturday) to January 1 , 202 4 (Monday) , and will be opened as usual on January 2 , 202 4 (Tuesday)."",""2\\. Spring Festival: The market will be closed during holidays from Febru ary 9 , 202 4 (Friday) to Febru ary 1 7, 202 4 (Saturday), and will be opened as usual on Febru ary 19 , 202 4 (Monday). It will also be closed on Febru ary 4 , 202 4 (Sunday) and Febru ary 18 , 202 4 (Sunday). There will be no night trading session on Febru ary 8 , 202 4 (Thursday)."",""3\\.\nQingming Festival: The market will be closed during holidays from April 4 , 202 4 (Thursday) to April 6 , 202 4 (Saturday), and will be opened as usual on April 8 , 202 4 ( Mon day). It will also be closed on April 7 , 202 4 (Sunday) . There will be no night trading session on April 3 , 202 4 ( Wednesday )."",""4\\. Labor Day: The market will be closed during holidays from May 1 , 202 4 ( Wednesday ) to May 5 , 202 4 (Sunday), and will be opened as usual on May 6 , 202 4 ( Mon day). It will also be closed on April 2 8 , 202 4 (Sunday) and May 11 , 202 4 (Saturday). There will be no night trading session on April 30 , 202 4 ( Tuesday )."",""5\\. The Dragon Boat Festival: The market will be closed during holiday s from June 8 , 202 4 (Saturday) to June 10 , 202 4 ( Mon day), and will be opened as usual on June 11 , 202 4 ( Tues day). There will be no night trading session on June 7 , 202 4 ( Fri day)."",""6\\. The Mid-Autumn Festival: The market will be closed during holidays from September 15 , 202 4 ( Sunday ) to September 17 , 202 4 ( Tues day), and will be opened as usual on September 18 , 202 4 ( Wednesday ). It will also be closed on September 14 , 202 4 (Saturday). There will be no night trading session on September 13 , 202 4 ( Fri day)."",""7 . The National Day: The market will be closed during holidays from October 1 , 202 4 ( Tues day) to October 7 , 202 4 ( Mon day), and will be opened as usual on October 8 , 202 4 ( Tues day).\nIt will also be closed on September 29 , 202 4 (S un day) and October 12 , 202 4 (Saturday). There will be no night trading session on September 30 , 202 4 ( Mon day).""]},{""url"":""https://english.czce.com.cn/en/AboutUs/News/ggytz/webinfo/2025/10/6e26af6f48dd4a3dbd6d758ad8cfdce5.htm"",""title"":""Notice on Night Trading Session during 2025 National Day Holiday ..."",""excerpts"":[""No night trading session will be carried out on the night of September 30 ,   202 5 (Tuesday) . The n ight trading session will be resumed on the night of October 9 , 202 5 (Thursd""]}],""confidence"":""medium""}"
ICE Futures U.S. – Holiday Calendar,"ICE Futures U.S. provides a holiday calendar that lists the U.S. holidays on which its futures markets are closed or have modified trading hours for 2025. The calendar covers energy, agriculture, equity index, FX, metals and credit products, and references a notices page for contract‑specific holiday schedules.",https://www.ice.com/publicdocs/futures/IFUS_Trading_Hours_Holiday_Calendar.pdf,"Martin Luther King Day: Canola Contracts, Energy* and Environmental Contracts, Daily Gold and Silver Contracts, Currency, Stock, SOFR, MSCI Bond and Mortgage Index Contracts; Presidents Day/Louis Riel Day (Canada): Energy* and Environmental Contracts, Daily Gold and Silver Contracts, Currency, Stock, SOFR, MSCI Bond and Mortgage Index Contracts; Victoria Day (Canada): Cocoa, Coffee ""C""®, Cotton No 2®, FCOJ, Sugar No. 11 and No. 16 Contracts; Memorial Day: Canola Contracts, Energy* and Environmental Contracts, Currency, Stock, SOFR, MSCI Bond and Mortgage Index Contracts; Juneteenth: Canola Contracts, Energy* and Environmental Contracts, Daily Gold and Silver Contracts, Currency, Stock, SOFR, MSCI Bond and Mortgage Index Contracts; Canada Day (Canada): Cocoa, Coffee ""C""®, Cotton No 2®, FCOJ, Sugar No. 11 and No. 16 Contracts; Independence Day: Canola Contracts, Energy* and Environmental Contracts, Daily Gold and Silver Contracts, Currency, Stock, SOFR, MSCI Bond and Mortgage Index Contracts; Terry Fox Day (Canada): Cocoa, Coffee ""C""®, Cotton No 2®, FCOJ, Sugar No. 11 and No. 16 Contracts; Labor Day/Labour Day (Canada): Energy* and Environmental Contracts, Daily Gold and Silver Contracts, Currency, Stock, SOFR, MSCI Bond and Mortgage Index Contracts; National Day for Truth and Reconciliation (Canada): Cocoa, Coffee ""C""®, Cotton No 2®, FCOJ, Sugar No. 11 and No. 16 Contracts; Columbus Day/Thanksgiving Day (Canada): Energy* and Environmental Contracts, Daily Gold and Silver Contracts, Currency, Stock, SOFR, MSCI Bond and Mortgage Index Contracts; Veterans Day/Remembrance Day (Canada): Cocoa, Coffee ""C""®, Cotton No 2®, FCOJ, Sugar No. 11 and No. 16 Contracts, Energy* and Environmental Contracts, Daily Gold and Silver Contracts, Currency, Stock, SOFR, MSCI Bond and Mortgage Index Contracts; Thanksgiving Day: Canola Contracts, Energy* and Environmental Contracts, Daily Gold and Silver Contracts, Currency, Stock, SOFR, MSCI Bond and Mortgage Index Contracts; Boxing Day: Cocoa, Coffee ""C""®, Cotton No 2®, FCOJ, Sugar No. 11 and No. 16 Contracts, Energy* and Environmental Contracts, Currency, Stock, SOFR, MSCI Bond and Mortgage Index Contracts","{""field"":""PRODUCT_HOLIDAY_CHECK"",""reasoning"":""For each holiday, the document indicates which products are open; those were extracted."",""citations"":[{""url"":""https://www.ice.com/publicdocs/futures/IFUS_Trading_Hours_Holiday_Calendar.pdf"",""title"":""Fetched web page"",""excerpts"":[""Martin Luther King Day\nMonday, Jan 20\nopen <sup>1</sup>\nopen <sup>1</sup>\nopen <sup>1</sup>\n"",""Presidents Day\nMonday, Feb 17\nopen <sup>1</sup>\nopen <sup>1</sup>\nopen <sup>1</sup>\n"",""Memorial Day\nMonday, May 26\nopen <sup>1</sup>\nclosed <sup>2</sup>\nopen <sup>1</sup>\n"",""Juneteenth\nThursday, June 19\nopen <sup>1</sup>\nopen <sup>1</sup>\nopen <sup>1</sup>\n"",""Independence Day\nFriday, July 4\nopen <sup>1</sup>\nopen <sup>1</sup>\nopen <sup>1</sup>\n"",""Labor Day\nMonday, Sep 1\nopen <sup>1</sup>\nopen <sup>1</sup>\nopen <sup>1</sup>\n"",""Columbus Day\nMonday, Oct 13\nopen\nopen\nopen\n"",""Veterans Day\nTuesday, Nov 11\nopen\nopen\nopen\n"",""Thanksgiving Day\nThursday, Nov 27\nopen <sup>1</sup>\nopen <sup>1</sup>\nopen <sup>1</sup>\n"",""Boxing Day\nFriday, Dec 26\nopen <sup>1</sup>\nclosed\nopen <sup>1</sup>\n""]}],""confidence"":""low""}",,"{""field"":""derivatives_exchange_check"",""reasoning"":""The provided document states that ICE Futures U.S. is a derivatives exchange."",""citations"":[{""url"":""https://www.ice.com/publicdocs/futures/IFUS_Trading_Hours_Holiday_Calendar.pdf"",""title"":""Fetched web page"",""excerpts"":[""ICE Futures U.S., Inc. will observe the following holiday trading calendar for 2025:""]}],""confidence"":""medium""}",New Year's Day: 2025-01-01; Martin Luther King Day: 2025-01-20; Presidents Day/Louis Riel Day (Canada): 2025-02-17; Good Friday: 2025-04-18; Victoria Day (Canada): 2025-05-19; Memorial Day: 2025-05-26; Juneteenth: 2025-06-19; Canada Day (Canada): 2025-07-01; Independence Day: 2025-07-04; Terry Fox Day (Canada): 2025-08-04; Labor Day/Labour Day (Canada): 2025-09-01; National Day for Truth and Reconciliation (Canada): 2025-09-30; Columbus Day/Thanksgiving Day (Canada): 2025-10-13; Veterans Day/Remembrance Day (Canada): 2025-11-11; Thanksgiving Day: 2025-11-27; Christmas Day: 2025-12-25; Boxing Day: 2025-12-26; New Year's Day (2026): 2026-01-01; Calendar URL: https://www.ice.com/publicdocs/futures/IFUS_Trading_Hours_Holiday_Calendar.pdf,"{""field"":""holiday_calendar_check"",""reasoning"":""The PDF lists holidays for 2025 with dates and provides the calendar URL."",""citations"":[{""url"":""https://www.ice.com/publicdocs/futures/IFUS_Trading_Hours_Holiday_Calendar.pdf"",""title"":""Fetched web page"",""excerpts"":[""New Year ’ s Day\nWednesday, Jan 1\nclosed\nclosed\nMartin Luther King Day\nMonday, Jan 20\nopen\nclosed\nPresidents Day/\nLouis Riel Day (Canada)\nMonday, Feb 17\nclosed\nclosed\nGood Friday\nFriday, Apr 18\nclosed\nclosed\nVictoria Day (Canada)\nMonday, May 19\nclosed\nopen\nMemorial Day\nMonday, May 26\nopen\nclosed\nJuneteenth\nThursday, June 19\nopen\nclosed\nCanada Day (Canada)\nTuesday, July 1\nclosed\nopen\nIndependence Day\nFriday, July 4\nopen\nclosed\nTerry Fox Day (Canada)\nMonday, Aug 4\nclosed\nopen\n\nLabor Day/Labour Day\n(Canada)\nMonday, Sep 1\nclosed\nclosed\nNational Day for Truth and\nReconciliation (Canada)\nTuesday, Sep 30\nclosed\nopen\nColumbus Day/\nThanksgiving Day (Canada)\nMonday, Oct 13\nclosed\nopen\nVeterans Day/\nRemembrance Day (Canada)\nTuesday, Nov 11\nclosed\nopen\nThanksgiving Day\nThursday, Nov 27\nopen\nclosed\nChristmas Day\nThursday, Dec 25\nclosed\nclosed\nBoxing Day\nFriday, Dec 26\nclosed\nopen\nNew Year’s Day\nThursday, Jan 1\nclosed\nclose""]}],""confidence"":""high""}"
ICE Futures Singapore,"ICE Futures Singapore is a derivatives exchange operated by Intercontinental Exchange (ICE) in Singapore, providing futures and options contracts across various asset classes and publishing a holiday calendar for its trading schedule.",https://www.ice.com/holiday-hours,no product specific settings,"{""field"":""PRODUCT_HOLIDAY_CHECK"",""reasoning"":""The source indicates that all listed holidays are marked as closed and does not mention any products that continue trading on those days."",""citations"":[{""url"":""https://edgeclear.com/exchange-holiday-hours/"",""title"":""2025 Exchange holiday calendar - EdgeClear"",""excerpts"":[""CME Globex will observe the following holidays in 2025. Trading times and days affected may vary depending on the holiday. The tables below provide a list of holiday trading hours across all ICE markets, administrators and clearing houses. ... ICE Futures Singapore Trading Schedule.""]},{""url"":""https://www.ice.com/publicdocs/futures_singapore/circulars/25-026_-_2026_New_Year_Day_Holiday.pdf"",""title"":""[PDF] ICE Futures Singapore 14 November 2025"",""excerpts"":[""This is to inform market participants that due to the New Year's Day Holiday on 1 January 2026, Thursday, there will be changes in the regular ...""]},{""url"":""https://www.ice.com/publicdocs/futures/IFSG_Trading_Schedule.pdf"",""title"":""Fetched web page"",""excerpts"":[""2025 and 2026 Trading Schedule - As of 11 June 2025""]}],""confidence"":""low""}",,"{""field"":""derivatives_exchange_check"",""reasoning"":""The provided answer states that ICE Futures Singapore is a derivatives exchange, confirming its status as such."",""citations"":[{""url"":""https://www.ice.com/publicdocs/futures_singapore/circulars/25-026_-_2026_New_Year_Day_Holiday.pdf"",""title"":""[PDF] ICE Futures Singapore 14 November 2025"",""excerpts"":[""This is to inform market participants that due to the New Year's Day Holiday on 1 January 2026, Thursday, there will be changes in the regular ...""]},{""url"":""https://edgeclear.com/exchange-holiday-hours/"",""title"":""2025 Exchange holiday calendar - EdgeClear"",""excerpts"":[""CME Globex will observe the following holidays in 2025. Trading times and days affected may vary depending on the holiday. The tables below provide a list of holiday trading hours across all ICE markets, administrators and clearing houses. ... ICE Futures Singapore Trading Schedule.""]},{""url"":""https://www.ice.com/publicdocs/futures/IFSG_Trading_Schedule.pdf"",""title"":""Fetched web page"",""excerpts"":[""ICE Futures Singapore Pte Ltd (Company Reg. No: 200617072D)""]},{""url"":""https://www.ice.com/holiday-hours"",""title"":""Fetched web page"",""excerpts"":[""|[ICE Futures Singapore](/futures-singapore) |[ICE Futures Singapore Trading Schedule](/publicdocs/futures/IFSG_Trading_Schedule.pdf) |Energy, metals, FX |""]}],""confidence"":""medium""}",2025-01-01 New Year's Day; 2025-04-18 Good Friday; 2025-12-25 Christmas Day; 2026-01-01 New Year's Day; 2026-04-03 Good Friday; 2026-12-25 Christmas Day; Calendar URL: https://www.ice.com/publicdocs/futures/IFSG_Trading_Schedule.pdf,"{""field"":""holiday_calendar_check"",""reasoning"":""The trading schedule PDF lists specific holidays for 2025 and 2026 with dates and a closed status, providing the required holiday calendar information."",""citations"":[{""url"":""https://www.ice.com/publicdocs/futures/IFSG_Trading_Schedule.pdf"",""title"":""Fetched web page"",""excerpts"":[""Wednesday, 1 January 2025\nNew Year’s Day\nClosed"",""Friday, 18 April 2025\nGood Friday\nClosed"",""Thursday, 25 December 2025\nChristmas Day\nClosed"",""Thursday, 1 January 2026\nNew Year’s Day\nClosed"",""Friday, 3 April 2026\nGood Friday\nClosed"",""Friday, 25 December 2026\nChristmas Day\nClosed""]},{""url"":""https://www.ice.com/holiday-hours"",""title"":""Holiday Hours - ICE"",""excerpts"":[""|[ICE Futures Singapore](/futures-singapore) |[ICE Futures Singapore Trading Schedule](/publicdocs/futures/IFSG_Trading_Schedule.pdf) |Energy, metals, FX |""]},{""url"":""https://edgeclear.com/exchange-holiday-hours/"",""title"":""2025 Exchange holiday calendar - EdgeClear"",""excerpts"":[""CME Globex will observe the following holidays in 2025. Trading times and days affected may vary depending on the holiday. The tables below provide a list of holiday trading hours across all ICE markets, administrators and clearing houses. ... ICE Futures Singapore Trading Schedule.""]},{""url"":""https://www.ice.com/publicdocs/futures_singapore/circulars/25-026_-_2026_New_Year_Day_Holiday.pdf"",""title"":""[PDF] ICE Futures Singapore 14 November 2025"",""excerpts"":[""This is to inform market participants that due to the New Year's Day Holiday on 1 January 2026, Thursday, there will be changes in the regular ...""]}],""confidence"":""high""}"
ICE Futures Abu Dhabi,ICE Futures Abu Dhabi is a derivatives exchange in the United Arab Emirates that publishes a holiday calendar and indicates products that may remain trading on holidays.,https://www.ice.com/futures-abu-dhabi,"New Year’s Day: no product specific settings; Martin Luther King Day: Murban Crude Futures; Chinese New Year Eve: Murban Crude Futures - ICE Singapore Markers; Presidents Day: Murban Crude Futures; Hari Raya Puasa Eve: Murban Crude Futures - ICE Singapore Markers; Hari Raya Puasa: no product specific settings; Easter Thursday: Murban Crude Futures - ICE Singapore Markers; Good Friday: no product specific settings; Easter Monday: no product specific settings; May Day: no product specific settings; Vesak Day Eve: Murban Crude Futures - ICE Singapore Markers; Vesak Day: no product specific settings; Spring Bank Holiday / Memorial Day: Murban Crude Futures, Cash Settled derivatives; Juneteenth: Murban Crude Futures, Cash Settled derivatives; Independence Day: Murban Crude Futures, Cash Settled derivatives; UK Holiday: no product specific settings; Labor Day: Murban Crude Futures, Cash Settled derivatives; Deepavali Eve: Murban Crude Futures - ICE Singapore Markers; Deepavali: no product specific settings; Thanksgiving (2025-11-27): Murban Crude Futures, Cash Settled derivatives; Thanksgiving (2025-11-28): Murban Crude Futures, Cash Settled derivatives; Christmas Eve: ICE Murban Singapore Marker, ICE Murban London Marker, ICE Murban Futures, Cash Settled Derivatives, All MSCI Contracts; Christmas Day: no product specific settings; Boxing Day: no product specific settings; New Year’s Eve: ICE Murban Singapore Marker, ICE Murban London Marker, ICE Murban Futures, Cash Settled Derivatives, All MSCI Contracts; New Year’s Day (2026-01-01): no product specific settings","{""field"":""PRODUCT_HOLIDAY_CHECK"",""reasoning"":""The trading schedule details product-specific trading conditions for each holiday, indicating which products continue to trade or are closed, allowing extraction of the required holiday‑product pairs."",""citations"":[{""url"":""https://www.ice.com/publicdocs/futures/2025_IFAD_Trading_Schedule.pdf"",""title"":""[PDF] ICE FUTURES ABU DHABI - Trading Schedule"",""excerpts"":[""Tuesday, 28 January\n\nChinese New Year Eve\n\nTD\n\nMurban Crude Futures - ICE\n\nSingapore Markers:"",""Friday, 28 March\n\nHari Raya Puasa Eve\n\nTD\n\nMurban Crude Futures - ICE Singapore\n\nMarkers:"",""Thursday, 17 April\n\nEaster Thursday\n\nTD\n\nMurban Crude Futures - ICE Singapore\n\nMarkers:"",""Friday, 09 May\n\nVesak Day Eve\n\nTD\n\nMurban Crude Futures - ICE Singapore\n\nMarkers:"",""Friday, 17 October\nDeepavali Eve\nTD\nMurban Crude Futures - ICE Singapore\nMarkers:"",""Wednesday, 24 December\nChristmas Eve\nAppendix 1\nMurban Crude Futures - ICE Singapore\nMarkers:"",""Wednesday, 31 December\nNew Year’s Eve\nAppendix 1\nMurban Crude Futures - ICE Singapore\nMarkers:"",""\nMonday, 20 January\nMartin Luther King Day\n"",""\nMonday, 17 February\nPresidents Day\n"",""Monday, 26 May\nSpring Bank Holiday\nMemorial Day\nUK and US Holiday\nC"",""Wednesday, 19 June\nJuneteenth\nUS Holiday\nC"",""Friday, 04 July\nIndependence Day\nUS Holiday\nC"",""Monday, 01 September\nLabor Day\nUS Holiday\nC"",""Thursday, 27 November\nThanksgiving\nUS Holiday\nC"",""\nFriday, 28 November\nThanksgiving\n"",""Thursday, 01 January 2026\nNew Year’s Day\nUK, US and UAE Holiday\n**Closed**""]}],""confidence"":""medium""}",,"{""field"":""derivatives_exchange_check"",""reasoning"":""ICE Futures Abu Dhabi is identified as a futures exchange in its name and official documents (Rulebook and Trading Schedule) which describe trading of futures contracts, confirming it is a derivatives exchange."",""citations"":[{""url"":""https://www.ice.com/publicdocs/futures/2025_IFAD_Trading_Schedule.pdf"",""title"":""[PDF] ICE FUTURES ABU DHABI - Trading Schedule"",""excerpts"":[""ICE Futures Abu Dhabi - Trading Schedule"",""**ICE FUTURES ABU DHABI**""]},{""url"":""https://www.ice.com/holiday-hours"",""title"":""Fetched web page"",""excerpts"":[""|[ICE Futures Abu Dhabi](/futures-abu-dhabi) |[Trading Schedule](/publicdocs/futures/2025_IFAD_Trading_Schedule.pdf) |Energy futures |""]}],""confidence"":""medium""}",New Year’s Day: 2025-01-01; Martin Luther King Day: 2025-01-20; Chinese New Year Eve: 2025-01-28; Presidents Day: 2025-02-17; Hari Raya Puasa Eve: 2025-03-28; Hari Raya Puasa: 2025-03-31; Easter Thursday: 2025-04-17; Good Friday: 2025-04-18; Easter Monday: 2025-04-21; May Day: 2025-05-05; Vesak Day Eve: 2025-05-09; Vesak Day: 2025-05-12; Spring Bank Holiday / Memorial Day: 2025-05-26; Juneteenth: 2025-06-19; Independence Day: 2025-07-04; UK Holiday: 2025-08-25; Labor Day: 2025-09-01; Deepavali Eve: 2025-10-17; Deepavali: 2025-10-20; Thanksgiving: 2025-11-27; Thanksgiving: 2025-11-28; Christmas Eve: 2025-12-24; Christmas Day: 2025-12-25; Boxing Day: 2025-12-26; New Year’s Eve: 2025-12-31; New Year’s Day: 2026-01-01; Calendar URL: https://www.ice.com/publicdocs/futures/2025_IFAD_Trading_Schedule.pdf,"{""field"":""holiday_calendar_check"",""reasoning"":""The 2025 trading schedule PDF lists each holiday with exact dates and provides the full calendar URL, satisfying the requirement for a detailed holiday calendar."",""citations"":[{""url"":""https://www.ice.com/publicdocs/futures/2025_IFAD_Trading_Schedule.pdf"",""title"":""[PDF] ICE FUTURES ABU DHABI - Trading Schedule"",""excerpts"":[""Wednesday, 01 January\nNew Year’s Day\nUK and US Holiday\n**Closed**"",""Monday, 20 January\n\nMartin Luther King Day\n\nUS Holiday\n\nA"",""Tuesday, 28 January\n\nChinese New Year Eve\n\nTD"",""Monday, 17 February\n\nPresidents Day\n\nUS Holiday\n\nA"",""Friday, 28 March\n\nHari Raya Puasa Eve\n\nTD"",""Monday, 31 March\n\nHari Raya Puasa\n\nTD"",""Thursday, 17 April\n\nEaster Thursday\n\nTD"",""Friday, 18 April\nGood Friday\nUK and US Holiday\n**Closed**"",""Monday, 21 April\n\nEaster Monday\n\nUK Holiday\n\nTD"",""Monday, 05 May\n\nMay Day\n\nUK Holiday\n\nTD"",""Friday, 09 May\n\nVesak Day Eve\n\nTD"",""Monday, 12 May\n\nVesak Day\n\nTD"",""Monday, 26 May\nSpring Bank Holiday\nMemorial Day\nUK and US Holiday\nC"",""Wednesday, 19 June\nJuneteenth"",""Friday, 04 July\nIndependence Day"",""Monday, 25 August\nUK Holiday"",""Monday, 01 September\nLabor Day"",""Friday, 17 October\nDeepavali Eve"",""Monday, 20 October\nDeepavali"",""Thursday, 27 November\nThanksgiving"",""Friday, 28 November\nThanksgiving"",""Wednesday, 24 December\nChristmas Eve"",""Thursday, 25 December\nChristmas Day"",""Friday, 26 December\nBoxing Day"",""Wednesday, 31 December\nNew Year’s Eve"",""Thursday, 01 January 2026\nNew Year’s Day""]},{""url"":""https://www.ice.com/holiday-hours"",""title"":""Fetched web page"",""excerpts"":[""|[ICE Futures Abu Dhabi](/futures-abu-dhabi) |[Trading Schedule](/publicdocs/futures/2025_IFAD_Trading_Schedule.pdf) |Energy futures |""]}],""confidence"":""medium""}"
National Commodity and Derivatives Exchange (NCDEX) India,"National Commodity and Derivatives Exchange (NCDEX) India provides a market holiday calendar that lists dates when trading is closed or partially closed. Certain products, such as commodity futures, may continue to trade on specific holidays under special sessions.",https://www.mcxindia.com/market-holidays,Diwali (Laxmi Pujan): All Commodities,"{""field"":""PRODUCT_HOLIDAY_CHECK"",""reasoning"":""The circulars state that on Diwali (Laxmi Pujan) 21 October 2025 the market will be closed for regular trading but will conduct a Muhurat trading session for all commodities, indicating that all commodity products continue to trade during that session."",""citations"":[{""url"":""https://www.ncdex.com/public/uploads/circulars/Muhurat_trading_session_on_account_of_Diwali_on_October_21_2025_1758714969.pdf"",""title"":""[PDF] Muhurat trading session on account of Diwali on October 21, 2025"",""excerpts"":[""NCDEX/TRADING-055/2024 dated December 16, 2024 on. Trading holidays for the Calendar Year 2025. The Muhurat Trading Session on account of ..."",""For All Commodities""]},{""url"":""https://www.ncdex.com/public/uploads/circulars/Trading_holidays_for_the_calendar_year_2025_1734341333.pdf"",""title"":""Fetched web page"",""excerpts"":[""12\n21-Oct-25\nTuesday\nDiwali (Laxmi Pujan) \\*\nClosed\n**Open** \\*"",""\\* Market would be open for Muhurat Trading in all commodities, timings for which will be informed\nseparately.""]}],""confidence"":""medium""}",,"{""field"":""derivatives_exchange_check"",""reasoning"":""The entity National Commodity and Derivatives Exchange (NCDEX) is explicitly a commodity derivatives exchange, as indicated by its name and the context of the trading holiday circulars that refer to commodity derivatives trading."",""citations"":[{""url"":""https://ncdex.com/about/trading-holiday"",""title"":""Trading Holiday | NCDEX.com"",""excerpts"":[""Trading Holiday. Ads. Trading Holiday. Date, Descriptions, File. 01-Jan-2025, Trading holidays for the calendar year 2025, (63.38 KB). Loading.""]},{""url"":""https://www.ncdex.com/public/uploads/circulars/Trading_holidays_for_the_calendar_year_2025_1734341333.pdf"",""title"":""[PDF] Trading holidays for the Calendar Year 2025 - NCDEX"",""excerpts"":[""**NATIONAL COMMODITY & DERIVATIVES EXCHANGE LIMITED**"",""Circular to all members of the Exchange""]},{""url"":""https://www.ncdex.com/public/uploads/circulars/Muhurat_trading_session_on_account_of_Diwali_on_October_21_2025_1758714969.pdf"",""title"":""Fetched web page"",""excerpts"":[""**NATIONAL COMMODITY & DERIVATIVES EXCHANGE LIMITED**""]}],""confidence"":""medium""}",Diwali (Laxmi Pujan): 2025-10-21 (partial holiday - Muhurat trading); other holidays not enumerated here. Calendar URL: https://www.ncdex.com/public/uploads/circulars/Trading_holidays_for_the_calendar_year_2025_1734341333.pdf,"{""field"":""holiday_calendar_check"",""reasoning"":""The 2025 trading holiday circular provides a complete holiday calendar for NCDEX, listing dates and whether each holiday is a full or partial trading holiday. The PDF URL is the official source of the calendar."",""citations"":[{""url"":""https://ncdex.com/about/trading-holiday"",""title"":""Trading Holiday | NCDEX.com"",""excerpts"":[""Trading Holiday. Ads. Trading Holiday. Date, Descriptions, File. 01-Jan-2025, Trading holidays for the calendar year 2025, (63.38 KB). Loading.""]},{""url"":""https://www.ncdex.com/public/uploads/circulars/Muhurat_trading_session_on_account_of_Diwali_on_October_21_2025_1758714969.pdf"",""title"":""[PDF] Muhurat trading session on account of Diwali on October 21, 2025"",""excerpts"":[""NCDEX/TRADING-055/2024 dated December 16, 2024 on. Trading holidays for the Calendar Year 2025. The Muhurat Trading Session on account of ..."",""The Muhurat Trading Session on account of Diwali will be conducted on Tuesday, October 21,\n2025\\.""]},{""url"":""https://www.ncdex.com/public/uploads/circulars/Trading_holidays_for_the_calendar_year_2025_1734341333.pdf"",""title"":""[PDF] Trading holidays for the Calendar Year 2025 - NCDEX"",""excerpts"":[""Subject\n\n: Trading holidays for the Calendar Year 2025"",""1\n01-Jan-25\nWednesday\nNew year Day\n**Open**\nClosed\n2\n26-Feb-25\nWednesday\nMahashivratri\nClosed\nClosed\n12\n21-Oct-25\nTuesday\nDiwali (Laxmi Pujan) \\*\nClosed\n**Open** \\*\n""]}],""confidence"":""medium""}"
HKEX Derivatives,HKEX Derivatives is the derivatives market operated by Hong Kong Exchanges and Clearing Limited. Its official holiday calendar lists all dates when futures and options trading is closed and also specifies products that may continue to trade on holidays under the Holiday Trading scheme.,https://www.hkex.com.hk/Services/Trading/Derivatives/Overview/Trading-Calendar-and-Holiday-Schedule?sc_lang=en,"Eve of Lunar New Year: MSCI Index Futures & Options, Currency Futures & Options; Eve of Christmas Day: MSCI Index Futures & Options, Currency Futures & Options; Eve of New Year: MSCI Index Futures & Options, Currency Futures & Options","{""field"":""PRODUCT_HOLIDAY_CHECK"",""reasoning"":""The source lists the products that continue trading during holiday trading periods and does not indicate uncertainty about which products are trading. The products are grouped into MSCI Index Futures & Options and Currency Futures & Options."",""citations"":[{""url"":""https://www.hkex.com.hk/-/media/HKEX-Market/Services/Circulars-and-Notices/Participant-and-Members-Circulars/HKFE/2025/MO_DT_120_25_e.pdf"",""title"":""通告 CIRCULAR"",""excerpts"":[""Currency futures and options contracts will be available for trading during Hong Kong public holidays2. Attachment I. Derivatives Markets Holiday Schedule for ...""]},{""url"":""https://www.hkex.com.hk/Services/Trading/Derivatives/Overview/Trading-Calendar-and-Holiday-Schedule?sc_lang=en"",""title"":""Fetched web page"",""excerpts"":[""\\# There will be no after-hours trading session for Holiday Trading Exchange Contracts - **all MSCI futures contracts**"",""On the following trading day, there will be no after-hours trading session for **Holiday Trading Exchange Contracts - all MSCI Futures** :""]},{""url"":""https://www.hkexgroup.com/-/media/HKEX-Group-Site/ssd/Investor-Relations/Regulatory-Reports/documents/2025/250317ar_e.pdf"",""title"":""2024 Annual Report"",""excerpts"":[""March 2024, the currency futures and options have been included in Derivatives Holiday Trading, supporting investors' foreign exchange risk management needs ...""]}],""confidence"":""low""}",,"{""field"":""derivatives_exchange_check"",""reasoning"":""HKEX Derivatives is a market that offers futures and options contracts, which are defined as derivatives products. Therefore, HKEX Derivatives qualifies as a derivatives exchange."",""citations"":[{""url"":""https://www.hkex.com.hk/Services/Trading/Derivatives/Overview/Trading-Calendar-and-Holiday-Schedule?sc_lang=en"",""title"":""Trading Calendar and Holiday Schedule - HKEX"",""excerpts"":[""|25-Aug- 26 |\n|Sep- 26 |18-Sep- 26 |22-Sep- 26 |\n|Oct- 26 |16-Oct- 26 |20-Oct- 26 |\n|Nov-26 |20-Nov- 26 |24-Nov- 26 |\n|Dec- 26 |18-Dec- 26 |22-Dec- 26 |\n\n\n|Contract Month |Last Trading Day |Final Settlement Day |\n| --- | --- | --- |\n\nNote: Subject to the official announcement of Mainland China public holiday, the Last Trading Day and Final Settlement Day might be revised accordingly.""]},{""url"":""https://www.hkex.com.hk/Services/Trading/Derivatives/Overview/Trading-Mechanism/Derivatives-Holiday-Trading?sc_lang=en"",""title"":""Fetched web page"",""excerpts"":[""Section Title: Derivatives Holiday Trading > Derivatives Holiday Trading"",""[Derivatives Holiday Trading](/Services/Trading/Derivatives/Overview/Trading-Mechanism/Derivatives-Holiday-Trading?sc_lang=en \""Derivatives Holiday Trading\"")""]}],""confidence"":""medium""}",28 January 2025 – Eve of Lunar New Year: 2025-01-28; 24 December 2025 – Eve of Christmas Day: 2025-12-24; 31 December 2025 – Eve of New Year: 2025-12-31; 16 February 2026 – Eve of Lunar New Year: 2026-02-16; 24 December 2026 – Eve of Christmas Day: 2026-12-24; 31 December 2026 – Eve of New Year: 2026-12-31; Calendar URL: https://www.hkex.com.hk/Services/Trading/Derivatives/Overview/Trading-Calendar-and-Holiday-Schedule?sc_lang=en,"{""field"":""holiday_calendar_check"",""reasoning"":""The answer lists specific dates for holiday eve trading restrictions and provides the calendar URL. These dates are included in the value field along with the calendar URL."",""citations"":[{""url"":""https://www.hkex.com.hk/-/media/HKEX-Market/Services/Circulars-and-Notices/Participant-and-Members-Circulars/HKFE/2025/MO_DT_120_25_e.pdf"",""title"":""通告 CIRCULAR"",""excerpts"":[""Currency futures and options contracts will be available for trading during Hong Kong public holidays2. Attachment I. Derivatives Markets Holiday Schedule for ...""]},{""url"":""https://www.cmschina.com.hk/en/CS/Calendar"",""title"":""2025 Hong Kong Exchange Trading Calendar"",""excerpts"":[""1 Jan 2025, The first day of January, No Trading ; 28 Jan 2025, Spring Festival, Afternoon Session is Closed ; 29 Jan 2025, Lunar New Year's Day, No Trading ; 30 ... 2025 Hong Kong Exchange Trading Calendar. Securities Market is closed on Saturdays, Sundays and Public Holidays as specified below.""]},{""url"":""https://www.hkex.com.hk/Services/Trading/Derivatives/Overview/Trading-Calendar-and-Holiday-Schedule?sc_lang=en"",""title"":""Trading Calendar and Holiday Schedule - HKEX"",""excerpts"":[""|25-Aug- 26 |\n|Sep- 26 |18-Sep- 26 |22-Sep- 26 |\n|Oct- 26 |16-Oct- 26 |20-Oct- 26 |\n|Nov-26 |20-Nov- 26 |24-Nov- 26 |\n|Dec- 26 |18-Dec- 26 |22-Dec- 26 |\n\n\n|Contract Month |Last Trading Day |Final Settlement Day |\n| --- | --- | --- |\n\nNote: Subject to the official announcement of Mainland China public holiday, the Last Trading Day and Final Settlement Day might be revised accordingly."",""24 December 2025 (Wednesday) – Eve of Christmas Day  "",""31 December 2025 (Wednesday) – Eve of New Year  "",""16 February 2026 (Monday) – Eve of Lunar New Year  "",""24 December 2026 (Thursday) – Eve of Christmas Day  "",""31 December 2026 (Thursday) – Eve of New Year"",""The full list of Holiday Trading Products can refer to  \n[https://www.hkex.com.hk/Services/Trading/Derivatives/Overview/Trading-Mechanism/Derivatives-Holiday-Trading?sc\\_lang=en](https://www.hkex.com.hk/Services/Trading/Derivatives/Overview/Trading-Mechanism/Derivatives-Holiday-Trading?sc_lang=en)"",""On the following trading day, there will be no afternoon and after-hours trading session for **Non-Holiday Trading Exchange Contracts** :\n28 January 2025 (Tuesday) – Eve of Lunar New Year  \n24 December 2025 (Wednesday) – Eve of Christmas Day  \n31 December 2025 (Wednesday) – Eve of New Year  \n16 February 2026 (Monday) – Eve of Lunar New Year  \n24 December 2026 (Thursday) – Eve of Christmas Day  \n31 December 2026 (Thursday) – Eve o""]}],""confidence"":""medium""}"
Hong Kong Exchanges and Clearing Limited,"Hong Kong Exchanges and Clearing Limited (HKEX) operates the securities and derivatives markets in Hong Kong, including the HKEX Futures Exchange. It publishes a holiday calendar that lists market closures and indicates which products, such as certain futures and options, may continue trading on specific holidays.",https://www.hkex.com.hk,"All MSCI futures and options contracts, currency futures and options contracts","{""field"":""PRODUCT_HOLIDAY_CHECK"",""reasoning"":""The source specifies that all MSCI futures and options contracts, as well as currency futures and options contracts (from 29 March 2024), are designated as Holiday Trading Products and continue trading on holidays."",""citations"":[{""url"":""https://www.hkex.com.hk/Services/Trading/Derivatives/Overview/Trading-Calendar-and-Holiday-Schedule?sc_lang=en"",""title"":""Fetched web page"",""excerpts"":[""There will be no after-hours trading session for Holiday Trading Exchange Contracts - **all MSCI futures contracts**"",""Holiday Trading Exchange Contracts - all MSCI Futures""]},{""url"":""https://www.hkex.com.hk/Services/Trading/Derivatives/Overview/Trading-Mechanism/Derivatives-Holiday-Trading?sc_lang=en"",""title"":""Derivatives Holiday Trading - HKEX"",""excerpts"":[""Derivatives Holiday Trading service has commenced on 9 May 2022, with the first suite of products being all MSCI futures and options contracts.\nHKEX included currency futures and options contracts in Derivatives Holiday Trading starting from 29 March 2024.\n""]}],""confidence"":""low""}",,"{""field"":""derivatives_exchange_check"",""reasoning"":""The provided information states that Hong Kong Exchanges and Clearing Limited (HKEX) is a derivatives exchange, confirming the entity matches the required type."",""citations"":[{""url"":""https://www.hkex.com.hk/Services/Trading/Derivatives/Overview/Trading-Mechanism/Derivatives-Holiday-Trading?sc_lang=en"",""title"":""Derivatives Holiday Trading - HKEX"",""excerpts"":[""Derivatives Holiday Trading service has commenced on 9 May 2022, with the first suite of products being all MSCI futures and options contracts."",""## Implementation schedule and product coverage""]},{""url"":""https://www.hkex.com.hk/Services/Trading/Derivatives/Overview/Trading-Calendar-and-Holiday-Schedule?sc_lang=en"",""title"":""Fetched web page"",""excerpts"":[""[Derivatives](/Services/Trading/Derivatives/Overview/Trading-Mechanism?sc_lang=en \""Derivatives\"")\n[Overview](/Services/Trading/Derivatives/Overview/Trading-Mechanism?sc_lang=en \""Overview\"")\n[Trading Calendar and Holiday Schedule](/Services/Trading/Derivatives/Overview/Trading-Calendar-and-Holiday-Schedule?sc_lang=en \""Trading Calendar and Holiday Schedule\"")"","" The full list of Holiday Trading Products can refer to  \n[https://www.hkex.com.hk/Services/Trading/Derivatives/Overview/Trading-Mechanism/Derivatives-Holiday-Trading?sc\\_lang=en](https://www.hkex.com.hk/Services/Trading/Derivatives/Overview/Trading-Mechanism/Derivatives-Holiday-Trading?sc_lang=en)""]}],""confidence"":""medium""}","Calendar URLs: https://www.hkex.com.hk/Services/Trading/Derivatives/Overview/Trading-Calendar-and-Holiday-Schedule?sc_lang=en, https://www.hkex.com.hk/News/HKEX-Calendar?sc_lang=en. Holidays 2025: The first day of January (2025-01-01), Lunar New Year’s Day (2025-01-29), The second day of Lunar New Year (2025-01-30), The third day of Lunar New Year (2025-01-31), Ching Ming Festival (2025-04-04), Good Friday (2025-04-18), Easter Monday (2025-04-21), Labour Day (2025-05-01), The Birthday of the Buddha (2025-05-05), Hong Kong Special Administrative Region Establishment Day (2025-07-01), National Day (2025-10-01), The day following the Chinese Mid-Autumn Festival (2025-10-07), Chung Yeung Festival (2025-10-29), Christmas Day (2025-12-25), The first weekday after Christmas Day (2025-12-26). Holidays 2026: The first day of January (2026-01-01), Lunar New Year’s Day (2026-02-17), The second day of Lunar New Year (2026-02-18), The third day of Lunar New Year (2026-02-19).","{""field"":""holiday_calendar_check"",""reasoning"":""The answer lists specific holidays for 2025 and 2026 with exact dates and provides two calendar URLs from HKEX, satisfying the requirement for a detailed holiday calendar."",""citations"":[{""url"":""https://www.hkex.com.hk/Services/Trading/Derivatives/Overview/Trading-Calendar-and-Holiday-Schedule?sc_lang=en"",""title"":""Trading Calendar and Holiday Schedule - HKEX"",""excerpts"":[""The full list of Holiday Trading Products can refer to  \n[https://www.hkex.com.hk/Services/Trading/Derivatives/Overview/Trading-Mechanism/Derivatives-Holiday-Trading?sc\\_lang=en](https://www.hkex.com.hk/Services/Trading/Derivatives/Overview/Trading-Mechanism/Derivatives-Holiday-Trading?sc_lang=en)"",""|Date |Holiday |Non-Holiday Trading Exchange Contracts |Holiday Trading Exchange Contracts |\n| --- | --- | --- | --- |\n|1/1/2025 (Wednesday) |The first day of January |Holiday (no trading) |Holiday (no trading) |\n|29/1/2025 ( Wednesday ) |Lunar New Year’s Day |Trading Day (with trading) |\n|30/1/2025 (Thursday) |The second day of Lunar New Year |\n|31/1/2025 (Friday) |The third day of Lunar New Year |\n|4/4/2025 ( Friday ) |Ching Ming Festival |\n|18/4/2025 (Friday) |Good Friday |\n|21/4/2025 (Monday) |Easter Monday |\n|1/5/2025 ( Thursday ) |Labour Day |\n|5/5/2025 ( Monday ) |The Birthday of the Buddha |\n|1/7/2025 (Tuesday) |Hong Kong Special Administrative Region Establishment Day |\n|1/10/2025 ( Wednesday ) |National Day |\n|7/10/2025 (Tuesday) |The day following the Chinese Mid-Autumn Festival |\n|29/10/2025 ( Wednesday ) |Chung Yeung Festival |\n|25/12/2025 (Thursday)# |Christmas Day |\n|26/12/2025 (Friday) |The first weekday after Christmas Day |\n|1/1/2026 (Thursday) |The first day of January |Holiday (no trading) |Holiday (no trading) |\n|17/2/2026 (Tuesday) |Lunar New Year’s Day |Trading Day (with trading) |\n|18/2/2026 (Wednesday) |The second day of Lunar New Year |\n|19/2/2026\n"",""24 December 2025 (Wednesday) – Eve of Christmas Day"",""31 December 2025 (Wednesday) – Eve of New Year"",""16 February 2026 (Monday) – Eve of Lunar New Year"",""24 December 2026 (Thursday) – Eve of Christmas Day"",""31 December 2026 (Thursday) – Eve of New Year""]}],""confidence"":""medium""}"
Bursa Malaysia Derivatives,"Bursa Malaysia Derivatives is the Malaysian derivatives exchange that provides a market holiday calendar for its products, indicating closed days and any limited trading on holidays.",https://www.bursamalaysia.com/,"Hari Raya Aidilfitri: Bursa Gold Dinar primary marketplace, Bursa Suq Al‑Sila’; Chinese New Year: no product specific settings; Hari Raya Aidiladha: no product specific settings; Prophet Muhammad's Birthday and Malaysia Day: no product specific settings; Christmas: no product specific settings; New Year's Day: no product specific settings; Lunar New Year: no product specific settings; Thaipusam: no product specific settings; Nuzul Al Quran: no product specific settings; Special Public Holiday: no product specific settings; Malaysia Day: no product specific settings","{""field"":""PRODUCT_HOLIDAY_CHECK"",""reasoning"":""Only the Hari Raya Aidilfitri 2025 announcement mentions that the Bursa Gold Dinar primary marketplace and Bursa Suq Al‑Sila’ remain open; all other holidays have no mention of specific products, so they are treated as no product specific settings."",""citations"":[{""url"":""https://www.bursamalaysia.com/bm/about_bursa/media_centre/closure-of-bursa-malaysia-in-conjunction-with-hari-raya-aidilfitri-public-holiday"",""title"":""CLOSURE OF BURSA MALAYSIA IN CONJUNCTION ..."",""excerpts"":[""_Note: Nonetheless, Bursa Gold Dinar primary\nmarketplace and Bursa Suq Al-Sila’ will remain open for trading during the\npublic holiday._""]}],""confidence"":""low""}",,"{""field"":""derivatives_exchange_check"",""reasoning"":""The entity named Bursa Malaysia Derivatives is described in the Rules of Bursa Malaysia Derivatives and multiple Bursa Malaysia media releases as a derivatives exchange. Therefore it matches the required entity type."",""citations"":[{""url"":""https://www.bursamalaysia.com/regulation/derivatives/rules_of_bursa_malaysia_derivatives"",""title"":""Rules of Bursa Malaysia Derivatives"",""excerpts"":[""These documents contain the Rules of Bursa Malaysia Derivatives which have been updated as at the date above. You should always refer to these Rules together ...""]},{""url"":""https://www.cmegroup.com/international/partnership-resources/bursa-resources.html"",""title"":""Bursa Malaysia - CME Group"",""excerpts"":[""Bursa Malaysia Calendars. Trading Hours Equities | Derivatives · Holiday Calendar · Trading Calendar. Bursa Malaysia Products. Product List · Rulebook · Volume ...""]},{""url"":""https://www.bursamalaysia.com/bm/about_bursa/media_centre/closure-of-bursa-malaysia-in-conjunction-with-hari-raya-aidilfitri-public-holiday"",""title"":""CLOSURE OF BURSA MALAYSIA IN CONJUNCTION ..."",""excerpts"":[""Both securities and derivatives market will operate\nunder normal trading hours on 31 March 2025 (Monday). However, there will be no T+1\nNight Trading session for the derivatives market on that date.""]},{""url"":""https://www.bursamalaysia.com/sites/5bb54be15f36ca0af339077a/content_entry5bb58dd75f36ca0c2caccbd4/689b0f04e6414a0825507680/files/TP_Circular_0018_2025_-_Closure_of_Bursa_Malaysia_in_conjunction_with_special_Public_Holiday.pdf?1755072036"",""title"":""[PDF] 12/08/2025 Trading Participant Circular - Bursa Malaysia"",""excerpts"":[""Bursa Malaysia Derivatives Berhad will be closed on Monday, 15 September 2025, in conjunction with the special public holiday as announced by the Prime ...""]},{""url"":""https://www.bursamalaysia.com/bm/about_bursa/media_centre/closure-of-bursa-malaysia-in-conjunction-with-prophet-muhammads-birthday-and-malaysia-day-trading-resumes-on-17-september-2024"",""title"":""TRADING RESUMES ON 17 SEPTEMBER 2024"",""excerpts"":[""Bursa Malaysia Berhad (“Bursa Malaysia” or “the Exchange”) and its subsidiaries will be closed on 16 September 2024 (Monday) in observance of both Prophet ...""]}],""confidence"":""medium""}","2024 Holidays: Chinese New Year: 2024-02-12; Hari Raya Aidiladha: 2024-06-17; Prophet Muhammad's Birthday and Malaysia Day: 2024-09-16; Christmas: 2024-12-25. 2025 Holidays: New Year's Day: 2025-01-01; Lunar New Year: 2025-01-29, 2025-01-30; Thaipusam: 2025-02-11; Nuzul Al Quran: 2025-03-18; Hari Raya Aidilfitri: 2025-04-01, 2025-04-02; Special Public Holiday: 2025-09-15; Malaysia Day: 2025-09-16. Calendar URL: https://www.bursamalaysia.com/trade/trading_resources/derivatives/trading_calendar","{""field"":""holiday_calendar_check"",""reasoning"":""The media releases and circulars list the holidays for 2024 and 2025, providing dates and confirming closure of the exchange. The general derivatives trading calendar URL is also provided."",""citations"":[{""url"":""https://www.bursamalaysia.com/trade/trading_resources/derivatives/trading_calendar"",""title"":""Trading Calendar - Bursa Malaysia"",""excerpts"":[""[](/)\n\nBursa Malaysia\n\nBursa Anywhere\n\nBursa Assist\n\nExplore MyBURSA\n\nTo receive latest announcement, you can follow a company by clicking follow button on the company profile page.""]},{""url"":""https://www.forexchurch.com/stock-market-holidays/bursa-malaysia"",""title"":""Bursa Malaysia MYX Holidays 2025 | Trading Hours."",""excerpts"":[""2025 Bursa Malaysia (MYX) Holidays ; Lunar New Year 1*, 29 January ; Lunar New Year 2*, 30 January ; Thaipusam, 11 February ; Nuzul Al Quran, 18 March. 2025 Bursa Malaysia (MYX) Holidays ; Lunar New Year 2*, 30 January ; Thaipusam, 11 February ; Nuzul Al Quran, 18 March ; Hari Raya Puasa 1*, 31 March.""]},{""url"":""https://www.bursamalaysia.com/bm/about_bursa/media_centre/closure-of-bursa-malaysia-in-conjunction-with-christmas-and-new-year-public-holidays"",""title"":""CLOSURE OF BURSA MALAYSIA IN CONJUNCTION WITH ..."",""excerpts"":[""Bursa Malaysia and its subsidiaries will resume operations on 26 December 2024 (Thursday). 2. New Year's Day 2025: 1 January 2025 (Wednesday).""]},{""url"":""https://www.bursamalaysia.com/bm/about_bursa/media_centre/closure-of-bursa-malaysia-in-conjunction-with-the-chinese-new-year-public-holiday"",""title"":""CLOSURE OF BURSA MALAYSIA IN CONJUNCTION ..."",""excerpts"":[""Bursa Malaysia Berhad (“Bursa Malaysia” or the “Exchange”) and its subsidiaries will be closed on 29 January 2025 (Wednesday) and 30 January 2025 (Thursday), in ...""]},{""url"":""https://www.bursamalaysia.com/sites/5bb54be15f36ca0af339077a/content_entry5bb58dd75f36ca0c2caccbd4/689b0f04e6414a0825507680/files/TP_Circular_0018_2025_-_Closure_of_Bursa_Malaysia_in_conjunction_with_special_Public_Holiday.pdf?1755072036"",""title"":""[PDF] 12/08/2025 Trading Participant Circular - Bursa Malaysia"",""excerpts"":[""Bursa Malaysia Derivatives Berhad will be closed on Monday, 15 September 2025, in conjunction with the special public holiday as announced by the Prime ..."",""in conjunction with the special public holiday as announced by the Prime Minister,"",""YAB Dato’ Seri Anwar bin Ibrahim. This will be followed by the Malaysia Day public"",""holiday on Tuesday, 16 September 2025.""]},{""url"":""https://www.bursamalaysia.com/bm/about_bursa/media_centre/closure-of-bursa-malaysia-in-conjunction-with-prophet-muhammads-birthday-and-malaysia-day-trading-resumes-on-17-september-2024"",""title"":""TRADING RESUMES ON 17 SEPTEMBER 2024"",""excerpts"":[""Bursa Malaysia Berhad (“Bursa Malaysia” or “the Exchange”) and its subsidiaries will be closed on 16 September 2024 (Monday) in observance of both Prophet ...""]},{""url"":""https://www.bursamalaysia.com/bm/about_bursa/media_centre/closure-of-bursa-malaysia-in-conjunction-with-hari-raya-aidilfitri-public-holiday"",""title"":""CLOSURE OF BURSA MALAYSIA IN CONJUNCTION ..."",""excerpts"":[""Bursa Malaysia and its subsidiaries will be\nclosed on 1 April and 2 April 2025 (Tuesday and Wednesday).""]}],""confidence"":""medium""}"
National Stock Exchange of India – Equity Derivatives Market Holidays,"The National Stock Exchange of India (NSE) provides an official holiday calendar for its equity derivatives market, listing all U.S. and Indian public holidays when trading is closed. The page also notes that some derivative products, such as currency futures, may remain open on certain holidays while equities are halted.",https://www.nseindia.com/products-services/equity-derivatives-market-holidays,Holi: no product specific settings; Id-Ul-Fitr (Ramadan Eid): no product specific settings; Shri Mahavir Jayanti: no product specific settings; Dr. Baba Saheb Ambedkar Jayanti: no product specific settings; Independence Day: no product specific settings; Ganesh Chaturthi: no product specific settings; Diwali Laxmi Pujan: Muhurat Trading; Christmas: no product specific settings,"{""field"":""PRODUCT_HOLIDAY_CHECK"",""reasoning"":""The source indicates that no specific products continue trading on the listed holidays except for Diwali Laxmi Pujan, where Muhurat Trading is mentioned."",""citations"":[{""url"":""https://timesofindia.indiatimes.com/business/stock-market-holidays/nse-holidays"",""title"":""NSE Holidays 2025 - Complete List of National Stock Exchange Closures"",""excerpts"":[""Section Title: NSE Holidays List 2025 > NSE Holidays 2025: Complete List for Equity, Equity Derivatives & SLB Segments > NSE Holidays 2025 for Commodity Derivatives \nContent:\nNovember 05, 2025\nWednesday\nClosed\nOpen\n15\nChristmas\nDecember 25, 2025\nThursday\nClosed\nClosed\n\\* Muhurat Trading for Diwali Laxmi Pujan will take place on Tuesday, October 21, 2025.""]},{""url"":""https://www.niftyindices.com/resources/holiday-calendar"",""title"":""Holiday Calendar - NIFTY Indices"",""excerpts"":[""Holiday List. Segment. NSE Equity and Equity Derivatives, NSE Debt Market. Select Time Period. 2025 01 JAN. to. 2025 31 DEC ... Timings of Muhurat Trading shall ... Holiday List 2025 ; 4, 10/04/2025, Thursday, Shri Mahavir Jayanti ; 5, 14/04/2025, Monday, Dr. Baba Saheb Ambedkar Jayanti.""]},{""url"":""https://www.nseindia.com/resources/exchange-communication-holidays"",""title"":""Market Timings & Holidays - NSE India"",""excerpts"":[""Note: **October 21, 2025,** Tuesday shall be a trading holiday on account of Diwali Laxmi Pujan. Muhurat Trading will be conducted on that day. Timings of Muhurat Trading shall be notified subsequently through a circular.""]}],""confidence"":""low""}",,"{""field"":""derivatives_exchange_check"",""reasoning"":""The provided answer states that the National Stock Exchange of India (NSE) is a derivatives exchange, satisfying the boolean condition."",""citations"":[{""url"":""https://profitmart.in/stock-market-holidays-calendar-nse-holidays-list/"",""title"":""NSE Trading Holidays 2025 - List of Stock Market Holidays - Profitmart"",""excerpts"":[""NSE Holidays calendar for 2025 – Equity Segment, Equity Derivative Segment ; 2, 14 March 2025, Friday, Holi ; 3, 31 March 2025, Monday, Id-Ul-Fitr (Ramadan Eid).""]},{""url"":""https://www.niftyindices.com/resources/holiday-calendar"",""title"":""Holiday Calendar - NIFTY Indices"",""excerpts"":[""Holiday List. Segment. NSE Equity and Equity Derivatives, NSE Debt Market. Select Time Period. 2025 01 JAN. to. 2025 31 DEC ... Timings of Muhurat Trading shall ... Holiday List 2025 ; 4, 10/04/2025, Thursday, Shri Mahavir Jayanti ; 5, 14/04/2025, Monday, Dr. Baba Saheb Ambedkar Jayanti.""]},{""url"":""https://www.nseindia.com/resources/exchange-communication-holidays"",""title"":""Fetched web page"",""excerpts"":[""Select Product\nEquities Mutual Funds Securities Lending & Borrowing Schemes Equity Derivatives Currency Derivatives Commodity Derivatives Interest Rate Derivatives Corporate Bonds New Debt Segment Negotiated Trade Reporting Platform""]}],""confidence"":""high""}","holiday name: Holi, date: 2025-03-14; holiday name: Id-Ul-Fitr (Ramadan Eid), date: 2025-03-31; holiday name: Shri Mahavir Jayanti, date: 2025-04-10; holiday name: Dr. Baba Saheb Ambedkar Jayanti, date: 2025-04-14; holiday name: Independence Day, date: 2025-08-15; holiday name: Ganesh Chaturthi, date: 2025-08-27; holiday name: Diwali Laxmi Pujan, date: 2025-10-21; holiday name: Christmas, date: 2025-12-25; full calendar URL(s): https://www.niftyindices.com/resources/holiday-calendar, https://www.nseindia.com/resources/exchange-communication-holidays","{""field"":""holiday_calendar_check"",""reasoning"":""The answer lists specific 2025 holidays for the NSE Equity Derivatives market and provides the URLs of the official holiday calendars."",""citations"":[{""url"":""https://www.niftyindices.com/resources/holiday-calendar"",""title"":""Holiday Calendar - NIFTY Indices"",""excerpts"":[""Holiday List. Segment. NSE Equity and Equity Derivatives, NSE Debt Market. Select Time Period. 2025 01 JAN. to. 2025 31 DEC ... Timings of Muhurat Trading shall ... Holiday List 2025 ; 4, 10/04/2025, Thursday, Shri Mahavir Jayanti ; 5, 14/04/2025, Monday, Dr. Baba Saheb Ambedkar Jayanti.""]},{""url"":""https://aliceblueonline.com/stock-market-holiday-2025/"",""title"":""Stock Market Holiday 2025 - List Of NSE Trading ..."",""excerpts"":[""In 2025, NSE trading will remain closed on New Year's Day, Republic Day, Holi, Diwali, and Christmas. Visit NSE's official website for the complete holiday ...See more""]},{""url"":""https://www.indiabonds.com/kuchbhi/complete-list-of-market-holidays-nse-and-bse-2025-indian-stock-market-trading-calendar/"",""title"":""Market Holidays 2025: NSE & BSE Trading Calendar India"",""excerpts"":[""NSE & BSE Holidays 2025: Equity Segment, Equity Derivatives Segment and SLB Segment ; 6, 18-Apr-25, Friday ; 7, 01-May-25, Thursday ; 8, 15-Aug-25, Friday ; 9, 27- ...See more""]},{""url"":""https://www.nseindia.com/resources/exchange-communication-holidays"",""title"":""Market Timings & Holidays - NSE India"",""excerpts"":[""Note: **October 21, 2025,** Tuesday shall be a trading holiday on account of Diwali Laxmi Pujan. Muhurat Trading will be conducted on that day. Timings of Muhurat Trading shall be notified subsequently through a circular.""]}],""confidence"":""low""}"
Montreal Exchange Trading Hours and Holidays,"The Montreal Exchange (M-X) publishes a holiday calendar that lists all market closures for its derivatives contracts, primarily aligned with U.S. and Canadian public holidays. The calendar also specifies which products, such as FX Spot+ contracts, may trade on holidays with adjusted session times.",https://www.m-x.ca/en/trading-hours-and-holidays,no product specific settings,"{""field"":""PRODUCT_HOLIDAY_CHECK"",""reasoning"":""All listed holidays for 2025 state that the exchange is closed for all product categories, with the only partial trading noted on November 10, 2025 for interest rate derivatives ceasing at 13:30. No source provides specific products that continue trading on any holiday, so the appropriate response is that no product‑specific settings are mentioned."",""citations"":[{""url"":""https://cdcc.ca/en/about/operations/cdcc-holiday-schedule"",""title"":""CDCC Holiday Schedule"",""excerpts"":[""Monday, February 17, Family Day, Closed ; Friday, April 18, Good Friday, Closed ; Monday, May 19, Victoria Day, Closed ; Tuesday, July 1, Canada Day, Closed.""]},{""url"":""https://s1.q4cdn.com/620427297/files/doc_news/TMX-Group-Holiday-Operating-Schedule-2024.pdf"",""title"":""[PDF] TMX Group Holiday Operating Schedule"",""excerpts"":[""sed\n\nMontréal Exchange\n\nTuesday, December 24, 2024\n\nEquity, currency, index and ETF derivatives will\n\nbe open until 1:00 p.m. (EST). Interest rate\n\nderivatives will be open until 1:30 p.m. (EST)""]}],""confidence"":""low""}",,"{""field"":""derivatives_exchange_check"",""reasoning"":""The entity description and listed product types (equity, currency, index, ETF, and interest rate derivatives) confirm that the Montreal Exchange operates as a derivatives exchange."",""citations"":[{""url"":""https://www.m-x.ca/en/trading/data/trading-calendar"",""title"":""TMX - Montréal Exchange - Trading Calendar"",""excerpts"":[""Trading Calendar ; COA (COAG25), February 28, 2025, March 3, 2025 ; Equity options, February 21, 2025, February 21, 2025 ; OGB, January 17, 2025, January 17, 2025. Trading Hours & Holidays · Trading Calendar · Intra-Session Summary · Options ... Exchange Market Thresholds and Controls · RFQ - Request for Quote. Reports.""]},{""url"":""https://phidiaspropfirm.com/education/futures-trading-hours"",""title"":""Futures Market Trading Hours: Regular & Holiday Schedules"",""excerpts"":[""You will find everything you need to know about futures trading market hours, from the Weekly schedule to holiday closures and global exchange timings. Overnight Session: 8:00 PM – 5:30 AM ET (7:00 PM – 4:30 AM CT). The Montreal Exchange follows Canadian public holidays, meaning futures trading may be closed or ...""]},{""url"":""https://www.m-x.ca/en/trading/data/trading-calendar?cat=0&month=2&year=0"",""title"":""TMX - Montréal Exchange - Trading Calendar"",""excerpts"":[""Interest rate derivative trading will cease at 1:30 p.m. today, November 10, 2025. Furthermore, the interest rate derivative market will be closed on ...""]},{""url"":""https://globalexchanges.com/canada-tmx-group-publishes-holiday-notice-13/142441/"",""title"":""CANADA: TMX Group Publishes Holiday Notice - Global Exchanges"",""excerpts"":[""TMX Group exchanges will be closed on Monday, August 4th, 2025 for the Civic Holiday and will re-open on Tuesday, August 5th, 2025.""]},{""url"":""https://s1.q4cdn.com/620427297/files/doc_news/TMX-Group-Holiday-Operating-Schedule-2024.pdf"",""title"":""[PDF] TMX Group Holiday Operating Schedule"",""excerpts"":[""4) - Toronto Stock Exchange (TSX), TSX Venture Exchange\n\n(TSXV), TSX Alpha Exchange and Montréal Exchange (MX) will be closed on Wednesday, December 25, 2024,\n\nThursday, December 26, 2024, and Wednesday, January 1, 2025, for Christmas Day, Boxing Day and New Year's\n\nDay, respectively.""]},{""url"":""https://www.m-x.ca/en/trading/data/trading-hours-and-holidays"",""title"":""Fetched web page"",""excerpts"":[""Interest rate derivatives: COA, CRA, CGZ, CGF, CGB, LGB, OGZ, OGF and OGB."",""Equity, currency, ETF, index and share futures: Equity, currency options (US dollar), exchange-traded funds, index derivatives (SXF, SXM, SEG, SCG, SDV, SCF, SXA, SXB, SXD, SXG, SXH, SXK, SXR, SXT, SXU, SXW, SXY, SXO, SXJ and SXV) and share futures.""]}],""confidence"":""high""}","New Year's Day: 2025-01-01; Family Day: 2025-02-17; Good Friday: 2025-04-18; Victoria Day: 2025-05-19; Canada Day: 2025-07-01; Civic Holiday: 2025-08-04; Labour Day: 2025-09-01; Thanksgiving: 2025-10-13; November 10, 2025: interest rate derivative trading ceases at 13:30, market closed thereafter. Calendar URLs: https://www.m-x.ca/en/trading/data/trading-hours-and-holidays, https://www.m-x.ca/en/trading/data/trading-calendar, https://s1.q4cdn.com/620427297/files/doc_news/TMX-Group-Holiday-Operating-Schedule-2024.pdf, https://investors.tmx.com/English/news-and-events/news-details/2025/TMX-Group-Thanksgiving-Holiday-Market-Closures/default.aspx, https://globalexchanges.com/canada-tmx-group-publishes-holiday-notice-13/142441/, https://investors.tmx.com/English/news-and-events/news-details/2025/Toronto-Stock-Exchange-TSX-Venture-Exchange-TSX-Alpha-Exchange-and-Montreal-Exchange-Closed-for-Canada-Day/default.aspx, https://investors.tmx.com/English/news-and-events/news-details/2025/Toronto-Stock-Exchange-TSX-Venture-Exchange-TSX-Alpha-Exchange-and-Montreal-Exchange-Closed-for-Labour-Day/default.aspx, https://cdcc.ca/en/about/operations/cdcc-holiday-schedule, https://www.m-x.ca/en/trading/data/trading-calendar?cat=0&month=2&year=0","{""field"":""holiday_calendar_check"",""reasoning"":""The provided sources list specific holiday dates for 2025 along with statements that the exchange is closed for all products on those dates, and include URLs to the official holiday calendars."",""citations"":[{""url"":""https://www.tsx.com/en/trading/calendars-and-trading-hours/calendar"",""title"":""TMX TSX | Calendar"",""excerpts"":[""Canadian Holidays · New Year's Day - Wednesday, January 1, 2025 · Family Day - Monday, February 17, 2025 · Good Friday - Friday, April 18, 2025 · Victoria Day - ...""]},{""url"":""https://cdcc.ca/en/about/operations/cdcc-holiday-schedule"",""title"":""CDCC Holiday Schedule"",""excerpts"":[""Monday, February 17, Family Day, Closed ; Friday, April 18, Good Friday, Closed ; Monday, May 19, Victoria Day, Closed ; Tuesday, July 1, Canada Day, Closed.""]},{""url"":""https://globalexchanges.com/canada-tmx-group-publishes-holiday-notice-13/142441/"",""title"":""CANADA: TMX Group Publishes Holiday Notice - Global Exchanges"",""excerpts"":[""TMX Group exchanges will be closed on Monday, August 4th, 2025 for the Civic Holiday and will re-open on Tuesday, August 5th, 2025.""]},{""url"":""https://investors.tmx.com/English/news-and-events/news-details/2025/Toronto-Stock-Exchange-TSX-Venture-Exchange-TSX-Alpha-Exchange-and-Montreal-Exchange-Closed-for-Canada-Day/default.aspx"",""title"":""Toronto Stock Exchange, TSX Venture Exchange, TSX Alpha ..."",""excerpts"":[""Toronto Stock Exchange, TSX Venture Exchange, TSX Alpha Exchange and Montréal Exchange will be closed on Tuesday, July 1, 2025, for the Canada Day holiday.""]},{""url"":""https://investors.tmx.com/English/news-and-events/news-details/2025/TMX-Group-Thanksgiving-Holiday-Market-Closures/default.aspx"",""title"":""TMX Group Thanksgiving Holiday Market Closures - Investor Relations"",""excerpts"":[""... 2025 for the Thanksgiving holiday. The Exchanges will re-open and resume regular trading on Tuesday, October 14, 2025. About TMX Group (TSX: X) ...""]},{""url"":""https://www.stocktitan.net/news/TMXXF/tmx-group-thanksgiving-holiday-market-3kuql1v6hesa.html"",""title"":""TMX Group Thanksgiving Holiday Market Closures - Stock Titan"",""excerpts"":[""The exchanges will be closed for the Thanksgiving holiday on Monday, October 13, 2025. When will TMX Group exchanges resume trading after the ...""]},{""url"":""https://s1.q4cdn.com/620427297/files/doc_news/TMX-Group-Holiday-Operating-Schedule-2024.pdf"",""title"":""[PDF] TMX Group Holiday Operating Schedule"",""excerpts"":[""4) - Toronto Stock Exchange (TSX), TSX Venture Exchange\n\n(TSXV), TSX Alpha Exchange and Montréal Exchange (MX) will be closed on Wednesday, December 25, 2024,\n\nThursday, December 26, 2024, and Wednesday, January 1, 2025, for Christmas Day, Boxing Day and New Year's\n\nDay, respectively."",""Tuesday, December 24, 2024. Open until 1:00 p.m. (EST). Wednesday, December 25, 2024. Closed. Thursday, December 26, 2024. Tuesday, December 24, 2024. Open until 1:00 p.m. (EST). Wednesday, December 25, 2024. Closed. Thursday, December 26, 2024. Closed.""]},{""url"":""https://money.tmx.com/quote/X/news/4841815608240866/TMX_Group_Holiday_Operating_Schedule"",""title"":""TMX Group Holiday Operating Schedule"",""excerpts"":[""TMX Group Holiday Operating Schedule ; Toronto Stock Exchange TSX Venture Exchange TSX Alpha Exchange · Wednesday, January 1, 2025, Closed.""]}],""confidence"":""low""}"
Australian Securities Exchange (ASX) Trading Hours Calendar,"The Australian Securities Exchange (ASX) trading‑hours calendar lists the regular trading sessions, early‑close times and full‑day holiday closures for the exchange, covering equities and derivatives markets.",https://www.asx.com.au/markets/market-resources/trading-hours-calendar,"New Year’s Day: no products (all closed); Day After New Year’s Day (NZ): ASX 24, NZ ASX 24 Night Session; Australia Day: NZ ASX 24; Waitangi Day (NZ): ASX 24; Day before Good Friday: ASX 24 Night Session, NZ ASX 24 Night Session; Good Friday: no products; Easter Monday: no products; ANZAC Day: ASX 24 Night Session, NZ ASX 24 Night Session; King’s Birthday (NZ): ASX 24; King’s Birthday (AUS): NZ ASX 24; Matariki (NZ): ASX 24; Labour Day (AUS): ASX 24, NZ ASX 24; Labour Day (NZ): ASX 24; Last Business Day before Christmas Day: ASX 24 (selected products close early), NZ ASX 24 (selected products close early); Christmas Day: no products; Boxing Day: no products; Last Business Day before New Year’s Day: ASX 24 (selected products close early), NZ ASX 24 (selected products close early)","{""field"":""PRODUCT_HOLIDAY_CHECK"",""reasoning"":""The T24 and ASX 24 trading calendars describe which sessions (day/night) remain open for each holiday, allowing extraction of the products that continue trading."",""citations"":[{""url"":""https://www.asx.com.au/content/dam/asx/markets/market-resources/t24-trading-calendars/T24-trading-calendar2025.pdf"",""title"":""T24 Trading Calendar"",""excerpts"":[""**New Year’s Day ‘Holiday’**\nASX 24: Closed\nNZ ASX 24: Closed\n"",""**Day After New Year’s Day (NZ)**\nASX 24: Normal Trading hours\nNZ ASX 24: Day Session Closed\nNight Session Open\n"",""**Australia Day**\nASX 24: Day Session Closed\nNight Session Open\nNZ ASX 24: Normal Trading hours\n"",""**Waitangi Day (NZ)**\nASX 24: Normal Trading hours\nNZ ASX 24: Day Session Closed\nNight Session Open\n"",""**Day before Good Friday**\nASX 24: Night Session to cease trading at mid-night (Sydney time)\nNZ ASX 24: Night Session to cease trading at mid-night (Sydney time)\n"",""**Good Friday**\nASX 24: Closed\nNZ ASX 24: Closed\n"",""**Easter Monday**\nASX 24: Closed\nNZ ASX 24: Closed\n"",""**ANZAC Day**\nASX 24: Day\nSession Closed\n\nNight Session Ope\nNZ ASX 24: Day Session Closed\n\nNight Session Ope\n"",""**King's Birthday (NZ)**\nASX 24: Normal Trading hours\nNZ ASX 24: Day Session Closed\nNight Session Open\n"",""**King's Birthday (AUS)**\nASX 24: Day Session\nClosed\n\nNight Session Ope\nNZ ASX 24: Normal Trading hours\n"",""ASX 24: Normal Trading hours\nNZ ASX 24: Day Session Closed\nNight Session Open\n"",""**Labour Day (AUS)**\nASX 24: Normal Trading hours\nNZ ASX 24: Normal Trading hours\n"",""**Labour Day (NZ)**\nASX 24: Normal Trading hours\nNZ ASX 24: Day Session Closed\nNight Session Open\n"",""**Last Business Day before Christmas Day**\nASX 24: Interest Rate, Commodities, Energy Products to close at 12:30pm.\nIndex Products to close at 14:30. Night Session Closed\nNZ ASX 24: Interest Rate and Energy Products to close at 10:00am (Sydney time)\n\nNight Session Close\n"",""**Christmas Day**\nASX 24: Closed\nNZ ASX 24: Closed\n"",""**Boxing Day**\nASX 24: Closed\nNZ ASX 24: Closed\n"",""**Last Business Day before New Year’s Day**\nASX 24: Interest Rate, Commodities, Energy Products to close at 12:30pm. Index Products to close at 14:30. Night Session Closed\nNZ ASX 24: Interest Rate and Energy Products to close at 10:00 (Sydney time)\n\nNight Session Close\n""]},{""url"":""https://www.asx.com.au/markets/market-resources/asx-24-trading-calendar"",""title"":""ASX 24 Trading Calendar"",""excerpts"":[""|Wednesday 1 January\n\nNew Year’s Day |ASX 24: Closed\n\nNZ ASX 24: Closed |"",""|Thursday 2 January\n\nDay after New Year’s Day (NZ) |ASX 24: Normal Trading Hours\n\nNZ ASX 24: Day Session Closed\n\nNZ ASX 24: Night Session Normal Trading Hours |"",""|Monday 27 January\n\nAustralia Day holiday |ASX 24: Day Session Closed\n\nASX 24: Night Session Normal Trading Hours\n\nNZ ASX 24: Normal Trading Hours |"",""|Thursday 6 February\n\nWaitangi Day (NZ) |ASX 24: Normal Trading Hours\n\nNZ ASX 24: Day Session Closed\n\nNZ ASX 24: Night Session Normal Trading Hours |"",""|Thursday 17 April\n\nDay before Good Friday |ASX 24: Night Session to cease trading at midnight\n\nNZ ASX 24: Night Session to cease trading at midnight (Sydney Time) |"",""|Friday 18 April\n\nGood Friday |ASX 24: Closed\n\nNZ ASX 24: Closed |"",""|Monday 21 April\n\nEaster Monday |ASX 24: Closed\n\nNZ ASX 24: Closed |"",""|Friday 25 April\n\nANZAC Day |ASX 24: Day Session Closed\n\nASX 24: Night Session Normal Trading Hours\n\nNZ ASX 24: Day Session Closed\n\nNZ ASX 24: Night Session Normal Trading Hours |"",""|Monday 2 June\n\nKing’s Birthday (NZ) |ASX 24: Normal Trading Hours\n\nNZ ASX 24: Day Session Closed\n\nNZ ASX 24: Night Session Normal Trading Hours |"",""|Monday 9 June\n\nKing’s Birthday |ASX 24: Day Session Closed\n\nASX 24: Night Session Normal Trading Hours\n\nNZ ASX 24: Normal Trading Hours |"",""|Friday 20 June\n\nMatariki (NZ) |ASX 24: Normal Trading Hours\n\nNZ ASX 24: Day Session Closed\n\nNZ ASX 24: Night Session Normal Trading Hours |"",""|Monday 27 October\n\nLabour\nDay (NZ) |ASX 24: Normal Trading Hours\n\nNZ ASX 24: Day Session Closed\n\nNZ ASX 24: Night Session Normal Trading Hours |"",""|Wednesday 24 December\n\nLast Business Day before Christmas Day |ASX 24: Equity Products to close at 2:30pm (Sydney Time)\n\nASX 24:\n\nInterest Rate, Energy and Agriculture Products to close at 12:30pm (Sydney Time)\n\nNZ ASX 24: Interest Rate and Energy Products to close at 10:00am (Sydney Time)\n\nASX 24 / NZ: Night Session Closed |"",""|Thursday 25 December\n\nChristmas Day |ASX 24: Closed\n\nNZ ASX 24: Closed |"",""|Friday 26 December\n\nBoxing Day |ASX 24: Closed\n\nNZ ASX 24: Closed |"",""|Wednesday 31 December\n\nLast Business Day before\n\nNew Year’s Day |ASX 24: Equity Products to close at 2:30pm (Sydney Time)\n\nASX 24:\n\nInterest Rate, Energy and Agriculture Products to close at 12:30pm (Sydney Time)\n\nNZ ASX 24: Interest Rate and Energy Products to close at 10:00am (Sydney Time)\n\nASX 24 / NZ: Night Session Closed |""]}],""confidence"":""medium""}",,"{""field"":""derivatives_exchange_check"",""reasoning"":""The ASX 24 trading calendar and T24 trading calendar list futures, options and other derivative products, confirming that the Australian Securities Exchange operates a derivatives exchange."",""citations"":[{""url"":""https://www.asx.com.au/markets/market-resources/trading-hours-calendar/cash-market-trading-hours/trading-calendar"",""title"":""ASX Trade calendar"",""excerpts"":[""|New Year’s Day |Wednesday 1 January |**CLOSED** |**No Settlement** |**No Settlement** |**NO** |""]},{""url"":""https://www.asx.com.au/content/dam/asx/markets/market-resources/t24-trading-calendars/T24-trading-calendar2025.pdf"",""title"":""T24 Trading Calendar"",""excerpts"":[""ASX 24: Closed""]},{""url"":""https://www.asx.com.au/markets/market-resources/asx-24-trading-calendar"",""title"":""ASX 24 Trading Calendar"",""excerpts"":[""ASX 24 Trading Calendar"",""The following details Trading hours as they relate to the ASX 24 markets during domestic and international public holidays.""]}],""confidence"":""low""}","New Year’s Day: 2025-01-01; Day After New Year’s Day (NZ): 2025-01-02; Australia Day: 2025-01-27; Waitangi Day (NZ): 2025-02-06; Good Friday: 2025-04-18; Easter Monday: 2025-04-21; ANZAC Day: 2025-04-25; King’s Birthday (NZ): 2025-06-02; King’s Birthday (AUS): 2025-06-09; Matariki (NZ): 2025-06-20; Labour Day (AUS): 2025-10-06; Labour Day (NZ): 2025-10-27; Last Business Day before Christmas Day: 2025-12-24; Christmas Day: 2025-12-25; Boxing Day: 2025-12-26; Last Business Day before New Year’s Day: 2025-12-31; Calendar URLs: https://www.asx.com.au/markets/market-resources/trading-hours-calendar/cash-market-trading-hours/trading-calendar, https://www.asx.com.au/content/dam/asx/markets/market-resources/t24-trading-calendars/T24-trading-calendar2025.pdf, https://www.asx.com.au/markets/market-resources/asx-24-trading-calendar","{""field"":""holiday_calendar_check"",""reasoning"":""The provided trading calendars enumerate public holidays for 2025 with specific dates and include URLs to the full calendar documents."",""citations"":[{""url"":""https://www.asx.com.au/markets/market-resources/trading-hours-calendar/cash-market-trading-hours/trading-calendar"",""title"":""ASX Trade calendar"",""excerpts"":[""|New Year’s Day |Wednesday 1 January |**CLOSED** |**No Settlement** |**No Settlement** |**NO** |"",""|Australia Day |Monday 27 January |**CLOSED** |**No Settlement** |**No Settlement** |**NO** |"",""|Good Friday |Friday 18 April |**CLOSED** |**No Settlement** |**No Settlement** |**NO** |"",""|Easter Monday |Monday 21 April |**CLOSED** |**No Settlement** |**No Settlement** |**NO** |"",""|ANZAC Day |Friday 25 April |**CLOSED** |**No Settlement** |**No Settlement** |**NO** |"",""|King’s Birthday |Monday 9 June |**CLOSED** |**No Settlement** |**No Settlement** |**NO** |"",""|Last Business day before Christmas Day |Wednesday 24 December |**CLOSE EARLY **[3]**** |Settlement |Settlement |YES |"",""|Christmas Day |Thursday 25 December |**CLOSED** |**No Settlement** |**No Settlement** |**NO** |"",""|Boxing Day |Friday 26 December |**CLOSED** |**No Settlement** |**No Settlement** |**NO** |"",""|Last Business day of the Year |Wednesday 31 December |**CLOSE EARLY **[4]**** |Settlement |Settlement |YES |""]},{""url"":""https://www.asx.com.au/markets/market-resources/asx-24-trading-calendar"",""title"":""ASX 24 Trading Calendar"",""excerpts"":[""|Wednesday 1 January\n\nNew Year’s Day |ASX 24: Closed\n\nNZ ASX 24: Closed |"",""|Thursday 2 January\n\nDay after New Year’s Day (NZ) |ASX 24: Normal Trading Hours\n\nNZ ASX 24: Day Session Closed\n\nNZ ASX 24: Night Session Normal Trading Hours |"",""|Monday 27 January\n\nAustralia Day holiday |ASX 24: Day Session Closed\n\nASX 24: Night Session Normal Trading Hours\n\nNZ ASX 24: Normal Trading Hours |"",""|Thursday 6 February\n\nWaitangi Day (NZ) |ASX 24: Normal Trading Hours\n\nNZ ASX 24: Day Session Closed\n\nNZ ASX 24: Night Session Normal Trading Hours |"",""|Thursday 17 April\n\nDay before Good Friday |ASX 24: Night Session to cease trading at midnight\n\nNZ ASX 24: Night Session to cease trading at midnight (Sydney Time) |"",""|Friday 18 April\n\nGood Friday |ASX 24: Closed\n\nNZ ASX 24: Closed |"",""|Monday 21 April\n\nEaster Monday |ASX 24: Closed\n\nNZ ASX 24: Closed |"",""|Friday 25 April\n\nANZAC Day |ASX 24: Day Session Closed\n\nASX 24: Night Session Normal Trading Hours\n\nNZ ASX 24: Day Session Closed\n\nNZ ASX 24: Night Session Normal Trading Hours |"",""|Monday 2 June\n\nKing’s Birthday (NZ) |ASX 24: Normal Trading Hours\n\nNZ ASX 24: Day Session Closed\n\nNZ ASX 24: Night Session Normal Trading Hours |"",""|Monday 9 June\n\nKing’s Birthday |ASX 24: Day Session Closed\n\nASX 24: Night Session Normal Trading Hours\n\nNZ ASX 24: Normal Trading Hours |"",""|Friday 20 June\n\nMatariki (NZ) |ASX 24: Normal Trading Hours\n\nNZ ASX 24: Day Session Closed\n\nNZ ASX 24: Night Session Normal Trading Hours |"",""|Monday 27 October\n\nLabour\nDay (NZ) |ASX 24: Normal Trading Hours\n\nNZ ASX 24: Day Session Closed\n\nNZ ASX 24: Night Session Normal Trading Hours |"",""|Wednesday 24 December\n\nLast Business Day before Christmas Day |ASX 24: Equity Products to close at 2:30pm (Sydney Time)\n\nASX 24:\n\nInterest Rate, Energy and Agriculture Products to close at 12:30pm (Sydney Time)\n\nNZ ASX 24: Interest Rate and Energy Products to close at 10:00am (Sydney Time)\n\nASX 24 / NZ: Night Session Closed |"",""|Thursday 25 December\n\nChristmas Day |ASX 24: Closed\n\nNZ ASX 24: Closed |"",""|Friday 26 December\n\nBoxing Day |ASX 24: Closed\n\nNZ ASX 24: Closed |"",""|Wednesday 31 December\n\nLast Business Day before\n\nNew Year’s Day |ASX 24: Equity Products to close at 2:30pm (Sydney Time)\n\nASX 24:\n\nInterest Rate, Energy and Agriculture Products to close at 12:30pm (Sydney Time)\n\nNZ ASX 24: Interest Rate and Energy Products to close at 10:00am (Sydney Time)\n\nASX 24 / NZ: Night Session Closed |""]},{""url"":""https://www.asx.com.au/content/dam/asx/markets/market-resources/t2-settlement-calendar-2025.pdf"",""title"":""2025 Settlement Calendar for ASX Cash Market Products"",""excerpts"":[""This calendar is based upon the non-Business Days, which ASX Settlement has declared for 2025. This calendar is based upon the non-Business Days, which ASX Settlement has declared for ... Australia Day public holiday (All states). Friday, 18 April ...""]},{""url"":""https://smallcaps.com.au/trading-calendar"",""title"":""ASX Trading Calendar 2025–2026 | Trading, Settlement & Holidays"",""excerpts"":[""ASX Trading Calendar · New Year's Day · Australia Day · Good Friday · Easter Monday · ANZAC Day · King's Birthday · Last Business day before Christmas Day. View ASX trading days, public holidays, and settlement dates. Plan your trading strategy with our comprehensive market calendar showing when markets are open ...""]},{""url"":""https://stocksdownunder.com/opening-hours-of-the-asx/"",""title"":""What are the opening hours of the ASX? What are the 2025 ..."",""excerpts"":[""These include Australia Day, the Easter Weekend, ANZAC Day, The King's Birthday (In Victoria and NSW), Christmas Day and Boxing Day.""]},{""url"":""https://macrogmsecurities.com.au/asx-stock-market-open-time/"",""title"":""ASX Stock Market Open Time & When is the Best Time to Trade"",""excerpts"":[""Public Holidays and the ASX Stock Market Open Time​​ These include New Year's Day, Australia Day, Good Friday, Easter Monday, ANZAC Day, Christmas Day, and ...""]},{""url"":""https://discoveryalert.com.au/australian-securities-exchange-asx-2025/"",""title"":""How the Australian Securities Exchange (ASX) Works"",""excerpts"":[""Trading hours may be adjusted for holidays and special circumstances, with a modified schedule typically released annually through the ASX Trading Calendar.""]},{""url"":""https://www.asx.com.au/content/dam/asx/markets/market-resources/t24-trading-calendars/T24-trading-calendar2025.pdf"",""title"":""T24 Trading Calendar"",""excerpts"":[""**January 2025**\n**New Year’s Day ‘Holiday’**\nASX 24: Closed\nNZ ASX 24: Closed\n"",""**January 2025**\n**Day After New Year’s Day (NZ)**\nASX 24: Normal Trading hours\nNZ ASX 24: Day Session Closed\nNight Session Open\n"",""**January 2025**\n**Australia Day**\nASX 24: Day Session Closed\nNight Session Open\nNZ ASX 24: Normal Trading hours\n"",""**February 2025**\n**Waitangi Day (NZ)**\nASX 24: Normal Trading hours\nNZ ASX 24: Day Session Closed\nNight Session Open\n"",""**April 2025**\n**Day before Good Friday**\nASX 24: Night Session to cease trading at mid-night (Sydney time)\nNZ ASX 24: Night Session to cease trading at mid-night (Sydney time)\n"",""**April 2025**\n**Good Friday**\nASX 24: Closed\nNZ ASX 24: Closed\n"",""**April 2025**\n**Easter Monday**\nASX 24: Closed\nNZ ASX 24: Closed\n"",""**April 2025**\n**ANZAC Day**\nASX 24: Day\nSession Closed\n\nNight Session Ope\nNZ ASX 24: Day Session Closed\n\nNight Session Ope\n"",""**June 2025**\n**King's Birthday (NZ)**\nASX 24: Normal Trading hours\nNZ ASX 24: Day Session Closed\nNight Session Open\n"",""**June 2025**\n**King's Birthday (AUS)**\nASX 24: Day Session\nClosed\n\nNight Session Ope\nNZ ASX 24: Normal Trading hours\n"",""**June 2025**\nASX 24: Normal Trading hours\nNZ ASX 24: Day Session Closed\nNight Session Open\n"",""**October 2025**\n**Labour Day (AUS)**\nASX 24: Normal Trading hours\nNZ ASX 24: Normal Trading hours\n"",""**October 2025**\n**Labour Day (NZ)**\nASX 24: Normal Trading hours\nNZ ASX 24: Day Session Closed\nNight Session Open\n"",""**December 2025**\n**Last Business Day before Christmas Day**\nASX 24: Interest Rate, Commodities, Energy Products to close at 12:30pm.\nIndex Products to close at 14:30. Night Session Closed\nNZ ASX 24: Interest Rate and Energy Products to close at 10:00am (Sydney time)\n\nNight Session Close\n"",""**December 2025**\n**Christmas Day**\nASX 24: Closed\nNZ ASX 24: Closed\n"",""**December 2025**\n**Boxing Day**\nASX 24: Closed\nNZ ASX 24: Closed\n"",""**December 2025**\n**Last Business Day before New Year’s Day**\nASX 24: Interest Rate, Commodities, Energy Products to close at 12:30pm. Index Products to close at 14:30. Night Session Closed\nNZ ASX 24: Interest Rate and Energy Products to close at 10:00 (Sydney time)\n\nNight Session Close\n""]}],""confidence"":""medium""}"
SIX Group – The Swiss Stock Exchange,"SIX Group – The Swiss Stock Exchange provides an official holiday calendar covering trading and settlement dates for its exchange, including derivatives products.",https://www.six-group.com/en/products-services/the-swiss-stock-exchange/trading/trading-hours-holidays.html,no product specific settings,"{""field"":""PRODUCT_HOLIDAY_CHECK"",""reasoning"":""The sources list the holidays but do not mention any products that continue trading on those days, so no product-specific settings are provided."",""citations"":[],""confidence"":""low""}",,"{""field"":""derivatives_exchange_check"",""reasoning"":""The SIX Group entity includes MEFF, which is explicitly described as BME’s Derivatives Exchange and part of SIX Group, confirming that the entity operates a derivatives exchange."",""citations"":[{""url"":""https://www.six-group.com/dam/download/the-swiss-stock-exchange/trading/trading-provisions/regulation/trading-guides/trading-guide.pdf"",""title"":""[PDF] Trading Guide | SIX Group"",""excerpts"":[""Standard for Derivatives. Market Model. Central Limit Order Book (CLOB) ... Exchange and Off Exchange). Trade Reports and Delivery Reports ...""]},{""url"":""https://www.meff.es/ing/About-Us/Company-MEFF"",""title"":""The Company - MEFF"",""excerpts"":[""MEFF is BME’s Derivatives Exchange and since 2020 part of Switzerland's SIX Group.""]},{""url"":""https://www.six-group.com/en/products-services/the-swiss-stock-exchange/trading/trading-provisions/trading-hours.html"",""title"":""Fetched web page"",""excerpts"":[""Register now and become a Derivatives Master.""]}],""confidence"":""medium""}",New Year's Day: 2025-01-01; Good Friday: 2025-04-18; Easter Monday: 2025-04-21; Ascension Day: 2025-05-29; Whit Monday: 2025-06-09; Christmas Day: 2025-12-25; St. Stephen's Day: 2025-12-26; Calendar URL: https://www.six-group.com/dam/download/the-swiss-stock-exchange/trading/trading-provisions/regulation/trading-guides/trading-calendar-2025.pdf,"{""field"":""holiday_calendar_check"",""reasoning"":""The SIX Group provides a 2025 trading calendar that lists specific market holidays and the calendar is available as a PDF, giving a complete holiday list and URL."",""citations"":[{""url"":""https://www.six-group.com/en/market-data/news-tools/trading-currency-holiday-calendar.html"",""title"":""Trading & Currency Holiday Calendar - SIX Group"",""excerpts"":[""Any weekdays not included in the Currency Holiday Calendar are considered normal trading days with settlement in the relevant currency. Trading Calendar 2025. Get more info in the trading & settlement calendar about our trading hours, the currency holiday calendar and more."","" * [Trading Calendar 2025](https://www.six-group.com/dam/download/the-swiss-stock-exchange/trading/trading-provisions/regulation/trading-guides/trading-calendar-2025.pdf)""]},{""url"":""https://www.six-group.com/dam/download/the-swiss-stock-exchange/trading/trading-provisions/regulation/trading-guides/trading-guide.pdf"",""title"":""Trading Guide"",""excerpts"":[""Trading Hours. 09:00 - 17:30 CET. 09:00 - 17:30 CET. 09:00 - 17:30 CET ... Market Holiday. Market Closed. Page 38. Trading Guide. 38 | 40. Trading Calendar ...""]},{""url"":""https://www.six-group.com/dam/download/securities-services/clearing/info-center/market-information/market-holiday/xcl-settlementkalender-2025.xlsx"",""title"":""[XLS] 2025"",""excerpts"":[""Settlement Holiday Calendar 2025. 4. 5. 6, Switzerland INSECHZZXXX, T2S (AT, ESES ... 01.01.2025, Wednesday, X, X, X, X, X, X, X, X, X, X, X, X, X, X, X, X, X, X ...""]},{""url"":""https://www.six-group.com/dam/download/the-swiss-stock-exchange/trading/trading-provisions/regulation/trading-guides/trading-calendar-2025.pdf"",""title"":""Fetched web page"",""excerpts"":[""**Trading Calendar 2025**"",""Market Holiday""]},{""url"":""https://www.six-group.com/en/products-services/the-swiss-stock-exchange/trading/trading-provisions/trading-hours.html"",""title"":""Fetched web page"",""excerpts"":[""All market holidays are listed in the trading and currency holiday calendar."",""[Find Out More](https://www.six-group.com/en/market-data/news-tools/trading-currency-holiday-calendar.html)"",""The Swiss Stock Exchange is open from Monday to Friday, except on Swiss public holidays.""]}],""confidence"":""medium""}"
Oslo Børs Derivatives,Oslo Børs Derivatives is a derivatives exchange that is part of Euronext and publishes an official holiday calendar listing all market holidays.  The calendar indicates which holidays are observed and notes that certain products may continue to trade on specific holidays.,https://www.bmemarketdata.es/ing/Calendario/Calendario.aspx,no product specific settings,"{""field"":""PRODUCT_HOLIDAY_CHECK"",""reasoning"":""The source does not mention any specific products that continue trading on holidays; the answer therefore indicates that there are no product‑specific settings."",""citations"":[],""confidence"":""low""}",,"{""field"":""derivatives_exchange_check"",""reasoning"":""The provided answer explicitly states that Oslo Børs Derivatives is a derivatives exchange, confirming the entity matches the required type. The value field is required to be empty for this boolean check."",""citations"":[{""url"":""https://live.euronext.com/en/markets/oslo/derivatives/list"",""title"":""Oslo Børs derivatives | live - Euronext Markets"",""excerpts"":[""Derivatives monthtly statistics · Trading calendar 2023-2025 · Trading calendar 2026-2028. Stock futures. Showing 1-50 of 80 Results. Help ...""]},{""url"":""https://www.nasdaq.com/docs/2024/12/11/Holiday-Calendar-Commodities-Markets.pdf"",""title"":""HOLIDAY CALENDAR – COMMODITIES MARKETS"",""excerpts"":[""**) Nasdaq Oslo ASA and Nasdaq Derivatives Markets will be available for trading all week days except Jan 1, Good Friday,. Easter Monday, Dec 24-26 and Dec 31.""]},{""url"":""https://www.euronext.com/en/markets/oslo"",""title"":""Oslo | euronext.com"",""excerpts"":[""Euronext Oslo Børs offers the only regulated markets for securities trading in Norway today and is world-leading in the energy, shipping and seafood sectors. Trading Hours & Holidays · Fees & Charges · Market Quality Open submenu; Access ... Subject to the successful migration of the Oslo Børs Derivatives Market ...""]},{""url"":""https://live.euronext.com/en/resources/trading-hours-holidays"",""title"":""Fetched web page"",""excerpts"":[""Section Title: Trading hours & Holidays > 2025 Holiday Calendar for Euronext’s Cash and Derivatives markets > Calendar of business days 2024 > Calendar of business d"",""* Contracts on the Derivatives Markets will close at various times, starting at 13:55 CET. As some other markets have not yet published their trading schedules for next year, more detailed information on the trading of relevant derivatives contracts and Euronext Block will be published in due course. [2021 - end of year - appendix to Euronext Instructions 4-01 4-03 Trading Manuals](https://www.euronext.com/media/5548/download)"",""The Euronext Cash Markets, Euronext Block, and the Euronext Derivatives Markets will be open Monday to Friday throughout 2020 except on the following days:"",""n Thursday 31 December 2020, trading will be half day trading, with the exception of **Oslo Børs which will be closed for the entire day** .""]}],""confidence"":""medium""}","2025 Holidays (Oslo Børs): January 1 (New Year's Day), April 17 (Maundy Thursday), April 18 (Good Friday), April 21 (Easter Monday), May 1 (Labour Day), May 17 (Constitution Day), May 29 (Ascension Day), June 9 (Whit Monday), December 24 (Christmas Eve - closed for the entire day), December 25 (Christmas Day), December 26 (Boxing Day), December 31 (New Year's Eve - closed for the entire day); Calendar URLs: https://live.euronext.com/en/resources/trading-hours-holidays, https://www.calendarlabs.com/ose-market-holidays-2025/","{""field"":""holiday_calendar_check"",""reasoning"":""The answer lists the 2025 holidays for Oslo Børs Derivatives and provides two calendar URLs that contain the holiday schedule, satisfying the requirement to supply specific holidays and source links."",""citations"":[{""url"":""https://www.calendarlabs.com/ose-market-holidays-2025/"",""title"":""2025 OSE Market Holidays - CalendarLabs"",""excerpts"":[""OSE market holidays in 2025 include: Jan 1, Apr 17, Apr 18, Apr 21, May 1, May 17, May 29, Jun 9, Dec 24, Dec 25, Dec 26, Dec 31.""]},{""url"":""https://www.nasdaq.com/european-market-activity/trading-hours"",""title"":""European Markets Trading Hours"",""excerpts"":[""Exchange Holiday Schedule 2025 ; Closed Jan 1, Apr 17, Apr 18, Apr 21, May 1, May 29, Jun 9, Dec 24, Dec 25, Dec 26, Dec 31. Half trading day: Apr 16 ; Closed Jan ... Equity/Equity derivatives · Half trading days: Jan 5, Apr 2, Apr 30, May 13, Oct 30 ; Equity/Equity derivatives · Half trading days: Apr 17, Apr 30, May 28, Oct 31.""]},{""url"":""https://live.euronext.com/en/resources/trading-hours-holidays"",""title"":""Trading hours & Holidays | live - Euronext Markets"",""excerpts"":[""On Thursday 24 December 2020 and on Thursday 31 December 2020, trading will be half day trading, with the exception of **Oslo Børs which will be closed for the entire day** ."",""* Wednesday 1 January 2020 (New Year’s Day)"",""* Friday 10 April 2020 (Good Friday)"",""* Monday 13 April 2020 (Easter Monday)"",""* Friday 1 May 2020 (Labour Day)"",""* Friday 25 December 2020 (Christmas Day). * Monday 28 December 2020 (Euronext Dublin Closed: substitute for St Stephen’s Day / Boxing Day)""]},{""url"":""https://www.nasdaq.com/docs/2024/12/11/Holiday-Calendar-Commodities-Markets.pdf"",""title"":""HOLIDAY CALENDAR – COMMODITIES MARKETS"",""excerpts"":[""**) Nasdaq Oslo ASA and Nasdaq Derivatives Markets will be available for trading all week days except Jan 1, Good Friday,. Easter Monday, Dec 24-26 and Dec 31.""]}],""confidence"":""medium""}"
B3 (Brasil) – Trading Calendar (Derivatives),"B3 (Brasil) is Brazil's main securities exchange that operates a derivatives market. It publishes a trading calendar that lists public holidays when the exchange is closed, and indicates which derivative products may continue to trade on those holidays.",https://www.b3.com.br/en_us/,"New Year's Day: B3 Clearinghouse (all trades except agricultural commodity derivatives), B3 Foreign Exchange Clearinghouse (no registration, clearing, collateral movement or settlement), US Dollar “Casado” Structured Transaction (CSD2) (suspended); Carnival: no product specific settings; Ash Wednesday: Listed and OTC Markets, Tesouro Direto, Financing Infrastructure (specific hours as per Circular Letter OC 149-2024 PRE); Memorial Day: US Dollar “Casado” Structured Transaction (CSD2) (suspended); Christmas Eve: no trading session (banks internal only), non‑centrally cleared OTC allocation registration at B3 Clearinghouse post‑trade, US Dollar “Casado” Structured Transaction (CSD2) (suspended); Christmas Day: no product specific settings; Thanksgiving Day: B3 Clearinghouse (all trades except agricultural derivatives), B3 Foreign Exchange Clearinghouse (only T+1 and T+2 settlement registration)","{""field"":""PRODUCT_HOLIDAY_CHECK"",""reasoning"":""The excerpts describe product‑specific trading rules for several holidays, including which clearinghouses operate, suspensions, and special handling, while other holidays have no specific product settings mentioned."",""citations"":[{""url"":""https://www.b3.com.br/en_us/solutions/platforms/puma-trading-system/for-members-and-traders/trading-calendar/holidays/"",""title"":""Trading calendar - Holidays - B3"",""excerpts"":[""B3 Clearinghouse will register, clear and settle transactions except for the settlement of obligations from transactions with agricultural derivatives, which will occur on the business day immediately after that in New York and which is simultaneously a business day in Brasília"",""- B3 Clearinghouse will proceed with the registration, clearing and settlement of all trades, except the settlement of obligations arising from trades in agricultural commodity derivatives, which will take place on the business day immediately subsequent to the date for settlement in New York City, provided this is also a business day in Brasília. - B3 FX Clearinghouse will only execute trade registration, with the clearing and settlement of all foreign exchange transactions taking place on the business day immediately subsequent to the date for settlement in New York City, provided this is also a business day in Brasília."",""B3 FX Clearinghouse will only execute trade registration, with the clearing and settlement of all foreign exchange transactions taking place on the business day immediately subsequent to the date for settlement in New York City, provided this is also a business day in Brasília."",""**Trading in US Dollar “Casado” Structured Transaction (CSD2)**\nOn December 24, 2025, trading in US Dollar “Casado” (CSD2) will be suspended, in accordance with the procedures for T+2 settlement of spot dollar transactions."",""In order not to affect settlement of T+2 spot dollar transactions, trading in US Dollar “Casado” (CSD2) will be suspended two business days before public holidays in New York. So, the suspension of trading in CSD2 for New Year's Day on Jan. 2, 2023 will be on Dec. 29, 2022.""]}],""confidence"":""low""}",,"{""field"":""derivatives_exchange_check"",""reasoning"":""The provided sources describe B3 as operating futures and other derivatives contracts, confirming it is a derivatives exchange."",""citations"":[{""url"":""https://ropensci.github.io/rb3/"",""title"":""Download and Parse Public Data Released by B3 Exchange • rb3"",""excerpts"":[""Overview. B3 is the main financial exchange in Brazil, offering access to trading systems for stocks, futures, options, and other financial instruments.""]},{""url"":""https://www.b3.com.br/en_us/solutions/platforms/puma-trading-system/for-members-and-traders/trading-calendar/holidays/"",""title"":""Fetched web page"",""excerpts"":[""B3 Clearinghouse will proceed with the registration, clearing and settlement of all trades, except the settlement of obligations arising from trades in agricultural commodity derivatives, which will take place on the business day immediately subsequent to the date for settlement in New York City, provided this is also a business day in Brasília.""]},{""url"":""https://www.b3.com.br/pt_br/solucoes/plataformas/puma-trading-system/para-participantes-e-traders/calendario-de-negociacao/feriados/"",""title"":""Calendário de negociação - B3"",""excerpts"":[""... B3. Calendário do mercado 2025. Calendário do mercado 2025. O calendário de ... Sendo assim, para o feriado de Memorial Day de 26/05/2025, a suspensão de ... Calendário do mercado 2025 · Janeiro. Dia, Evento, Descrição. 01, Confraternização Universal / New Year's Day · Fevereiro. Dia, Evento, Descrição. 17 ...""]}],""confidence"":""medium""}",New Year's Day: 2025-01-01; Carnival: 2025-02-17; Ash Wednesday: 2025-03-05; Memorial Day: 2025-05-26; Christmas Eve: 2025-12-24; Christmas Day: 2025-12-25; Thanksgiving Day: YYYY (date not specified); https://www.b3.com.br/en_us/solutions/platforms/puma-trading-system/for-members-and-traders/trading-calendar/holidays/; https://www.b3.com.br/data/files/C4/E2/A6/41/4FDF29106EEC8429AC094EA8/OC%20149-2024%20PRE%20Calendario%20de%20Feriados%20em%202025%20e%20Funcionamento%20da%20B3%20em%2005032025%20(Quarta-Feira%20de%20Cinzas)%20(EN).pdf,"{""field"":""holiday_calendar_check"",""reasoning"":""The holiday calendar pages and the 2025 circular letter list specific holidays with dates and provide URLs to the full calendar, satisfying the requirement for a detailed holiday list and calendar links."",""citations"":[{""url"":""https://www.b3.com.br/en_us/solutions/platforms/puma-trading-system/for-members-and-traders/trading-calendar/trading-calendar/"",""title"":""Trading calendar | B3"",""excerpts"":[""Trading calendar. Home · Solutions; Platforms; PUMA Trading System; For members and traders; Trading calendar; Trading calendar. Holidays · Trading calendar. Trading calendar · Equity Option & Index Option Trading Calendar · Agricultural contracts maturity calendar · Financial contracts maturity calendar.""]},{""url"":""https://www.b3.com.br/main.jsp?lumPageId=8A6882694E91F2D4014E92D6BA5C158F&lumA=1&lumII=8A80CB81633FBF0B016340EBEC880DCF&locale=en_US&doui_processActionId=setLocaleProcessAction"",""title"":""Equity and index options maturity calendar - B3"",""excerpts"":[""Trading calendar 2025 · January. Day, Detail. 17, Stock options expiration · February. Day, Detail. 3, Brazil Index-50 options expiration · March. Day, Detail. 12 ...""]},{""url"":""https://www.b3.com.br/pt_br/solucoes/plataformas/puma-trading-system/para-participantes-e-traders/calendario-de-negociacao/feriados/"",""title"":""Calendário de negociação - B3"",""excerpts"":[""... B3. Calendário do mercado 2025. Calendário do mercado 2025. O calendário de ... Sendo assim, para o feriado de Memorial Day de 26/05/2025, a suspensão de ... Calendário do mercado 2025 · Janeiro. Dia, Evento, Descrição. 01, Confraternização Universal / New Year's Day · Fevereiro. Dia, Evento, Descrição. 17 ...""]},{""url"":""https://www.b3.com.br/pt_br/noticias/calendario-de-feriados-2025.htm"",""title"":""Calendário de feriados 2025 - B3"",""excerpts"":[""Calendário de feriados 2025 · Confira o funcionamento da B3 nos feriados de 2025 · Canal exclusivo para pessoa com deficiência auditiva.""]},{""url"":""https://www.b3.com.br/en_us/solutions/platforms/puma-trading-system/for-members-and-traders/trading-calendar/holidays/"",""title"":""Fetched web page"",""excerpts"":[""In order not to affect settlement of T+2 spot dollar transactions, trading in US Dollar “Casado” (CSD2) will be suspended two business days before public holidays in New York. So, the suspension of trading in CSD2 for New Year's Day on Jan. 2, 2023 will be on Dec. 29, 2022."",""|24 |Christmas Eve (banks not open to the public but working internally with no trading session, but with non-centrally cleared OTC allocation registration at the B3 Clearinghouse post-trade | |**Listed B3**""]}],""confidence"":""medium""}"
London Metal Exchange,"London Metal Exchange (LME) is a global derivatives exchange for industrial metal contracts. It provides an annual holiday calendar detailing exchange closures and adjusted prompt dates, and notes that some products may continue trading on holidays.",https://www.lme.com,no product specific settings,"{""field"":""PRODUCT_HOLIDAY_CHECK"",""reasoning"":""The notice states that for all listed 2025 holidays the LME will be closed, meaning no products will trade on those days and no product‑specific settings are provided."",""citations"":[{""url"":""https://www.lme.com/-/media/Files/News/Notices/2024/09/CALENDAR-AND-MARKET-HOLIDAY-24-249-NONBUSINESS-DAYS-FOR-THE-REMAINDER-OF-2024-AND-FOR-2025.pdf?sc_lang=en&hash=DEE2DEB4E62769D60086E3848556651D"",""title"":""Fetched web page"",""excerpts"":[""On Tuesday 24 December 2024 and Tuesday 31 December 2024 there will be no PM auctions\nfor LBMA Platinum and LBMA Palladium, but the AM auctions will take place as usual.""]}],""confidence"":""low""}",,"{""field"":""derivatives_exchange_check"",""reasoning"":""The London Metal Exchange is identified as a derivatives exchange in the provided description and notice, confirming it matches the required entity type."",""citations"":[{""url"":""https://www.lme.com/-/media/Files/Education/Online-resources/Brochures/The-LME-from-A-to-Z.pdf"",""title"":""[PDF] The LME from"",""excerpts"":[""LME contracts may only be offered or sold to United States foreign futures and options customers by firms registered with the Commodity Futures. Trading ...""]},{""url"":""https://www.lme.com/-/media/Files/Company/Market-regulation/Rulebook/Previous-releases/Rulebook-as-of-September-2024.pdf"",""title"":""[PDF] LONDON METAL EXCHANGE RULES AND REGULATIONS"",""excerpts"":[""The LME rulebook covers definitions, general rules, membership, trading, contract, options, special contracts, listing, arbitration, default, ... Parts 1 – 13 of this book set forth the Rules and Regulations of the London Metal Exchange, and the Appendices include further information, as ...""]},{""url"":""https://www.lme.com/-/media/Files/News/Notices/2024/09/CALENDAR-AND-MARKET-HOLIDAY-24-249-NONBUSINESS-DAYS-FOR-THE-REMAINDER-OF-2024-AND-FOR-2025.pdf?sc_lang=en&hash=DEE2DEB4E62769D60086E3848556651D"",""title"":""[PDF] lme non-business days for the remainder of 2024 and for 2025"",""excerpts"":[""**THE LONDON METAL EXCHANGE AND LME CLEAR**"",""On Tuesday 24 December 2024 and Tuesday 31 December 2024, LMEselect will operate as\n\nnormal until 19:00 for trading in Base Contracts. LMEsmart hours of operation\n\n9\\. On Tuesday 24 December 2023 and Tuesday 31 December 2024, LMEsmart will be available\n\nuntil 20:00 for all Member trade input relating to Base Contracts. There will be no changes to\n\nthe clearing process on these dates. Prompt Dates\n\n10\\. The table below lists the UK banking holidays for the remainder of 2024 and for the whole of\n\n2025, during which the LME will be closed. Consequently, these days are not “Business Days”,\n\nas defined in the LME Ruleboo"",""The London Metal Exchange is registered in England (no 2128666)""]},{""url"":""https://www.cftc.gov/sites/default/files/idc/groups/public/@otherif/documents/ifdocs/lmetab14-1of2.pdf"",""title"":""[PDF] GENERAL INFORMATION AND DOCUMENTATION"",""excerpts"":[""There is no change to the proposed amendments to regulation 4.1 of part 3, trading regulations, of the LME's rules and regulations. A copy ...""]},{""url"":""https://www.lme.com/-/media/Files/Company/Market-regulation/Rulebook/Previous-releases/Rulebook-as-of-March-2025-2.pdf"",""title"":""LONDON METAL EXCHANGE RULES AND REGULATIONS"",""excerpts"":[""Parts 1 – 13 of this book set forth the Rules and Regulations of the London Metal. Exchange, and the Appendices include further information, as on brands, ...See more""]},{""url"":""https://www.lme.com/-/media/Files/Trading/Systems/LMEsmart/LMEsmart-RIB-GUI-Guide-v1-5.pdf"",""title"":""LMEsmart GUI Guide for RIBs"",""excerpts"":[""This document provides a guide for Registered Intermediating Brokers (RIBs) in how to use the GUI of the LME's matching service (LMEsmart).See more""]},{""url"":""https://www.lme.com/en/education/course-calendar"",""title"":""Course calendar | London Metal Exchange"",""excerpts"":[""Introduction to the London Metal Exchange and Hedging. 17 - 20 Nov 2025; 08:00 - 12:00; Virtual EST; $2,500. This course offers a practical introduction ...""]}],""confidence"":""medium""}","New Year's Day: 2025-01-01; Good Friday: 2025-04-18; Easter Monday: 2025-04-21; Early May Bank Holiday: 2025-05-05; Spring Bank Holiday: 2025-05-26; Summer Bank Holiday: 2025-08-25; Christmas Day: 2025-12-25; Boxing Day: 2025-12-26; Calendar URLs: https://www.lme.com/-/media/Files/News/Notices/2024/09/CALENDAR-AND-MARKET-HOLIDAY-24-249-NONBUSINESS-DAYS-FOR-THE-REMAINDER-OF-2024-AND-FOR-2025.pdf?sc_lang=en&hash=DEE2DEB4E62769D60086E3848556651D, https://www.lme.com/-/media/Files/Trading/Trading-Calendar-2025-2035-digital-version.pdf?sc_lang=en","{""field"":""holiday_calendar_check"",""reasoning"":""The LME Notice 24/249 lists the UK banking holidays for 2025 with specific dates and provides URLs to the full holiday calendar and trading calendar, allowing extraction of the required holiday list."",""citations"":[{""url"":""https://www.calendarlabs.com/lme-market-holidays-2025/"",""title"":""2025 LME Market Holidays - CalendarLabs"",""excerpts"":[""Upcoming Trading Holidays in LME Market ; Christmas Day. Thursday Dec 25, 2025. The upcoming United Kingdom holiday Christmas Day is in 39 days from today. List of Trading Holidays of LME Market in 2025 ; MondayMon, Apr 21, 2025Apr 21, Easter Monday, Full Day Off ; MondayMon, May 05, 2025May 05, Early May Bank ...""]},{""url"":""https://www.lme.com/-/media/Files/Trading/Trading-Calendar-2025-2035-digital-version.pdf?sc_lang=en"",""title"":""Trading Calendar 2025-2035 digital version"",""excerpts"":[""LME Week 2035 dates are still to be confirmed. The LME recognises 19 June 2030 as a US holiday, however as this date is the 3rd Wednesday prompt it will ..."",""These dates, including LME Weeks, may be subject to alteration. LME Week 2035 dates are still to be confirmed. The LME recognises 19 June 2030 as a US holiday, ...""]},{""url"":""https://www.scribd.com/document/370187728/2015-2025-LME-Trading-Calendar"",""title"":""2015 2025 LME Trading Calendar | PDF | Atoms | Metals - Scribd"",""excerpts"":[""Finally, it includes a multi-year trading calendar highlighting LME trading days and holidays. The document provides information on London Metal Exchange (LME) trading times, prompt dates, and key trading calendar dates. It lists the daily and weekly ...""]},{""url"":""https://www.lme.com/-/media/Files/News/Notices/2024/08/CALENDAR-AND-MARKET-HOLIDAY-24-235-BANKING-HOLIDAYS-NONVALID-PROMPT-DATES-AND-LME-BUSINESS-DAYS-2024.pdf?sc_lang=en"",""title"":""[PDF] 24/235 Classification: Calendar and Market Holiday Date: 27 August ..."",""excerpts"":[""1. This Notice sets out the LME Business Days, banking holidays and the valid and non-valid Pounds Sterling, US Dollars, Japanese Yen and the ...""]},{""url"":""https://skilling.com/eu/en/blog/trading-strategies/lme-london-metal-exchange/"",""title"":""LME(London Metal Exchange): in-depth look at metal trading - Skilling"",""excerpts"":[""The LME is open for trading from Monday to Friday, with the exception of public holidays in the UK. It also doesn't close for lunch. The official trading hours ...""]},{""url"":""https://trading-holidays.com/stock-market-holidays-lme/"",""title"":""Stock Market Holidays LME"",""excerpts"":[""Stock Market Holidays LME 2024. Stay up-to-date with the London Metal Exchange (LME) trading holidays in 2024 to plan your trading. Market Holidays on LME 2024 ; Monday, Apr. 01, 2024, Easter Monday ; Monday, May 06, 2024, Early May Bank Holiday ; Monday, May 27, 2024, Spring Bank Holiday.""]},{""url"":""https://www.tradinghours.com/markets/lme"",""title"":""LME Market Hours & Holidays 2025 - TradingHours.com"",""excerpts"":[""London Metal Exchange countdown, 2025 market calendar, trading hours, settlement details, and contact information. LME is open Mon-Fri, 1:00am - 7:00pm.""]},{""url"":""https://www.lme.com/-/media/Files/News/Notices/2024/09/CALENDAR-AND-MARKET-HOLIDAY-24-249-NONBUSINESS-DAYS-FOR-THE-REMAINDER-OF-2024-AND-FOR-2025.pdf?sc_lang=en&hash=DEE2DEB4E62769D60086E3848556651D"",""title"":""Fetched web page"",""excerpts"":[""New Year’s Day\nWed\n1 Jan 25\nThur\n2 Jan 25\nGood Friday\nFri\n18 Apr 25\nN/A\nN/A\nEaster Monday\nMon\n21 Apr 25\nTues\n22 Apr 25\nEarly May Bank\nHoliday\nMon\n5 May 25\nTue\n6 May 25\nSpring Bank Holiday\nMon\n26 May 25\nTue\n27 May 25\nSummer Bank Holiday\nMon\n25 Aug 25\nN/A\nN/A\nChristmas Day\nThur\n25 Dec 25\nWed\n24 Dec 25\nBoxing Day\nFri\n26 Dec 25\nMon\n29 Dec 25\n"",""pt Dates\n\n10\\. The table below lists the UK banking holidays for the remainder of 2024 and for the whole of\n\n2025, during which the LME will be closed. Consequently, these days are not “Business Days”,\n\nas defined in the LME Rulebook, nor are they valid Prompt Dates. This table therefore also\n\nconfirms the substitute 3-month Prompt Dates which replace those falling on non-Prompt Days."",""This Notice reminds Members of the non-Business Days of The London Metal Exchange (the\n“LME”) for the remainder of 202 4 and advises Members of the non-Business Days for 2025,\nwhen the LME will be closed""]}],""confidence"":""medium""}"
Osaka Exchange (OSE),"The Osaka Exchange (OSE) is Japan's primary derivatives exchange. Its trading calendar is generally closed on the same holidays as the underlying cash market, though certain products may continue trading on specific holidays.",https://www.interactivebrokers.com/en/general/calendar/calendar.php,"January 3 (2025): Index Futures, Index Options, Commodity Futures, Options on Commodity Futures; February 11 (2025): Index Futures, Index Options, Commodity Futures, Options on Commodity Futures; February 24 (2025): Index Futures, Index Options, Commodity Futures, Options on Commodity Futures; March 20 (2025): Index Futures, Index Options, Commodity Futures, Options on Commodity Futures; April 29 (2025): Index Futures, Index Options, Commodity Futures, Options on Commodity Futures; May 5 (2025): Index Futures, Index Options, Commodity Futures, Options on Commodity Futures; May 6 (2025): Index Futures, Index Options, Commodity Futures, Options on Commodity Futures; July 21 (2025): Index Futures, Index Options, Commodity Futures, Options on Commodity Futures; August 11 (2025): Index Futures, Index Options, Commodity Futures, Options on Commodity Futures; September 23 (2025): Index Futures, Index Options, Commodity Futures, Options on Commodity Futures; October 13 (2025): Index Futures, Index Options, Commodity Futures, Options on Commodity Futures; November 3 (2025): Index Futures, Index Options, Commodity Futures, Options on Commodity Futures; November 24 (2025): Index Futures, Index Options, Commodity Futures, Options on Commodity Futures; January 12 (2026): Index Futures, Index Options, Commodity Futures, Options on Commodity Futures; February 11 (2026): Index Futures, Index Options, Commodity Futures, Options on Commodity Futures; February 23 (2026): Index Futures, Index Options, Commodity Futures, Options on Commodity Futures; March 20 (2026): Index Futures, Index Options, Commodity Futures, Options on Commodity Futures; April 29 (2026): Index Futures, Index Options, Commodity Futures, Options on Commodity Futures; May 4 (2026): Index Futures, Index Options, Commodity Futures, Options on Commodity Futures; May 5 (2026): Index Futures, Index Options, Commodity Futures, Options on Commodity Futures; May 6 (2026): Index Futures, Index Options, Commodity Futures, Options on Commodity Futures; July 20 (2026): Index Futures, Index Options, Commodity Futures, Options on Commodity Futures; August 11 (2026): Index Futures, Index Options, Commodity Futures, Options on Commodity Futures; September 21 (2026): Index Futures, Index Options, Commodity Futures, Options on Commodity Futures; September 22 (2026): Index Futures, Index Options, Commodity Futures, Options on Commodity Futures; September 23 (2026): Index Futures, Index Options, Commodity Futures, Options on Commodity Futures; October 12 (2026): Index Futures, Index Options, Commodity Futures, Options on Commodity Futures; November 3 (2026): Index Futures, Index Options, Commodity Futures, Options on Commodity Futures","{""field"":""PRODUCT_HOLIDAY_CHECK"",""reasoning"":""The holiday trading page states that eligible products for holiday trading are Index Futures, Index Options, Commodity Futures and Options on Commodity Futures. These apply to each holiday marked as Open."",""citations"":[{""url"":""https://www.jpx.co.jp/english/news/2040/20250502-01.html"",""title"":""Derivatives Holiday Trading (May 5 and 6, 2025)"",""excerpts"":[""The derivatives market will be open for holiday trading on Monday, May 5 and Tuesday, May 6, 2025 (Children's Day and Substitute Holiday of Greenery Day).""]},{""url"":""https://www.jpx.co.jp/english/rules-participants/rules/regulations/01.html"",""title"":""Rules (OSE) | Japan Exchange Group"",""excerpts"":[""Flexible Trading · Holiday Trading · Compression Trade · Market Maker Program · Other Trading Rules · Specifications and Operational Procedures · Delivery. Flexible Trading · Holiday Trading · Compression Trade · Market Maker Program · Other Trading Rules · Specifications and Operational Procedures.""]},{""url"":""https://www.jpx.co.jp/english/news/2040/20251010-01.html"",""title"":""Derivatives Holiday Trading (October 13, 2025)"",""excerpts"":[""The derivatives market will be open for holiday trading on Monday, October 13, 2025 (Health and Sports Day). Related Page. Holiday Trading. Contact. Osaka ...""]},{""url"":""https://www.jpx.co.jp/english/derivatives/rules/holidaytrading/index.html"",""title"":""Holiday Trading | Derivatives | Japan Exchange Group - JPX"",""excerpts"":[""The eligible products for holiday trading are Index Futures, Index Options, Commodity Futures and Options on Commodity Futures.""]},{""url"":""https://www.jpx.co.jp/english/derivatives/rules/last-trading-day/index.html"",""title"":""Last Trading Day/Delivery Day | Japan Exchange Group"",""excerpts"":[""* Holiday trading date will not be the Last Trading Day for any product. It shall be handled as a non-business date as described [here](/english/derivatives/rules/holidaytrading/index.html ) .""]},{""url"":""https://www.jpx.co.jp/english/derivatives/rules/outline/dreu250000001ove-att/dreu250000001oyo.pdf"",""title"":""[PDF] Outline of Holiday Trading Rules - JPX"",""excerpts"":[""Availability of holiday trading shall be as specified for each\n\nof the following categories. a. JGB futures and options on JGB futures:\n\nNot available\n\nb. Interest rate futures:\n\nNot available\n\nc. Index futures and index options:\n\nAvailable\n\nd. Commodity futures and options on commodity futures:\n\nAvailable\n\ne. Securities options:\n\nNot available""]}],""confidence"":""low""}",,"{""field"":""derivatives_exchange_check"",""reasoning"":""The Osaka Exchange (OSE) is explicitly described as a derivatives exchange on the JPX holiday trading page."",""citations"":[{""url"":""https://www.jpx.co.jp/english/news/2040/20251010-01.html"",""title"":""Derivatives Holiday Trading (October 13, 2025)"",""excerpts"":[""The derivatives market will be open for holiday trading on Monday, October 13, 2025 (Health and Sports Day). Related Page. Holiday Trading. Contact. Osaka ...""]},{""url"":""https://www.jpx.co.jp/english/corporate/about-jpx/calendar/index.html"",""title"":""Market Holidays | Japan Exchange Group"",""excerpts"":[""* The Night Session at OSE and TOCOM is conducted after business hours on all business days until 5:30 a.m. the next day, including cases where the next day is a Saturday or a day on which the market is closed.""]},{""url"":""https://www.jpx.co.jp/english/derivatives/rules/holidaytrading/index.html"",""title"":""Holiday Trading | Derivatives | Japan Exchange Group - JPX"",""excerpts"":[""Osaka Exchange, Inc. (OSE) and Tokyo Commodity Exchange, Inc. (TOCOM) launched holiday trading in our derivatives market on September 23, 2022 (Autumnal Equinox Day), from the perspective of further convenience for investors through provision of hedging opportunities during national holidays.""]},{""url"":""https://www.jpx.co.jp/english/derivatives/rules/outline/dreu250000001ove-att/dreu250000001oyo.pdf"",""title"":""[PDF] Outline of Holiday Trading Rules - JPX"",""excerpts"":[""**Outline of Holiday Trading Rules**\n\nAs of May 29, 2023\n\nOsaka Exchange, Inc.""]}],""confidence"":""medium""}",2025-01-02: New Year Holidays (Not Open); 2025-01-03: New Year Holidays (Open); 2025-01-13: Coming of Age Day (Not Open); 2025-02-11: National Foundation Day (Open); 2025-02-24: Substitute Holiday of Emperor's Birthday (Open); 2025-03-20: Vernal Equinox Day (Open); 2025-04-29: Showa Day (Open); 2025-05-05: Children's Day (Open); 2025-05-06: Substitute Holiday of Greenery Day (Open); 2025-07-21: Marine Day (Open); 2025-08-11: Mountain Day (Open); 2025-09-15: Respect for the Aged Day (Not Open); 2025-09-23: Autumnal Equinox Day (Open); 2025-10-13: Health and Sports Day (Open); 2025-11-03: Culture Day (Open); 2025-11-24: Substitute Holiday of Labor Thanksgiving Day (Open); 2025-12-31: New Year's Eve (Not Open); 2026-01-02: New Year Holidays (Not Open); 2026-01-12: Coming of Age Day (Open); 2026-02-11: National Foundation Day (Open); 2026-02-23: Emperor's Birthday (Open); 2026-03-20: Vernal Equinox Day (Open); 2026-04-29: Showa Day (Open); 2026-05-04: Greenery Day (Open); 2026-05-05: Children's Day (Open); 2026-05-06: Substitute Holiday of Constitution Memorial Day (Open); 2026-07-20: Marine Day (Open); 2026-08-11: Mountain Day (Open); 2026-09-21: Respect for the Aged Day (Open); 2026-09-22: Holiday (Open); 2026-09-23: Autumnal Equinox Day (Open); 2026-10-12: Health and Sports Day (Open); 2026-11-03: Culture Day (Open); 2026-11-23: Labor Thanksgiving Day (Not Open); 2026-12-31: New Year's Eve (Not Open); Calendar URLs: https://www.jpx.co.jp/english/derivatives/rules/holidaytrading/index.html; https://www.jpx.co.jp/english/corporate/about-jpx/calendar/index.html,"{""field"":""holiday_calendar_check"",""reasoning"":""The JPX holiday trading page lists specific holidays for 2025 and 2026 with dates and whether derivatives trading is open, and the JPX calendar page provides the official market holiday dates, giving a complete calendar for the Osaka Exchange."",""citations"":[{""url"":""https://www.jpx.co.jp/english/rules-participants/rules/regulations/01.html"",""title"":""Rules (OSE) | Japan Exchange Group"",""excerpts"":[""Flexible Trading · Holiday Trading · Compression Trade · Market Maker Program · Other Trading Rules · Specifications and Operational Procedures · Delivery. Flexible Trading · Holiday Trading · Compression Trade · Market Maker Program · Other Trading Rules · Specifications and Operational Procedures.""]},{""url"":""https://www.jpx.co.jp/english/news/2040/20250502-01.html"",""title"":""Derivatives Holiday Trading (May 5 and 6, 2025)"",""excerpts"":[""The derivatives market will be open for holiday trading on Monday, May 5 and Tuesday, May 6, 2025 (Children's Day and Substitute Holiday of Greenery Day).""]},{""url"":""https://www.jpx.co.jp/english/news/2040/20251010-01.html"",""title"":""Derivatives Holiday Trading (October 13, 2025)"",""excerpts"":[""The derivatives market will be open for holiday trading on Monday, October 13, 2025 (Health and Sports Day). Related Page. Holiday Trading. Contact. Osaka ...""]},{""url"":""https://www.interactivebrokers.com/en/general/calendar/calendar.php"",""title"":""International Trading Calendar | Interactive Brokers LLC"",""excerpts"":[""View IBKR's International Trading Calendar to stay informed about global market holidays, economic events, expirations, and more!""]},{""url"":""https://www.jpx.co.jp/english/corporate/about-jpx/calendar/index.html"",""title"":""Market Holidays | Japan Exchange Group"",""excerpts"":[""## 2025\n\n|Jan. 1 (Wed.) |New Year's Day |\n| --- | --- |\n|Jan. 2 (Thu.) |Market Holiday |\n|Jan. 3 (Fri.) |Market Holiday |\n|Jan. 13 (Mon.) |Coming of Age Day |\n|Feb. 11 (Tue.) |National Foundation Day |\n|Feb. 24 (Mon.) |Emperor's Birthday (Feb. 23) observed <sup>1</sup> |\n|Mar. 20 (Thu.) |Vernal Equinox |\n|Apr. 29 (Tue.) |Showa Day |\n|May 3 (Sat.) |Constitution Memorial Day |\n|May 4 (Sun.) |Greenery Day |\n|May 5 (Mon.) |Children's Day |\n|May 6 (Tue.) |Greenery Day (May 4) observed <sup>1</sup> |\n|Jul. 21 (Mon.) |Marine Day |\n|Aug. 11 (Mon.) |Mountain Day |\n|Sep. 15 (Mon.) |Respect for the Aged Day |\n|Sep. 23 (Tue.) |Autumnal Equinox |\n|Oct. 13 (Mon.) |Sports Day |\n|Nov. 3 (Mon.) |Culture Day |\n|Nov. 23 (Sun.) |Labor Thanksgiving Day |\n|Nov. 24 (Mon.) |Labor Thanksgiving Day (Nov. 23) observed <sup>1</sup> |\n|Dec. 31 (Wed.) |Market Holiday |"",""## 2026\n\n|Jan. 1 (Thu.) |New Year's Day |\n| --- | --- |\n|Jan. 2 (Fri.) |Market Holiday |\n|Jan. 12 (Mon.) |Coming of Age Day |\n|Feb. 11 (Wed.) |National Foundation Day |\n|Feb. 23 (Mon.) |Emperor's Birthday |\n|Mar. 20 (Fri.) |Vernal Equinox |\n|Apr. 29 (Wed.) |Showa Day |\n|May 3 (Sun.) |Constitution Memorial Day |\n|May 4 (Mon.)\n|Greenery Day |\n|May 5 (Tue.) |Children's Day |\n|May 6 (Wed.) |Constitution Memorial Day (May 3) observed <sup>1</sup> |\n|Jul. 20 (Mon.) |Marine Day |\n|Aug. 11 (Tue.) |Mountain Day |\n|Sep. 21 (Mon.) |Respect for the Aged Day |\n|Sep. 22 (Tue.) |Holiday <sup>2</sup> |\n|Sep. 23 (Wed.) |Autumnal Equinox |\n|Oct. 12 (Mon.) |Sports Day |\n|Nov. 3 (Tue.) |Culture Day |\n|Nov. 23 (Mon.) |Labor Thanksgiving Day |\n|Dec. 31 (Thu.) |Market Holiday |""]},{""url"":""https://www.jpx.co.jp/english/derivatives/rules/holidaytrading/index.html"",""title"":""Holiday Trading | Derivatives | Japan Exchange Group - JPX"",""excerpts"":[""|Eligible Holidays <sup>1,2</sup> |Markets |Finalized or Scheduled |"",""|2025 |January 2 |Thu. |New Year Holidays |Not Open <sup>3</sup> |Finalized |"",""|January 3 |Fri. |New Year Holidays |Open |Finalized |"",""|January 13 |Mon. |Coming of Age Day |Not Open <sup>4</sup> |Finalized |"",""|February 11 |Tue. |National Foundation Day |Open |Finalized |"",""|February 24 |Mon. |Substitute Holiday of Emperor's Birthday |Open |Finalized |"",""|March 20 |Thu. |Vernal Equinox Day |Open |Finalized |"",""|April 29 |Tue. |Showa Day |Open |Finalized |"",""|May 5 |Mon. |Children's Day |Open |Finalized |"",""|May 6 |Tue. |Substitute Holiday of Greenery Day |Open |Finalized |"",""|July 21 |Mon. |Marine Day |Open |Finalized |"",""|August 11 |Mon. |Mountain Day |Open |Finalized |"",""|September 15 |Mon. |Respect for the Aged Day |Not Open <sup>5</sup> |Finalized |"",""|September 23 |Tue."",""|Autumnal Equinox Day |Open |Finalized |"",""|October 13 |Mon. |Health and Sports Day |Open |Finalized |"",""|November 3 |Mon. |Culture Day |Open |Finalized |"",""|November 24 |Mon. |Substitute Holiday of Labor Thanksgiving Day |Open |Finalized |"",""|December 31 |Wed. |New Year's Eve |Not Open <sup>3</sup> |Finalized |"",""|2026 |January 2 |Fri. |New Year Holidays |Not Open <sup>3</sup> |Finalized |"",""|January 12 |Mon. |Coming of Age Day |Open |Finalized |"",""|February 11 |Wed. |National Foundation Day |Open |Finalized |"",""|February 23 |Mon. |Emperor's Birthday |Open |Finalized |"",""|March 20 |Fri. |Vernal Equinox Day |Open |Finalized |"",""|April 29 |Wed. |Showa Day |Open |Finalized |"",""|May 4 |Mon. |Greenery Day |Open |Finalized |"",""|May 5 |Tue. |Children's Day |Open |Finalized |"",""|May 6 |Wed. |Substitute Holiday of Constitution Memorial Day |Open |Finalized |"",""|July 20 |Mon. |Marine Day |Open |Scheduled |"",""|August 11 |Tue. |Mountain Day |Open |Scheduled |"",""|September 21 |Mon. |Respect for the Aged Day |Open |Scheduled |"",""|September 22 |Tue. |Holiday <sup>6</sup> |Open |Scheduled |"",""|September 23 |Wed. |Autumnal Equinox Day |Open |Scheduled |"",""|October 12 |Mon. |Health and Sports Day |Open |Scheduled |"",""|November 3 |Tue. |Culture Day |Open |Scheduled |"",""|November 23 |Mon. |Labor Thanksgiving Day |Not Open <sup>7</sup> |Scheduled |"",""|December 31 |Thu."",""|New Year's Eve |Not Open <sup>3</sup> |Scheduled |""]},{""url"":""https://www.jpx.co.jp/english/derivatives/rules/last-trading-day/index.html"",""title"":""Last Trading Day/Delivery Day | Japan Exchange Group"",""excerpts"":[""JPX markets holidays are as follows.\n[Market Holidays](https://www.jpx.co.jp/english/corporate/about-jpx/calendar/index.html)"",""* Holiday trading date will not be the Last Trading Day for any product. It shall be handled as a non-business date as described [here](/english/derivatives/rules/holidaytrading/index.html ) .""]}],""confidence"":""medium""}"
Singapore Exchange (SGX),"Singapore Exchange (SGX) is a leading derivatives exchange offering futures, options and commodity contracts. It publishes an official holiday calendar that details exchange holidays and notes any product classes that remain open for trading on those days.",https://www.sgx.com,"New Year's Day: no product specific settings; Chinese New Year: Equity Derivatives, FX & Interest Rate Derivatives, FTSE Taiwan Index Futures, Options; Good Friday: Equity Derivatives, FX & Interest Rate Derivatives, FTSE Taiwan Index Futures, Options; Labour Day: Equity Derivatives, FX & Interest Rate Derivatives, FTSE Taiwan Index Futures, Options; Vesak Day: Equity Derivatives, FX & Interest Rate Derivatives, FTSE Taiwan Index Futures, Options; Deepavali / Diwali: Equity Derivatives, FX & Interest Rate Derivatives, FTSE Taiwan Index Futures, Options; Christmas Day: Equity Derivatives, FX & Interest Rate Derivatives, FTSE Taiwan Index Futures, Options","{""field"":""PRODUCT_HOLIDAY_CHECK"",""reasoning"":""The circular indicates that on New Year's Day all SGX-DT Equity, FX & Interest Rate, and Commodity Derivatives are closed. For other holidays it states that SGX-DT Equity Derivatives and FX & Interest Rate Derivatives remain open on weekdays, and a specific product (FTSE Taiwan Index Futures and Options) trades during onshore and Singapore holidays. Commodity product details are unavailable, so they are omitted."",""citations"":[{""url"":""https://www.sgx.com/derivatives/products/twnfc"",""title"":""FTSE Taiwan Index Futures and Options Suite - Singapore ..."",""excerpts"":[""This is a quanto USD-denominated futures available for trading during onshore and Singapore holidays. The SGX Micro FTSE Taiwan Index Futures, the first micro ... This is a quanto USD-denominated futures available for trading during onshore and Singapore holidays. ... Trading calendar & schedule · Clearing fee · Products ...""]},{""url"":""https://www.phillipnova.com.sg/wp-content/uploads/2024/12/Jan-2025-Holiday-Schedule.pdf"",""title"":""January 2025 Futures, Options and Forex Market Holiday ..."",""excerpts"":[""All Exchanges**\n\nAll Contracts\n\nFull Day Closu"",""Forex**\n\nSpot Bullion (Regular & Min"",""Asia Pacific Exchange**\n\nBitcoin Monthly,\n\nBitcoin Perpetual\n\nTrading As Norm""]},{""url"":""https://api2.sgx.com/sites/default/files/2024-12/DTAM%2087%20of%202024%20-%20SGX%20Derivatives%20Trading%20Holiday%20Schedule%20for%20Year%202025.pdf"",""title"":""Fetched web page"",""excerpts"":[""All SGX-DT Equity Derivatives and FX & Interest Rate Derivatives will be closed on 1 January 2025""]}],""confidence"":""low""}",,"{""field"":""derivatives_exchange_check"",""reasoning"":""The provided answer explicitly states that Singapore Exchange (SGX) is a derivatives exchange, referencing the SGX Derivatives Trading Holiday Schedule and the SGX website."",""citations"":[{""url"":""https://www.sgx.com/derivatives/products/twnfc"",""title"":""FTSE Taiwan Index Futures and Options Suite - Singapore ..."",""excerpts"":[""This is a quanto USD-denominated futures available for trading during onshore and Singapore holidays. The SGX Micro FTSE Taiwan Index Futures, the first micro ... This is a quanto USD-denominated futures available for trading during onshore and Singapore holidays. ... Trading calendar & schedule · Clearing fee · Products ...""]},{""url"":""https://www.sgx.com/derivatives/products/fx?cc=CUC"",""title"":""FX Futures and Options - Singapore Exchange (SGX ..."",""excerpts"":[""Margin schedule · Trading calendar & schedule · Clearing fee · Products available to US customers · Key Information Documents for Applicable Products · Research.""]},{""url"":""https://www.sgx.com/derivatives/products/ffa-futures?cc=PV"",""title"":""Dry Bulk Time Charter Basket FFA/Futures - Singapore Exchange"",""excerpts"":[""For more information, please contact SGXCommodities@sgx.com. Factsheets ... Trading calendar & schedule · Clearing fee · Products available to US customers.""]},{""url"":""https://www.sgx.com/derivatives/clearing-information"",""title"":""Clearing information - Singapore Exchange (SGX ..."",""excerpts"":[""... holiday calendars. * Value Date refers to the day SGX debits or credits ... 2025 Yearly Clearing Schedule (updated on 5 Nov 2025) · 2025 Yearly Clearing ...""]},{""url"":""https://www.phillipnova.com.sg/wp-content/uploads/2024/12/Jan-2025-Holiday-Schedule.pdf"",""title"":""January 2025 Futures, Options and Forex Market Holiday ..."",""excerpts"":[""January 2025 Futures, Options and Forex Market Holiday Schedule"",""Singapore Exchange""]},{""url"":""https://www.cmegroup.com/international/partnership-resources/sgx-resources.html"",""title"":""Singapore Exchange - CME Group"",""excerpts"":[""Singapore Exchange (SGX) is among the world’s largest exchanges and Asia’s second largest listed exchange. As the Asian Gateway, SGX is the market of choice for investors wanting to participate in Asia’s vibrant and rapidly-growing economies, and for Asian issuers seeking international capital. SGX's extensive suite of securities, derivatives and commodities products makes it Asia’s most international exchange.""]},{""url"":""https://www.sgx.com"",""title"":""Fetched web page"",""excerpts"":[""Section Title: Celebrating 25 Years of Excellence > Derivatives Today's Volume: 305\\.20"",""Content:\nEquity Index FX & Rates Commodities Expand All\nFTSE China A50 Index Futures Nov 25 15,196.00\nVolume: 111,790\nChart reflects daily settlement price and volume of the specified contract month.\n[View Details](https://www.sgx.com/derivatives/products/chinaa50?cc=CN)""]},{""url"":""https://www.tradinghours.com/markets/sgx"",""title"":""SGX Market Hours & Holidays 2025 - 2026 - TradingHours.com"",""excerpts"":[""The [Operating MIC](/mic) for Singapore Exchange is [XSES (Singapore Exchange)](/mic/s/xses) . There\nare\n5 Segment\nMICs\nunder XSES:\n\n* [**XSCA** ( _SGX CATALIST_ )](/mic/s/xsca)\n* [**XSBT** ( _SGX BOND PRO_ )](/mic/s/xsbt)\n* [**XSCL** ( _SINGAPORE CENTRAL LIMIT ORDER BOOK INTERNATIONAL_ )](/mic/s/xscl)\n* [**XSIM** ( _SGX DERIVATIVES MARKET_ )](/mic/s/xsim)\n* [**XSCE** ( _SGX COMMODITIES_ )](/mic/s""]},{""url"":""https://api2.sgx.com/sites/default/files/2024-12/DTAM%2087%20of%202024%20-%20SGX%20Derivatives%20Trading%20Holiday%20Schedule%20for%20Year%202025.pdf"",""title"":""SGX Derivatives Trading Holiday Schedule for Year 2025"",""excerpts"":["" **Singapore Exchange Derivatives Trading Limited**"",""(A wholly-owned subsidiary of Singapore Exchange Limited)"",""**SGX-DT Derivatives Trading Holiday Schedule for Year 2025**""]}],""confidence"":""medium""}","New Year's Day: 2025-01-01; Chinese New Year: 2025-01-28, 2025-01-29, 2025-01-30; Hari Raya Puasa: 2025-03-31; Good Friday: 2025-04-18; Labour Day: 2025-05-01; Vesak Day: 2025-05-12; Hari Raya Haji: 2025-06-06; Deepavali / Diwali: 2025-10-20; Christmas Eve: 2025-12-24; Christmas Day: 2025-12-25; New Year's Eve: 2025-12-31; Calendar URLs: https://www.calendarlabs.com/sgx-market-holidays-2025/, https://www.sgx.com","{""field"":""holiday_calendar_check"",""reasoning"":""The answer lists the SGX 2025 market holidays with exact dates and cites CalendarLabs as the source, providing a URL to the holiday calendar. The SGX website is also mentioned as a source for calendar information."",""citations"":[{""url"":""https://www.calendarlabs.com/sgx-market-holidays-2025/"",""title"":""List of Trading Holidays of SGX Market in 2025"",""excerpts"":[""List of Trading Holidays of SGX Market in 2025 ; ThursdayThu, May 01, 2025May 01, Labour Day ; MondayMon, May 12, 2025May 12, Vesak Day ; FridayFri, Jun 06, 2025 ..."",""[Add To Calendar](https://www.calendarlabs.com/ical-calendar/ics/subscribe/1298/Sgx_Market_Holidays)"",""|Wednesday Wed |Jan 01, 2025 Jan 01 |[New Year's Day Holiday](/holidays/us/new-years-day.php) |Full Day Off |"",""|Tuesday Tue |Jan 28, 2025 Jan 28 |[Chinese New Year](/holidays/china/chinese-new-year.php) |Evening Off |"",""|Wednesday Wed |Jan 29, 2025 Jan 29 |[Chinese New Year](/holidays/china/chinese-new-year.php) |Full Day Off |"",""|Thursday Thu |Jan 30, 2025 Jan 30 |[2nd day of Chinese New Year](/holidays/china/chinese-new-year.php) |Full Day Off |"",""|Monday Mon |Mar 31, 2025 Mar 31 |[Hari Raya Puasa](/holidays/singapore/hari-raya-puasa.php) |Full Day Off |"",""|Friday Fri |Apr 18, 2025 Apr 18 |[Good Friday](/holidays/us/good-friday.php) |Full Day Off |"",""|Thursday Thu |May 01, 2025 May 01 |[Labour Day](/holidays/uk/may-day.php) |Full Day Off |"",""|Monday Mon |May 12, 2025 May 12 |[Vesak Day](/holidays/singapore/vesak-day.php) |Full\nDay Off |"",""|Friday Fri |Jun 06, 2025 Jun 06 |[Hari Raya Haji](/holidays/singapore/hari-raya-haji.php) |Full Day Off |"",""|Monday Mon |Oct 20, 2025 Oct 20 |[Deepavali / Diwali](/holidays/india/diwali.php) |Full Day Off |"",""|Wednesday Wed |Dec 24, 2025 Dec 24 |[Christmas Eve](/holidays/us/christmas.php) |Evening Off |"",""|Thursday Thu |Dec 25, 2025 Dec 25 |[Christmas Day](/holidays/us/christmas.php) |Full Day Off |"",""|Wednesday Wed |Dec 31, 2025 Dec 31 |[New Year's Eve](/holidays/us/new-years-day.php) |Evening Off |""]},{""url"":""https://meyka.com/market/SG/holidays/"",""title"":""Singapore Market Holidays & Trading Hours 2025–2027"",""excerpts"":[""Singapore Exchange (SGX) has 9 official holidays in 2025. These include New Year's Day, Chinese New Year, Chinese New Year, Hari Raya Puasa, Good Friday, Labour ...""]},{""url"":""https://www.phillipnova.com.sg/wp-content/uploads/2024/12/Jan-2025-Holiday-Schedule.pdf"",""title"":""[PDF] January 2025 Futures, Options and Forex Market Holiday Schedule"",""excerpts"":[""*1 On 1st Jan 2025, All exchanges will be closed for trading except for Asia Pacific Exchange and Singapore Exchange selected contracts."",""**1** <sup>**st**</sup> **Jan (Wed)**\n\n\\*1 **New Year’s Day**"",""**23** <sup>**rd**</sup> **Jan (Thu)**\n\n**Lunar New Year Eve**"",""**29** <sup>**th**</sup> **Jan (Wed)**\n\n**\\- 30** <sup>**th**</sup> **Jan (Thu)**\n\n**The First and Second Day of**\n\n**Lunar New Year**""]},{""url"":""https://www.directaccess.com.sg/trading-holidays?lang=EN"",""title"":""2025 Exchange Trading Holidays | SGX, CME, HKEX | DA Financial"",""excerpts"":[""View official trading holiday schedules for SGX, CME, HKEX and more. Download monthly PDFs or check full calendar via DAFS Trader app.""]},{""url"":""https://www.sgx.com/derivatives/clearing-information"",""title"":""Clearing information - Singapore Exchange (SGX ..."",""excerpts"":[""... holiday calendars. * Value Date refers to the day SGX debits or credits ... 2025 Yearly Clearing Schedule (updated on 5 Nov 2025) · 2025 Yearly Clearing ...""]},{""url"":""https://www.cmegroup.com/international/partnership-resources/sgx-resources.html"",""title"":""Singapore Exchange - CME Group"",""excerpts"":[""* [Trading Hours](http://www.sgx.com/wps/wcm/connect/mp_en/site/trading_on_sgx/derivatives_market/derivatives_trading_hours_and_calendar/Trading+Hours?presentationtemplate=design_lib/PT_Printer_Friendly)"",""* [Trading Calendar](http://www.sgx.com/wps/wcm/connect/mp_en/site/trading_on_sgx/derivatives_market/derivatives_trading_hours_and_calendar/Trading+and+Clearing+Calendar?presentationtemplate=design_lib/PT_Printer_Friendly)"",""* [Holiday Calendar](http://www.sgx.com/wps/wcm/connect/mp_en/site/trading_on_sgx/derivatives_market/derivatives_trading_hours_and_calendar/2008+Trading+Schedule?presentationtemplate=design_lib/PT_Printer_Friendly)""]},{""url"":""https://api2.sgx.com/sites/default/files/2024-12/DTAM%2087%20of%202024%20-%20SGX%20Derivatives%20Trading%20Holiday%20Schedule%20for%20Year%202025.pdf"",""title"":""SGX Derivatives Trading Holiday Schedule for Year 2025"",""excerpts"":[""All SGX-DT Equity Derivatives and FX & Interest Rate Derivatives will be closed on 1 January 2025"",""https://www.sgx.com/derivatives/trading ."",""All SGX-DT Commodity Derivatives will be closed on 1 January 2025""]}],""confidence"":""medium""}"
ICE Futures Europe,"ICE Futures Europe is a derivatives exchange that publishes a holiday trading calendar for all its product groups (energy, agriculture, equity index, etc.). The calendar lists specific holidays when trading is closed or has reduced hours, and notes that certain contracts may remain tradable on those days.",https://www.ice.com/futures-europe,"Friday 26 December 2025: Brent Futures, Brent Options, WTI Futures, WTI Options, Low Sulphur Gasoil Futures, Low Sulphur Gasoil Options, Dubai Crude Futures, Dubai Crude Options, Heating Oil Futures, Heating Oil Options, RBOB Gasoline Futures, RBOB Gasoline Options, Midland WTI AGC Futures, Midland WTI AGC Options, Permian WTI Storage Futures, ULS Heating Oil Futures, ULS Diesel Futures, International Coal Futures, International Coal Options, WIM Futures, JKM (Platts) Futures, JKM (Platts) Options, Transitioned Futures, Transitioned Options, Japanese Power Financial Futures, SOFR Swapnote® Futures, One Month SOFR Index Futures, Three Month SOFR Index Futures","{""field"":""PRODUCT_HOLIDAY_CHECK"",""reasoning"":""The 26 December 2025 schedule indicates the exchange remains open and lists many contracts that continue trading on that holiday, while other listed holidays are closed with no products trading."",""citations"":[{""url"":""https://www.ice.com/publicdocs/Trading_Schedule.pdf"",""title"":""IFEU Trading Schedule: Oil, Utilities and Agricultural"",""excerpts"":[""The Exchange will be closed. Friday 26 December 2025. The Exchange will be OPEN for trading (Regular hours and Settlement periods) except for the following ...""]},{""url"":""https://www.ice.com/publicdocs/futures/Trading_Schedule_Migrated_Liffe_Contracts.pdf"",""title"":""IFEU Trading Schedule: Fixed Income, Equity and Indices"",""excerpts"":[""Aug**\n\n**26 Dec**\n\nThree Month Euro (EURIBOR) Futures\n\nClosed\n\nClosed\n\nOpen""]},{""url"":""https://www.ice.com/holiday-hours"",""title"":""Fetched web page"",""excerpts"":[""Energy, agriculture, equity index, FX, metals and credit products""]},{""url"":""https://www.ice.com/publicdocs/futures/IFEu_Christmas_New_Year_Trading_Hours_2025.pdf"",""title"":""Fetched web page"",""excerpts"":[""Brent Futures and Options\nWTI Futures and Options\nLow Sulphur Gasoil Futures and Options\nDubai Crude Futures and Options\nHeating Oil Futures and Options\nRBOB Gasoline Futures and Options\nMidland WTI AGC Futures and Options\nPermian WTI Storage Futures\n\nULS Heating Oil Futures\nULS Diesel Futures\nInternational Coal Futures and Options\nWIM and JKM (Platts) Futures and JKM (Platts) Options\nTransitioned Futures & Options\nJapanese Power Financial Futures\nSOFR Swapnote® Futures\nOne Month and Three Month SOFR Index Futures""]}],""confidence"":""low""}",,"{""field"":""derivatives_exchange_check"",""reasoning"":""The entity ICE Futures Europe is described as a derivatives exchange in the provided answer, confirming it matches the required entity type."",""citations"":[{""url"":""https://www.ice.com/holiday-hours"",""title"":""Holiday Hours - ICE"",""excerpts"":[""|[ICE Futures Europe](/futures-europe) |[Trading Schedule - Oil, Utilities & Agricultural](/publicdocs/Trading_Schedule.pdf)\n\n[Trading Schedule - Fixed Income, Equity & Indices](/publicdocs/futures/Trading_Schedule_Migrated_Liffe_Contracts.pdf)\n\n[Trading Schedule - Temporary Trading Hours for DST](/publicdocs/futures/Trading_Schedule_Temporary_Trading_Hours_for_DST.pdf)\n\n[Christmas and New Year Trading Hours 2025](/publicdocs/futures/IFEu_Christmas_New_Year_Trading_Hours_2025.pdf) |Energy, emissions, agriculture, interest rates, government bonds, equity index and single stock futures and options |""]},{""url"":""https://www.ice.com/publicdocs/futures/Trading_Schedule_Migrated_Liffe_Contracts.pdf"",""title"":""IFEU Trading Schedule: Fixed Income, Equity and Indices"",""excerpts"":[""**ICE Futures Europe will be closed on the following days:**""]},{""url"":""https://www.ice.com/publicdocs/circulars/25131.pdf"",""title"":""[PDF] Circular 25/131 Christmas and New Year 2025 Holiday Schedule"",""excerpts"":[""ICE Futures Europe is recognised as an investment exchange and an auction platform and is a benchmark administrator under the Financial Services and Markets Act\n\n2000, supervised by the Financial Conduct Authority""]},{""url"":""https://www.ice.com/publicdocs/futures/IFEu_Christmas_New_Year_Trading_Hours_2025.pdf"",""title"":""Fetched web page"",""excerpts"":[""**IFEU Trading Hours: 2025**""]}],""confidence"":""medium""}","New Year’s Day: 2025-01-01; Good Friday: 2025-04-18; Christmas Day: 2025-12-25; Calendar URLs: https://www.ice.com/publicdocs/futures/Trading_Schedule_Migrated_Liffe_Contracts.pdf, https://www.ice.com/publicdocs/futures/IFEu_Christmas_New_Year_Trading_Hours_2025.pdf","{""field"":""holiday_calendar_check"",""reasoning"":""The trading schedule PDFs list the holidays when ICE Futures Europe is closed in 2025, providing dates and names. These URLs serve as the calendar source."",""citations"":[{""url"":""https://www.ice.com/publicdocs/Trading_Schedule.pdf"",""title"":""IFEU Trading Schedule: Oil, Utilities and Agricultural"",""excerpts"":[""The Exchange will be closed. Friday 26 December 2025. The Exchange will be OPEN for trading (Regular hours and Settlement periods) except for the following ...""]},{""url"":""https://www.ice.com/holiday-hours"",""title"":""Holiday Hours - ICE"",""excerpts"":[""[Christmas and New Year Trading Hours 2025](/publicdocs/futures/IFEu_Christmas_New_Year_Trading_Hours_2025.pdf)"",""| [ICE Futures Europe](/futures-europe) | [Trading Schedule - Oil, Utilities & Agricultural](/publicdocs/Trading_Schedule.pdf) |""]},{""url"":""https://www.ice.com/publicdocs/futures/Trading_Schedule_Migrated_Liffe_Contracts.pdf"",""title"":""IFEU Trading Schedule: Fixed Income, Equity and Indices"",""excerpts"":[""Wednesday 1 January 2025 (New Year’s Day)"",""Friday 18 April 2025 (Good Friday)"",""Thursday 25 December 2025 (Christmas Day)""]},{""url"":""https://www.ice.com/publicdocs/circulars/25131.pdf"",""title"":""[PDF] Circular 25/131 Christmas and New Year 2025 Holiday Schedule"",""excerpts"":[""Christmas and New Year 2025 Holiday Schedule"",""The purpose of this Circular is to advise Members of the amendments to regular trading hours from **Wednesday 24**\n\n**December 2025** through to **Thursday 01 Ja""]},{""url"":""https://www.ice.com/publicdocs/futures/IFEu_Christmas_New_Year_Trading_Hours_2025.pdf"",""title"":""Fetched web page"",""excerpts"":[""**Thursday 25 December 2025**\nThe Exchange will be **closed.**"",""**Friday 26 December 2025**\nThe Exchange will be **OPEN** for trading (Regular hours and Settlement periods) for the following\ncontracts:\nBrent Futures and Options\nWTI Futures and Options\nLow Sulphur Gasoil Futures and Options\nDubai Crude Futures and Options\nHeating Oil Futures and Options\nRBOB Gasoline Futures and Options\nMidland WTI AGC Futures and Options\nPermian WTI Storage Futures\n\nULS Heating Oil Futures\nULS Diesel Futures\nInternational Coal Futures and Options\nWIM and JKM (Platts) Futures and JKM (Platts) Options\nTransitioned Futures & Options\nJapanese Power Financial Futures\nSOFR Swapnote® Futures\nOne Month and Three Month SOFR Index Futures"",""**Thursday 01 January 2025**\nThe Exchange will be **CLOSED** .""]}],""confidence"":""medium""}"
Japan Exchange Group (JPX) – Derivatives Trading Calendar,"The JPX trading calendar provides a schedule of holidays for Japan Exchange Group's derivatives markets, specifying closed dates and any products that remain tradable on holidays.",https://www.jpx.co.jp/english/trading/calendar/index.html,"2025-01-03: Index Futures, Index Options, Commodity Futures, Options on Commodity Futures; 2025-02-11: Index Futures, Index Options, Commodity Futures, Options on Commodity Futures; 2025-02-24: Index Futures, Index Options, Commodity Futures, Options on Commodity Futures; 2025-03-20: Index Futures, Index Options, Commodity Futures, Options on Commodity Futures; 2025-04-29: Index Futures, Index Options, Commodity Futures, Options on Commodity Futures; 2025-05-05: Index Futures, Index Options, Commodity Futures, Options on Commodity Futures; 2025-05-06: Index Futures, Index Options, Commodity Futures, Options on Commodity Futures; 2025-07-21: Index Futures, Index Options, Commodity Futures, Options on Commodity Futures; 2025-08-11: Index Futures, Index Options, Commodity Futures, Options on Commodity Futures; 2025-09-23: Index Futures, Index Options, Commodity Futures, Options on Commodity Futures; 2025-10-13: Index Futures, Index Options, Commodity Futures, Options on Commodity Futures; 2025-11-03: Index Futures, Index Options, Commodity Futures, Options on Commodity Futures; 2025-11-24: Index Futures, Index Options, Commodity Futures, Options on Commodity Futures","{""field"":""PRODUCT_HOLIDAY_CHECK"",""reasoning"":""The same source states that on eligible holidays the following products can trade: Index Futures, Index Options, Commodity Futures, Options on Commodity Futures. No uncertainty is expressed."",""citations"":[{""url"":""https://www.jpx.co.jp/english/derivatives/rules/holidaytrading/index.html"",""title"":""Holiday Trading | Derivatives | Japan Exchange Group - JPX"",""excerpts"":[""## Eligible Products\n\nThe eligible products for holiday trading are Index Futures, Index Options, Commodity Futures and Options on Commodity Futures. JGB Futures, Options on JGB Futures, Interest Rate Futures and Securities Options are not eligible."",""|Products |Eligible/Ineligible |\n| --- | --- |\n|Index Futures |Eligible |\n|Index Options |\n|Commodity Futures |\n|Options on Commodity Futures |\n|JGB Futures |Ineligible |\n|Options on JGB Futures |\n|Interest Rate Futures |\n|Securities Options |""]}],""confidence"":""low""}",,"{""field"":""derivatives_exchange_check"",""reasoning"":""The provided source describes JPX’s derivatives market and its holiday trading schedule, confirming that JPX operates a derivatives exchange."",""citations"":[{""url"":""https://www.jpx.co.jp/english/news/2040/20251010-01.html"",""title"":""Derivatives Holiday Trading (October 13, 2025) | Japan Exchange ..."",""excerpts"":[""The derivatives market will be open for holiday trading on Monday, October 13, 2025 (Health and Sports Day). Related Page. Holiday Trading.""]},{""url"":""https://www.jpx.co.jp/english/news/2040/20250808-01.html"",""title"":""Derivatives Holiday Trading (August 11, 2025) - JPX"",""excerpts"":[""The derivatives market will be open for holiday trading on Monday, August 11, 2025 (Mountain Day). Related Page. Holiday Trading. Contact. Osaka ...""]},{""url"":""https://x.com/JPX_official_EN/status/1984170145770828225"",""title"":""The derivatives market will be open for holiday trading on Monday ..."",""excerpts"":[""-The derivatives market will be open for holiday trading on Monday, November 3, 2025 (Culture Day).""]},{""url"":""https://www.facebook.com/JapanExchangeGroupGlobal/posts/news-release-the-derivatives-market-will-be-open-for-holiday-trading-on-monday-a/1329536349175056/"",""title"":""News Release -The derivatives market will be open for holiday ..."",""excerpts"":[""News Release -The derivatives market will be open for holiday trading on Monday, August 11, 2025 (Mountain Day). Holiday Trading | Japan ...""]},{""url"":""https://www.jpx.co.jp/english/derivatives/rules/holidaytrading/index.html"",""title"":""Holiday Trading | Derivatives | Japan Exchange Group - JPX"",""excerpts"":["" Holiday Trading\n\n""]},{""url"":""https://www.jpx.co.jp/english/news/2040/20251031-01.html"",""title"":""Derivatives Holiday Trading (November 3, 2025) - JPX"",""excerpts"":[""## Oct. 31, 2025 _OSE_ _TOCOM_ Derivatives Holiday Trading (November 3, 2025)"",""* Tokyo Stock Exchange\n* Osaka Exchange\n* Tokyo Commodity Exchange\n* JPX Market Innovation & Research\n* Japan Exchange Regulation\n* [Japan Securities Clearing Corporation](https://www.jpx.co.jp/jscc/en/)""]}],""confidence"":""medium""}",2025-01-03: New Year Holidays (open); 2025-02-11: National Foundation Day (open); 2025-02-24: Substitute Holiday of Emperor's Birthday (open); 2025-03-20: Vernal Equinox Day (open); 2025-04-29: Showa Day (open); 2025-05-05: Children's Day (open); 2025-05-06: Substitute Holiday of Greenery Day (open); 2025-07-21: Marine Day (open); 2025-08-11: Mountain Day (open); 2025-09-23: Autumnal Equinox Day (open); 2025-10-13: Health and Sports Day (open); 2025-11-03: Culture Day (open); 2025-11-24: Substitute Holiday of Labor Thanksgiving Day (open); https://www.jpx.co.jp/english/derivatives/rules/holidaytrading/index.html,"{""field"":""holiday_calendar_check"",""reasoning"":""The source lists the 2025 derivatives holiday trading days for JPX with dates and open/closed status, providing a complete calendar and a URL to the official page."",""citations"":[{""url"":""https://www.jpx.co.jp/english/news/2040/20251010-01.html"",""title"":""Derivatives Holiday Trading (October 13, 2025) | Japan Exchange ..."",""excerpts"":[""The derivatives market will be open for holiday trading on Monday, October 13, 2025 (Health and Sports Day). Related Page. Holiday Trading.""]},{""url"":""https://www.jpx.co.jp/english/news/2040/20250808-01.html"",""title"":""Derivatives Holiday Trading (August 11, 2025) - JPX"",""excerpts"":[""The derivatives market will be open for holiday trading on Monday, August 11, 2025 (Mountain Day). Related Page. Holiday Trading. Contact. Osaka ...""]},{""url"":""https://x.com/JPX_official_EN/status/1984170145770828225"",""title"":""The derivatives market will be open for holiday trading on Monday ..."",""excerpts"":[""-The derivatives market will be open for holiday trading on Monday, November 3, 2025 (Culture Day).""]},{""url"":""https://www.facebook.com/JapanExchangeGroupGlobal/posts/news-release-the-derivatives-market-will-be-open-for-holiday-trading-on-monday-a/1329536349175056/"",""title"":""News Release -The derivatives market will be open for holiday ..."",""excerpts"":[""News Release -The derivatives market will be open for holiday trading on Monday, August 11, 2025 (Mountain Day). Holiday Trading | Japan ...""]},{""url"":""https://www.jpx.co.jp/english/derivatives/rules/holidaytrading/index.html"",""title"":""Holiday Trading | Derivatives | Japan Exchange Group - JPX"",""excerpts"":[""Derivatives holiday trading days in 2025 and 2026 are as follows. |Eligible Holidays <sup>1,2</sup> |Markets |Finalized or Scheduled |\n| --- | --- | --- | --- | --- | --- |\n|2025 |January 2 |Thu. |New Year Holidays |Not Open <sup>3</sup> |Finalized |\n|January 3 |Fri. |New Year Holidays |Open |Finalized |\n|January 13 |Mon. |Coming of Age Day |Not Open <sup>4</sup> |Finalized |\n|February 11 |Tue. |National Foundation Day |Open |Finalized |\n|February 24 |Mon. |Substitute Holiday of Emperor's Birthday |Open |Finalized |\n|March 20 |Thu. |Vernal Equinox Day |Open |Finalized |\n|April 29 |Tue. |Showa Day |Open |Finalized |\n|May 5 |Mon. |Children's Day |Open |Finalized |\n|May 6 |Tue. |Substitute Holiday of Greenery Day |Open |Finalized |\n|July 21 |Mon. |Marine Day |Open |Finalized |\n|August 11 |Mon. |Mountain Day |Open |Finalized |\n|September 15 |Mon. |Respect for the Aged Day |Not Open <sup>5</sup> |Finalized |\n|September 23 |Tue.\n|Autumnal Equinox Day |Open |Finalized |\n|October 13 |Mon. |Health and Sports Day |Open |Finalized |\n|November 3 |Mon. |Culture Day |Open |Finalized |\n|November 24 |Mon. |Substitute Holiday of Labor Thanksgiving Day |Open |Finalized |\n|December 31 |Wed. |New Year's Eve |Not Open <sup>3</sup> |Finalized |""]},{""url"":""https://www.jpx.co.jp/english/corporate/about-jpx/calendar/index.html"",""title"":""Market Holidays | Japan Exchange Group - JPX"",""excerpts"":[""* Regarding derivatives holiday trading days, please refer to the following page. [Holiday Trading](/english/derivatives/rules/holidaytrading/index.html)"",""|Jan. 1 (Wed.) |New Year's Day |\n|Jan. 2 (Thu.) |Market Holiday |\n|Jan. 3 (Fri.) |Market Holiday |\n|Jan. 13 (Mon.) |Coming of Age Day |\n|Feb. 11 (Tue.) |National Foundation Day |\n|Feb. 24 (Mon.) |Emperor's Birthday (Feb. 23) observed <sup>1</sup> |\n|Mar. 20 (Thu.) |Vernal Equinox |\n|Apr. 29 (Tue.) |Showa Day |\n|May 3 (Sat.) |Constitution Memorial Day |\n|May 4 (Sun.) |Greenery Day |\n|May 5 (Mon.) |Children's Day |\n|May 6 (Tue.) |Greenery Day (May 4) observed <sup>1</sup> |\n|Jul. 21 (Mon.) |Marine Day |\n|Aug. 11 (Mon.) |Mountain Day |\n|Sep. 15 (Mon.) |Respect for the Aged Day |\n|Sep. 23 (Tue.) |Autumnal Equinox |\n|Oct. 13 (Mon.) |Sports Day |\n|Nov. 3 (Mon.) |Culture Day |\n|Nov. 23 (Sun.) |Labor Thanksgiving Day |\n|Nov. 24 (Mon.) |Labor Thanksgiving Day (Nov. 23) observed <sup>1</sup> |\n|Dec. 31 (Wed.) |Market Holiday |\n""]},{""url"":""https://www.jpx.co.jp/english/news/2040/20251031-01.html"",""title"":""Derivatives Holiday Trading (November 3, 2025) - JPX"",""excerpts"":[""The derivatives market will be open for holiday trading on Monday, November 3, 2025 (Culture Day).""]}],""confidence"":""medium""}"
ASX Derivatives (Australia),"ASX Derivatives is the derivatives market of the Australian Securities Exchange, with a listed holiday calendar and limited product trading on holidays (e.g., Equity Options with evening sessions and early closures).",,"Christmas Eve: Interest Rate, Energy, Agriculture Products; New Year's Eve: Interest Rate, Energy, Agriculture Products","{""field"":""PRODUCT_HOLIDAY_CHECK"",""reasoning"":""The source describes that on Australian holidays the day session is closed while the night session operates normally, and on Christmas Eve and New Year's Eve specific early‑closing times are given for equity products and for interest‑rate, energy and agriculture products, indicating which products continue trading."",""citations"":[{""url"":""https://www.asx.com.au/markets/market-resources/asx-24-trading-calendar"",""title"":""Fetched web page"",""excerpts"":[""ASX 24 Trading Calendar\nThe following details Trading hours as they relate to the ASX 24 markets during domestic and international public holidays. The policy and process with regards to Trading hours and public holidays is detailed in the tables immediately below.\nPublic Holidays refer to holidays observed by the respective Debt and/or Equity Financial Markets."",""Interest Rate, Energy and Agriculture Products to close at 12:30pm (Sydney Time)""]},{""url"":""https://www.asx.com.au/content/dam/asx/rules-guidance-notes-waivers/asx-24-operating-rules/rules/asx-24-operating-rules-schedule.pdf"",""title"":""ASX 24 Operating Rules Schedules"",""excerpts"":[""The ASX 24 operating rules schedules include rules for all futures and options contracts, interest rate contracts, and equity contracts. Settlement Day falls on a public holiday the Settlement. Day will be the next Business Day. Final time by which Sellers obligations must be satisfied. 12:00 ...""]},{""url"":""https://www.asx.com.au/content/dam/asx/markets/trade-our-derivatives-market/derivatives-market-overview/energy-derivatives/australian-electricity-fact-sheet.pdf"",""title"":""ASX Australian Electricity Derivatives"",""excerpts"":[""If this day is not a business day or is recognised in the underlying regions as a Public Holiday then the following business day will be the expiry day. Page 15 ... ASX offers futures and options on the NEM, including base and peak load contracts, cash-settled against regional reference nodes.""]},{""url"":""https://www.asxenergy.com.au/products/electricity_futures"",""title"":""Australian Electricity Derivatives | ASX Energy"",""excerpts"":[""ASX 24 Trading Calendar outlines the days the exchange will be closed for holidays. 4. Australian Electricity Futures and Options Contract Specifications ...""]},{""url"":""https://www.asx.com.au/content/dam/asx/markets/trade-our-derivatives-market/derivatives-market-overview/equity-derivatives/single-stock-derivatives/expiry-calendar/bem-3855-option-expiry-calendar-2025-2026-fa-web.pdf"",""title"":""[PDF] Options & Futures Expiration Calendar 2025 | ASX"",""excerpts"":[""Equity Index Derivatives and Individual Equity Derivatives. All weekly expiry days are Thursdays, unless noted with a star below. 5. 12. 19. 26. 26. 5. 12. 19.""]}],""confidence"":""low""}",,"{""field"":""derivatives_exchange_check"",""reasoning"":""The provided answer states that ASX Derivatives is a derivatives exchange, confirming it matches the required entity type."",""citations"":[{""url"":""https://www.asx.com.au/content/dam/asx/rules-guidance-notes-waivers/asx-24-operating-rules/rules/asx-24-operating-rules-schedule.pdf"",""title"":""ASX 24 Operating Rules Schedules"",""excerpts"":[""The ASX 24 operating rules schedules include rules for all futures and options contracts, interest rate contracts, and equity contracts. Settlement Day falls on a public holiday the Settlement. Day will be the next Business Day. Final time by which Sellers obligations must be satisfied. 12:00 ...""]},{""url"":""https://www.asx.com.au/content/dam/asx/markets/trade-our-derivatives-market/derivatives-market-overview/energy-derivatives/australian-electricity-fact-sheet.pdf"",""title"":""ASX Australian Electricity Derivatives"",""excerpts"":[""If this day is not a business day or is recognised in the underlying regions as a Public Holiday then the following business day will be the expiry day. Page 15 ... ASX offers futures and options on the NEM, including base and peak load contracts, cash-settled against regional reference nodes.""]},{""url"":""https://www.asx.com.au/content/dam/asx/markets/trade-our-derivatives-market/derivatives-market-overview/equity-derivatives/single-stock-derivatives/expiry-calendar/bem-3855-option-expiry-calendar-2025-2026-fa-web.pdf"",""title"":""[PDF] Options & Futures Expiration Calendar 2025 | ASX"",""excerpts"":[""Equity Index Derivatives and Individual Equity Derivatives. All weekly expiry days are Thursdays, unless noted with a star below. 5. 12. 19. 26. 26. 5. 12. 19.""]},{""url"":""https://www.asxenergy.com.au/products/electricity_futures"",""title"":""Australian Electricity Derivatives | ASX Energy"",""excerpts"":[""ASX 24 Trading Calendar outlines the days the exchange will be closed for holidays. 4. Australian Electricity Futures and Options Contract Specifications ...""]},{""url"":""https://www.asx.com.au/markets/market-resources/asx-24-trading-calendar"",""title"":""ASX 24 Trading Calendar"",""excerpts"":[""The following details Trading hours as they relate to the ASX 24 markets during domestic and international public holidays."",""ASX 24 Trading Calendar""]}],""confidence"":""medium""}",2025-12-24: Christmas Eve; 2025-12-31: New Year's Eve; Calendar URL: https://www.asx.com.au/markets/market-resources/asx-24-trading-calendar,"{""field"":""holiday_calendar_check"",""reasoning"":""The answer includes a link to the ASX 24 trading calendar which lists specific holidays (Christmas Eve and New Year's Eve) with their dates and early‑closing times, satisfying the requirement for a holiday calendar with URLs."",""citations"":[{""url"":""https://www.asx.com.au/markets/market-resources/asx-24-trading-calendar"",""title"":""Fetched web page"",""excerpts"":[""ASX 24 Trading Calendar\nThe following details Trading hours as they relate to the ASX 24 markets during domestic and international public holidays. The policy and process with regards to Trading hours and public holidays is detailed in the tables immediately below.\nPublic Holidays refer to holidays observed by the respective Debt and/or Equity Financial Markets."",""|Wednesday 24 December\n\nLast Business Day before Christmas Day |ASX 24: Equity Products to close at 2:30pm (Sydney Time)\n\nASX 24:\n\nInterest Rate, Energy and Agriculture Products to close at 12:30pm (Sydney Time)\n\nNZ ASX 24: Interest Rate and Energy Products to close at 10:00am (Sydney Time)\n\nASX 24 / NZ: Night Session Closed |"",""|Thursday 31 December\n\nLast Business Day before\n\nNew Year’s Day |ASX 24: Equity Products to close at 2:30pm (Sydney Time)\n\nASX 24:\n\nInterest Rate, Energy and Agriculture Products to close at 12:30pm (Sydney Time)\n\nNZ ASX 24: Interest Rate and Energy Products to close at 10:00am (Sydney Time)\n\nASX 24 / NZ: Night Session Closed |""]},{""url"":""https://www.asxenergy.com.au/products/electricity_futures"",""title"":""Australian Electricity Derivatives | ASX Energy"",""excerpts"":[""ASX 24 Trading Calendar outlines the days the exchange will be closed for holidays. 4. Australian Electricity Futures and Options Contract Specifications ...""]},{""url"":""https://www.calendarlabs.com/asx-market-holidays-2025/"",""title"":""2025 ASX Market Holidays - CalendarLabs"",""excerpts"":[""List of Trading Holidays of ASX Market in 2025 ; MondayMon, Apr 21, 2025Apr 21, Easter Monday ; FridayFri, Apr 25, 2025Apr 25, Anzac Day ; MondayMon, Sep 29, 2025 ...""]},{""url"":""https://smallcaps.com.au/trading-calendar"",""title"":""ASX Trading Calendar 2025–2026 | Trading, Settlement & Holidays"",""excerpts"":[""ASX Trading Calendar ; New Year's Day. Tue, Dec 31, 2024 ; Australia Day. Sun, Jan 26, 2025 ; King's Birthday. Sun, Jun 8, 2025 ; Australia Day. Sun, Jan 25, 2026.""]},{""url"":""https://www.forexchurch.com/stock-market-holidays/australian-stock-exchange"",""title"":""2025 Australian Stock Exchange (ASX) Holidays - Forex Church"",""excerpts"":[""ASX holidays in 2025 include: Australia Day (Jan 27), Good Friday (Apr 18), Easter Monday (Apr 21), ANZAC Day (Apr 25), King's Birthday (Jun 9), Christmas Day ...""]},{""url"":""https://www.bajajbroking.in/knowledge-center/share-market-holiday-list"",""title"":""Share Market Holiday List 2025"",""excerpts"":[""Find the official list of share market holidays in 2025 to plan your trading and investment strategies accordingly.""]},{""url"":""https://phidiaspropfirm.com/education/futures-trading-hours"",""title"":""Futures Market Trading Hours: Regular & Holiday Schedules"",""excerpts"":[""You will find everything you need to know about futures trading market hours, from the Weekly schedule to holiday closures and global exchange timings.""]}],""confidence"":""medium""}"
ICE Swap Trade,"ICE Swap Trade is a derivatives exchange platform operated by ICE that offers credit default swaps and cash‑settled bilateral energy contracts. It publishes a dedicated holiday calendar for its swap products, and the platform notes that trading hours for specific contracts may be announced close to holidays, allowing some products to continue trading on those days.",https://www.ice.com/swap-trade,"Good Friday: Commodity Contracts; Memorial Day / U.K. Spring Bank Holiday: Commodity Contracts; Christmas: Commodity Contracts; New Year's: Commodity Contracts; Martin Luther King Day: Commodity Contracts, Credit Contracts; Presidents Day: Commodity Contracts, Credit Contracts; Juneteenth: Commodity Contracts, Credit Contracts; Independence Day: Commodity Contracts, Credit Contracts; Labor Day: Commodity Contracts, Credit Contracts; Thanksgiving Day: Commodity Contracts, Credit Contracts; Easter Monday: Commodity Contracts, Credit Contracts; U.K. May Bank Holiday: Commodity Contracts, Credit Contracts; U.K. Summer Bank Holiday: Commodity Contracts, Credit Contracts; U.K. Boxing Day: Commodity Contracts, Credit Contracts; U.S. Early Close: Commodity Contracts, Credit Contracts","{""field"":""PRODUCT_HOLIDAY_CHECK"",""reasoning"":""The schedule states that Commodity Contracts trade at all times, including holidays, while Credit Contracts trade only on holidays where the corresponding market is open or have reduced hours. This allows extraction of which products continue trading for each holiday."",""citations"":[{""url"":""https://www.ice.com/publicdocs/IST_2022_Trading_Schedule.pdf"",""title"":""[PDF] Updated 2022 Trading and Holiday Schedule - ICE"",""excerpts"":[""The trading hours for all Credit Contracts traded on ICE Swap Trade will be Monday through Friday 7:00 AM. GMT (London time) to 5:30 PM ET (New ..."",""Trading in Commodity Contracts will be available at all times (including holidays) except during system\nmaintenance.""]},{""url"":""https://www.ice.com/publicdocs/swap_trade/notices/ICE_Swap_Trade_2025_Schedule.pdf"",""title"":""Fetched web page"",""excerpts"":[""Trading in Commodity Contracts will be available at all times (including holidays) except during system\nmaintenance.""]},{""url"":""https://www.ice.com/holiday-hours"",""title"":""Fetched web page"",""excerpts"":[""Credit default swaps and cash-settled bilateral energy contracts""]}],""confidence"":""low""}",,"{""field"":""derivatives_exchange_check"",""reasoning"":""The source describes ICE Swap Trade as a Swap Execution Facility that provides trading for CDS indexes, bilateral energy swaps and security‑based swaps, which are all derivatives products, confirming it is a derivatives exchange."",""citations"":[{""url"":""https://www.ice.com/holiday-hours"",""title"":""Holiday Hours - ICE"",""excerpts"":[""|[ICE Swap Trade](/swap-trade) |[2025 Trading Hours Holiday Calendar](/publicdocs/swap_trade/notices/ICE_Swap_Trade_2025_Schedule.pdf) |Credit default swaps and cash-settled bilateral energy contracts |""]},{""url"":""https://www.ice.com/publicdocs/IST_2022_Trading_Schedule.pdf"",""title"":""Fetched web page"",""excerpts"":[""The trading hours for all Credit Contracts traded on ICE Swap Trade will be Monday through Friday 7:00 AM\nGMT (London time) to 5:30 PM ET (New York time).""]},{""url"":""https://www.ice.com/publicdocs/swap_trade/notices/ICE_Swap_Trade_2025_Schedule.pdf"",""title"":""Fetched web page"",""excerpts"":[""ICE Swap Trade\n30 December 2024\n**2025 Trading and Holiday Schedule**""]}],""confidence"":""medium""}",Good Friday: 2025-04-18; Memorial Day / U.K. Spring Bank Holiday: 2025-05-26; Christmas: 2025-12-25; New Year's: 2026-01-01; Martin Luther King Day: 2025-01-20; Presidents Day: 2025-02-17; Juneteenth: 2025-06-19; Independence Day: 2025-07-04; Labor Day: 2025-09-01; Thanksgiving Day: 2025-11-27; Easter Monday: 2025-04-21; U.K. May Bank Holiday: 2025-05-26; U.K. Summer Bank Holiday: 2025-08-25; U.K. Boxing Day: 2025-12-27; U.S. Early Close: 2025-04-17; 2025-05-23; 2025-07-03; 2025-11-26; 2025-12-24; 2025-12-31; Calendar URL: https://www.ice.com/publicdocs/swap_trade/notices/ICE_Swap_Trade_2025_Schedule.pdf,"{""field"":""holiday_calendar_check"",""reasoning"":""The PDF schedule from ICE lists specific holiday dates for 2025‑2026 and provides a URL to the full holiday calendar, satisfying the requirement for a detailed holiday list and calendar link."",""citations"":[{""url"":""https://www.ice.com/holiday-hours"",""title"":""Holiday Hours - ICE"",""excerpts"":[""|[ICE Swap Trade](/swap-trade) |[2025 Trading Hours Holiday Calendar](/publicdocs/swap_trade/notices/ICE_Swap_Trade_2025_Schedule.pdf) |Credit default swaps and cash-settled bilateral energy contracts |""]},{""url"":""https://www.ice.com/publicdocs/ICE_Swap_Rate_Holiday_Calendar_2025.pdf"",""title"":""[PDF] ICE Swap Rate® Holiday Calendar 2025"",""excerpts"":[""01-Jan-2025. Wednesday. New Year's Day. 20-Jan-2025. Monday. Martin Luther King Day. 17-Feb-2025. Monday. Presidents Day. 18-Apr-2025. Friday. Good Friday."",""26-May-2025\nMonday\nSpring Bank Holiday/Memorial Day"",""19-Jun-2025\nThursday\nJuneteenth"",""04-Jul-2025\nFriday\nU.S. Independence Day"",""25-Aug-2025\nMonday\nSummer Bank Holiday"",""01-Sep-2025\nMonday\nLabor Day"",""27-Nov-2025\nThursday\nThanksgiving Day"",""25-Dec-2025\nThursday\nChristmas Day"",""26-Dec-2025\nFriday\nBoxing Day"",""01-May-2025\nThursday\nLabour Day"",""18-Apr-2025\nFriday\nGood Friday"",""21-Apr-2025\nMonday\nEaster Monday"",""20-Jan-2025\nMonday\nMartin Luther King Day"",""17-Feb-2025\nMonday\nPresidents Day"",""05-May-2025\nMonday\nEarly May Bank Holiday"",""13-Oct-2025\nMonday\nColumbus Day"",""11-Nov-2025\nTuesday\nVeterans Day""]},{""url"":""https://www.ice.com/publicdocs/swap_trade/notices/ICE_Swap_Trade_2025_Schedule.pdf"",""title"":""Fetched web page"",""excerpts"":[""**Holiday**\n**Date**\nGood Friday\nApril 18, 2025\nMemorial Day\nU.K. Spring Bank Holiday\nMay 26, 2025\nChristmas\nDecember 25, 2025\nNew Year’s\nJanuary 1, 2026\n"",""**Early Close/Holiday**\n\n**Date**\nU.S. Early Close\nApril 17, 2025\nU.S. Early Close\nMay 23, 2025\nU.S. Early Close\nJuly 3, 2025\nU.S. Early Close\nNovember 26, 2025\nU.S. Early Close\nDecember 24, 2025\nU.S. Early Close\nDecember 31, 2025\n"",""Martin Luther King Day\nJanuary 20, 2025\nPresidents Day\nFebruary 17, 2025\nJuneteenth\nJune 19, 2025\nIndependence Day\nJuly 4, 2025\nLabor Day\nSeptember 1, 2025\nThanksgiving Day\nNovember 27, 2025\n"",""Easter Monday\nApril 21, 2025\nU.K. May Bank Holiday\n\nMay 26, 202\nU.K. Summer Bank\nHoliday\nAugust 25, 2025\nU.K. Boxing Day\nDecember 27, 2025\n""]},{""url"":""https://www.ice.com/publicdocs/ICE_Swap_Rate_Holiday_Calendar_spreadadjusted_2026..pdf"",""title"":""ICE Swap Rate® Holiday Calendar 2026"",""excerpts"":[""01-Jan-2026. Thursday. New Year's Day. 19-Jan-2026. Monday. Martin Luther King Day. 16-Feb-2026. Monday. Presidents Day. 03-Apr-2026. Friday. Good Friday.""]},{""url"":""https://www.ice.com/publicdocs/futures_us/exchange_notices/ICE_Futures_US_2025_JuneteenthHoliday_20250424.pdf"",""title"":""2025 JUNETEENTH HOLIDAY TRADING SCHEDULE"",""excerpts"":[""ICE Futures U.S. will observe the trading schedule below for the 2025 Juneteenth holiday. Changes from regular trading hours and daily settlement window times ...See more""]},{""url"":""https://www.ice.com/publicdocs/futures_us/exchange_notices/ICE_Futures_US_2025_Memorial_DayHoliday_20250303.pdf"",""title"":""2025 MEMORIAL DAY HOLIDAY TRADING SCHEDULE"",""excerpts"":[""ICE Futures U.S. will observe the trading schedule below for the 2025 Memorial Day holiday. Changes from regular trading hours and daily settlement window times ...See more""]},{""url"":""https://www.ice.com/publicdocs/IST_2022_Trading_Schedule.pdf"",""title"":""Fetched web page"",""excerpts"":[""Both the U.K. and U.S. markets will be closed on the following holidays:\n**Holiday**\n**Date**\nGood Friday\nApril 15, 2022\nMemorial Day\nU.K. Spring Bank Holiday\nMay 30, 2022\nChristmas (Observed)\nDecember 26, 2022\nNew Year’s (Observed)\nJanuary 2, 2023\n"",""With respect to the following holidays, the trading hours will be 7:00 AM GMT (London time) to 2:00 PM ET\n(New York time):\n**Early Close/Holiday**\n**Date**\nU.S. Early Close\nApril 14, 2022\nU.S. Early Close\nMay 27, 2022\nU.S. Early Close\nJuly 1, 2022\nU.S. Early Close\nNovember 25, 2022\nU.S. Early Close\nDecember 23, 2022\nU.S. Early Close\nDecember 30, 2022\n""]}],""confidence"":""medium""}"
BME (Bolsa de Madrid) Holiday Calendar,"BME (Bolsa de Madrid) provides an official holiday calendar for its markets, including derivatives, detailing closure dates and any products that remain tradable on holidays.",https://www.bme.es/ing/Calendario-BME,no product specific settings,"{""field"":""PRODUCT_HOLIDAY_CHECK"",""reasoning"":""The calendars specify which products do NOT trade on the listed holidays and do not mention any products that continue trading. Therefore, the appropriate value is \""no product specific settings\""."",""citations"":[{""url"":""https://www.bolsasymercados.es/bme-exchange/docs/regula/sbolsas/ing/instrucc/2024/2024-52-OI-TRADING-SESSIONS-CALENDAR-2025_eng.pdf"",""title"":""[PDF] 2025 TRADING CALENDAR"",""excerpts"":[""The Governing Board of Sociedad de Bolsas, S.A., has fixed the 2025 Trading Calendar for\n\nthe Spanish Stock Exchange Interconnection Syste""]}],""confidence"":""low""}",,"{""field"":""derivatives_exchange_check"",""reasoning"":""The BME (Bolsa de Madrid) operates the MEFF (Spanish Financial Futures and Options Exchange), which is the derivatives exchange for BME. The provided sources link BME to MEFF, confirming that the entity is a derivatives exchange."",""citations"":[{""url"":""https://www.bolsasymercados.es/bme-exchange/docs/regula/sbolsas/ing/instrucc/2024/2024-52-OI-TRADING-SESSIONS-CALENDAR-2025_eng.pdf"",""title"":""[PDF] 2025 TRADING CALENDAR"",""excerpts"":[""The Governing Board of Sociedad de Bolsas, S.A., has fixed the 2025 Trading Calendar for\n\nthe Spanish Stock Exchange Interconnection Syste""]}],""confidence"":""low""}","New Year's Day: 2025-01-01, Good Friday: 2025-04-18, Easter Monday: 2025-04-21, Labour Day: 2025-05-01, Christmas Day: 2025-12-25, Boxing Day: 2025-12-26, https://www.bolsasymercados.es/bme-exchange/docs/regula/sbolsas/ing/instrucc/2024/2024-52-OI-TRADING-SESSIONS-CALENDAR-2025_eng.pdf, https://www.meff.es/ing/Trading-Calendar","{""field"":""holiday_calendar_check"",""reasoning"":""The trading calendar documents list the specific non‑trading holidays for 2025 and provide the URLs of the full calendars. These holidays are extracted and formatted along with the calendar URLs."",""citations"":[{""url"":""https://www.bolsasymercados.es/bme-exchange/docs/regula/sbolsas/ing/instrucc/2024/2024-52-OI-TRADING-SESSIONS-CALENDAR-2025_eng.pdf"",""title"":""[PDF] 2025 TRADING CALENDAR"",""excerpts"":[""**−** Wednesday, January 1 <sup>st</sup>"",""**−** Friday, April 18 <sup>th</sup>"",""**−** Monday, April 21 <sup>st</sup>"",""**−** Thursday, May 1 <sup>st</sup>"",""**−** Thursday, December 25 <sup>th</sup>"",""**−** Friday, December 26 <sup>th</sup>""]}],""confidence"":""medium""}"
Multi Commodity Exchange of India (MCX),Multi Commodity Exchange of India (MCX) is a leading Indian derivatives exchange that publishes a market‑holiday calendar indicating closure dates and any products that remain tradable on holidays.,https://www.mcxindia.com/market-data/market-holidays,Christmas: no product specific settings; Diwali Laxmi Pujan*: Muhurat trading; Diwali-Balipratipada: no product specific settings; Dr. Baba Saheb Ambedkar Jayanti: no product specific settings; Ganesh Chaturthi: no product specific settings; Good Friday: no product specific settings; Guru Nanak Jayanti: no product specific settings; Holi (2nd day): no product specific settings; Id-Ul-Fitr (Ramadan Eid): no product specific settings; Independence Day: no product specific settings; Mahashivratri: no product specific settings; Mahatma Gandhi Jayanti/ Dassera: no product specific settings; Maharashtra Day: no product specific settings; New Year Day: no product specific settings; Shri Mahavir Jayanti: no product specific settings,"{""field"":""PRODUCT_HOLIDAY_CHECK"",""reasoning"":""The holiday circular notes that only Muhurat trading is mentioned for Diwali Laxmi Pujan*, and no specific product settings are listed for other holidays, leading to the indicated values."",""citations"":[{""url"":""https://www.jainam.in/mcx-holidays/"",""title"":""MCX Holidays list of 2025 & Trading Schedule"",""excerpts"":[""MCX Holidays 2025 ; 10, Ganesh Chaturthi, 27 Aug, 2025 ; 11, Mahatma Gandhi Jayanti/ Dassera, 02 Oct, 2025 ; 12, Diwali Laxmi Pujan*, 21 Oct, 2025 ; 13, Diwali- ...See more MCX Holidays 2025​​ Muhurat Trading will be conducted on Tuesday, October 21, 2025, Diwali* Laxmi Pujan. Timing for Muhurat Trading will be notified by the ...""]},{""url"":""https://www.steelcitynettrade.com/Circulars/MCX-Trading%20Holidays%20for%20the%20Calendar%20Year%202025.pdf"",""title"":""MCX-Trading Holidays for the Calendar Year 2025.pdf"",""excerpts"":[""Holidays for the calendar year 2025 are notified as under: * Muhurat trading will be conducted on October 21, 2025. Timings of Muhurat trading shall be ...""]}],""confidence"":""low""}",,"{""field"":""derivatives_exchange_check"",""reasoning"":""The MCX description identifies it as a commodity derivatives exchange, confirming it matches the required entity type."",""citations"":[{""url"":""https://www.mcxindia.com/"",""title"":""MCX"",""excerpts"":[""We offer a robust and regulated exchange for you to mitigate risks through investments and trade in commodities with ease. The Multi Commodity Exchange of India Limited (MCX), India's first listed exchange, is a state-of-the-art, commodity derivatives exchange that facilitates ...""]},{""url"":""https://finance.yahoo.com/quote/MCX.NS/profile/"",""title"":""Multi Commodity Exchange of India Limited (MCX.NS)"",""excerpts"":[""Multi Commodity Exchange of India Limited, a commodity derivatives exchange, provides a platform to facilitate online trading of commodity derivatives in India.""]},{""url"":""https://in.linkedin.com/company/multi-commodity-exchange-of-india-ltd"",""title"":""Multi Commodity Exchange of India Ltd. - LinkedIn"",""excerpts"":[""Multi Commodity Exchange of India Limited is India's first listed, national-level, electronic, commodity derivatives exchange. It is also the first exchange ...""]},{""url"":""https://stockanalysis.com/quote/nse/MCX/"",""title"":""Multi Commodity Exchange of India Limited (NSE:MCX)"",""excerpts"":[""Multi Commodity Exchange of India Limited, a commodity derivatives exchange, provides a platform to facilitate online trading of commodity derivatives in India.""]},{""url"":""https://www.mcxindia.com/about-us"",""title"":""About Us - MCX"",""excerpts"":[""MCX is India’s largest Exchange in the commodity derivatives segment""]},{""url"":""https://groww.in/blog/commodity-exchanges-in-india"",""title"":""A Comprehensive Guide to Key Commodity Exchanges in India"",""excerpts"":[""The Multi Commodity Exchange of India Ltd (MCX) is the largest commodity exchange in India. Established in 2003 and based in Mumbai, it is owned ...""]},{""url"":""https://www.steelcitynettrade.com/Circulars/MCX-Trading%20Holidays%20for%20the%20Calendar%20Year%202025.pdf"",""title"":""Fetched web page"",""excerpts"":[""Multi Commodity Exchange of India Limited""]},{""url"":""https://enrichmoney.in/knowledge-center-chapter/mcx-functions-derivatives-commodity-exchanges"",""title"":""Commodity Derivative Exchanges, Functions, and Overview"",""excerpts"":[""Explore the functions, types, and exchanges in the world of commodity derivatives. Discover the diverse functions and types offered by various exchanges.""]}],""confidence"":""medium""}","calendar_url: https://www.steelcitynettrade.com/Circulars/MCX-Trading%20Holidays%20for%20the%20Calendar%20Year%202025.pdf; holidays: New Year Day (2025-01-01), Mahashivratri (2025-02-26), Holi (2nd day) (2025-03-14), Id-Ul-Fitr (Ramadan Eid) (2025-03-31), Shri Mahavir Jayanti (2025-04-10), Dr. Baba Saheb Ambedkar Jayanti (2025-04-14), Good Friday (2025-04-18), Maharashtra Day (2025-05-01), Independence Day (2025-08-15), Ganesh Chaturthi (2025-08-27), Mahatma Gandhi Jayanti/ Dassera (2025-10-02), Diwali Laxmi Pujan* (2025-10-21), Diwali-Balipratipada (2025-10-22), Guru Nanak Jayanti (2025-11-05), Christmas (2025-12-25)","{""field"":""holiday_calendar_check"",""reasoning"":""The PDF from Steelcitynettrade provides the MCX 2025 holiday calendar with specific dates and the URL, confirming a holiday calendar is available."",""citations"":[{""url"":""https://www.steelcitynettrade.com/Circulars/MCX-Trading%20Holidays%20for%20the%20Calendar%20Year%202025.pdf"",""title"":""MCX-Trading Holidays for the Calendar Year 2025.pdf"",""excerpts"":[""Holidays for the calendar year 2025 are notified as under: * Muhurat trading will be conducted on October 21, 2025. Timings of Muhurat trading shall be ..."",""1\nNew Year Day\nJanuary 01, 2025\nWednesday\nOpen\nClosed"",""2\nMahashivratri\nFebruary 26, 2025\nWednesday\nClosed\nOpen"",""3\nHoli (2 <sup>nd</sup> day)\nMarch 14, 2025\nFriday\nClosed\nOpen"",""4\nId-Ul-Fitr (Ramadan\nEid)\nMarch 31, 2025\nMonday\nClosed\nOpen"",""5\nShri Mahavir Jayanti\nApril 10, 2025\nThursday\nClosed\nOpen"",""6\nDr. Baba Saheb\nAmbedkar Jayanti\nApril 14, 2025\nMonday\nClosed\nOpen"",""7\nGood Friday\nApril 18, 2025\nFriday\n**Closed**\n**Closed**"",""8\nMaharashtra Day\nMay 01, 2025\nThursday\nClosed\nOpen"",""9\nIndependence Day\nAugust 15, 2025\nFriday\n**Closed**\n**Closed**"",""10\nGanesh Chaturthi\nAugust 27, 2025\nWednesday\nClosed\nOpen"",""11\nMahatma Gandhi\nJayanti/ Dassera\nOctober 02, 2025\nThursday\n**Closed**\n\n**Closed**"",""12\nDiwali Laxmi Pujan\\*\nOctober 21, 2025\nTuesday\n**Closed**\n**Closed\\***"",""13\nDiwali-Balipratipada\nOctober 22, 2025\nWednesday\nClosed\nOpen"",""14\nGuru Nanak Jayanti\nNovember 05, 2025\nWednesday\nClosed\nOpen"",""15\nChristmas\nDecember 25, 2025\nThursday\n**Closed**\n**Closed**""]},{""url"":""https://www.jainam.in/mcx-holidays/"",""title"":""MCX Holidays list of 2025 & Trading Schedule"",""excerpts"":[""MCX Holidays 2025 ; 10, Ganesh Chaturthi, 27 Aug, 2025 ; 11, Mahatma Gandhi Jayanti/ Dassera, 02 Oct, 2025 ; 12, Diwali Laxmi Pujan*, 21 Oct, 2025 ; 13, Diwali- ...See more MCX Holidays 2025​​ Muhurat Trading will be conducted on Tuesday, October 21, 2025, Diwali* Laxmi Pujan. Timing for Muhurat Trading will be notified by the ...""]},{""url"":""https://www.gwcindia.in/mcx-holidays/"",""title"":""MCX Holidays 2025"",""excerpts"":[""List of MCX Holidays 2025/NCDEX Holidays 2025 ; 1 · New Year Day · 1st January ; 3 · Mahashivratri · 26th February ; 4 · Holi (2nd Day) · 14th March ; 5 · Good Friday.See more""]},{""url"":""https://www.calendarlabs.com/mcx-market-holidays-2025/"",""title"":""2025 MCX Market Holidays - CalendarLabs"",""excerpts"":[""List of Trading Holidays of MCX Market in 2025 ; Jan 01, 2025Jan 01, New Year's Day ; Jan 26, 2025Jan 26, Republic Day ; Mar 14, 2025Mar 14, Holi ; Mar 26, 2025Mar ...""]},{""url"":""https://yesinvest.in/share-market-holidays/mcx-holidays"",""title"":""MCX Holidays 2025: List of MCX Trading Market Holidays"",""excerpts"":[""MCX Holidays in 2025 ; Republic Day, January 26, 2025, Sunday ; Good Friday, April 18, 2025, Friday ; Independence Day, August 15, 2025, Friday ; Mahatma Gandhi ...""]},{""url"":""https://www.bajajfinservmarkets.in/resources/list-of-indian-holidays/mcx-holidays"",""title"":""MCX Holidays 2025: List of MCX Trading Holidays in India"",""excerpts"":[""MCX Market Holiday List for 2025 ; June 7, 2025. Bakri Id. Saturday ; July 6, 2025. Muharram. Sunday ; August 15, 2025. Independence Day. Friday ; August 27, 2025.See more""]}],""confidence"":""low""}"
B3 Derivatives,"B3 Derivatives is Brazil's derivatives market operated by B3 S.A. It observes standard Brazilian holidays such as Black Awareness Day, Christmas and New Year's Day; specific product holiday‑trading rules are not detailed in the available source.",https://www.investing.com/holiday-calendar/,"Good Friday: no trading; Constitutionalist Revolution Day (July 09): equity, private fixed income, fixed-income ETF, listed derivatives, securities lending, clearing & settlement, foreign exchange; New Year’s Day (U.S.): all products except agricultural derivatives; Christmas Eve (Dec 24): no trading session but non‑centrally cleared OTC registration (no specific products); December 31: no trading session but non‑centrally cleared OTC registration (no specific products)","{""field"":""PRODUCT_HOLIDAY_CHECK"",""reasoning"":""The answer describes product-specific trading settings for each category of holidays. For national/optional holidays trading is halted for equity, private fixed income, fixed income ETF and derivatives markets. For São Paulo public holidays trading continues for equity, private fixed income, fixed-income ETF, listed derivatives and related services. For U.S. public holidays the B3 Clearinghouse processes all transactions except agricultural derivatives, and the Foreign Exchange Clearinghouse processes T+1/T+2 settlements."",""citations"":[{""url"":""https://www.b3.com.br/pt_br/noticias/calendario-de-feriados-2025.htm"",""title"":""Calendário de feriados 2025 - B3"",""excerpts"":[""No feriado de 9 de julho, dia da Revolução Constitucionalista, haverá funcionamento normal da B3."",""Para os derivativos financeiros e de commodities, a sessão de negociação abrirá às 13h (com pré-abertura das 12h55 às 13h)."",""Já o mercado de balcão organizado funcionará das 13h às 17h55, com call de fechamento para todos os ativos das 17h55 às 18h.""]},{""url"":""https://www.b3.com.br/data/files/C4/E2/A6/41/4FDF29106EEC8429AC094EA8/OC%20149-2024%20PRE%20Calendario%20de%20Feriados%20em%202025%20e%20Funcionamento%20da%20B3%20em%2005032025%20(Quarta-Feira%20de%20Cinzas)%20(EN).pdf"",""title"":""Fetched web page"",""excerpts"":[""**1\\.1.**\n**Listed B3**\n**There will be no:**\n• trading in the listed equity, private fixed income, fixed income ETF and\nderivatives markets, or in the securities lending markets"",""**4\\. ** **On December 24, 2025 (Christmas Eve) and December 31, 2025 (banks**\n**working internally) there will be no** trading session, but **there will be** non-\ncentrally cleared OTC trade registration and allocation of these transactions\nin B3 Clearinghouse post-trad""]}],""confidence"":""low""}",,"{""field"":""derivatives_exchange_check"",""reasoning"":""The answer explicitly states that 'B3 Derivatives' is a derivatives exchange, confirming the entity matches the required type."",""citations"":[{""url"":""https://www.b3.com.br/en_us/solutions/platforms/puma-trading-system/for-members-and-traders/trading-calendar/holidays/"",""title"":""Fetched web page"",""excerpts"":[""Section Title: Trading calendar > Market Calendar 2025\nContent:\n| Dia | Evento |  | Descrição |\n| 01 | Labor Day |  | **B3 **Clearinghouse and B3** Foreign Exchange Clearinghouse** |""]},{""url"":""https://www.b3.com.br/pt_br/solucoes/plataformas/puma-trading-system/para-participantes-e-traders/calendario-de-negociacao/feriados/"",""title"":""Fetched web page"",""excerpts"":[""Section Title: Calendário de negociação > Calendário do mercado 2022\nContent:\n| Dia | Evento |  | Descrição |\n| 26 | Christmas day (Observed) |  | - a Câmara B3 efetuará o registro, a compensação e a liquidação de operações, exceto a liquidação das obrigações referentes às operações com derivativos agropecuários, que será realizada no dia útil imediatamente posterior ao da praça de Nova York e simultaneamente útil na praça de Brasília; |""]},{""url"":""https://www.b3.com.br/en_us/solutions/platforms/puma-trading-system/for-members-and-traders/trading-calendar/trading-calendar/"",""title"":""Trading calendar | B3"",""excerpts"":[""Trading calendar; Trading calendar. Holidays · Trading calendar. Trading calendar. Holidays · Trading calendar · Equity Option & Index Option Trading Calendar.""]},{""url"":""https://www.b3.com.br/pt_br/noticias/calendario-de-feriados-2025.htm"",""title"":""Calendário de feriados 2025 - B3"",""excerpts"":[""No feriado de 9 de julho, dia da Revolução Constitucionalista, haverá funcionamento normal da B3.""]},{""url"":""https://www.b3.com.br/data/files/C4/E2/A6/41/4FDF29106EEC8429AC094EA8/OC%20149-2024%20PRE%20Calendario%20de%20Feriados%20em%202025%20e%20Funcionamento%20da%20B3%20em%2005032025%20(Quarta-Feira%20de%20Cinzas)%20(EN).pdf"",""title"":""Fetched web page"",""excerpts"":[""**1\\.1.3.** **Exchange market (financial and commodity derivatives)**""]}],""confidence"":""medium""}",January 01: New Year’s Day; March 03: Carnival (optional); March 04: Carnival (optional); April 18: Good Friday; April 21: Tiradentes; May 01: Labor Day; June 19: Corpus Christi; July 09: Constitutionalist Revolution Day; November 20: Black Awareness Day; December 24: Christmas Eve; December 25: Christmas Day; December 31: Banks internal (no trading session). Calendar URLs: https://www.b3.com.br/data/files/C4/E2/A6/41/4FDF29106EEC8429AC094EA8/OC%20149-2024%20PRE%20Calendario%20de%20Feriados%20em%202025%20e%20Funcionamento%20da%20B3%20em%2005032025%20(Quarta-Feira%20de%20Cinzas)%20(EN).pdf; https://www.b3.com.br/pt_br/noticias/calendario-de-feriados-2025.htm; https://www.b3.com.br/en_us/solutions/platforms/puma-trading-system/for-members-and-traders/trading-calendar/holidays/,"{""field"":""holiday_calendar_check"",""reasoning"":""The provided answer includes a detailed 2025 holiday calendar for B3, listing dates and names of national, optional, São Paulo and U.S. holidays, and supplies official calendar URLs."",""citations"":[{""url"":""https://www.b3.com.br/data/files/C4/E2/A6/41/4FDF29106EEC8429AC094EA8/OC%20149-2024%20PRE%20Calendario%20de%20Feriados%20em%202025%20e%20Funcionamento%20da%20B3%20em%2005032025%20(Quarta-Feira%20de%20Cinzas)%20(EN).pdf"",""title"":""[PDF] CIRCULAR LETTER - B3"",""excerpts"":[""**Table A - National public holidays and optional holidays in 2025**\n**Months**\n**Days**\n**Description**\nJanuary\n01 (Wednesday)\nNew Year’s Day\nFebruary\n\\-\n\\-\nMarch\n03 (Monday)\nCarnival (optional)\n04 (Tuesday)\nApril\n18 (Friday)\nGood Friday\n21 (Monday)\nTiradentes\nMay\n\n01 (Thursday)\nLabor Day\nJune\n19 (Thursday)\nCorpus Christi\nJuly\n–\n–\nAugust\n–\n–\nSeptember\n\\-\n\\-\nOctober\n\\-\n\\-\nNovember\n20 (Friday)\nBlack Awareness Day\nDecember\n24 (Wednesday)\nChristmas Eve (banks not open to the public but working\ninternally with no trading session, but with non-centrally\ncleared OTC allocation registration at the B3 Clearinghouse\npost-trade)\n25 (Thursday)\nChristmas Day\n31 (Wednesday)\nBanks not open to the public but working internally (with no\ntrading session, but with non-centrally cleared OTC allocation\nregistration at the B3 Clearinghouse post-trade)""]},{""url"":""https://einvestidor.estadao.com.br/ultimas/b3-calendario-feriados-2025/"",""title"":""B3 divulga calendário de feriados de 2025; veja quando não terá ..."",""excerpts"":[""1o de janeiro – Confraternização Universal 3 de março – Carnaval 4 de março – Carnaval 18 de abril – Sexta-feira Santa 21 de abril – Tiradentes 1o de maio""]},{""url"":""https://blog.pagseguro.uol.com.br/calendario-da-b3/"",""title"":""Calendário B3 para 2025: confira as datas da bolsa de valores"",""excerpts"":[""Tabela de Feriados da B3 em 2025 ; Maio. 01 (quinta-feira), Dia do Trabalho ; Junho. 19 (quinta-feira). Corpus Christi ; Novembro, 20 (quinta-feira) ...""]},{""url"":""https://github.com/leogregianin/stock-exchange-holidays"",""title"":""Worldwide Stock Exchange holidays (NYSE, CME, B3, SSE, JPX)"",""excerpts"":[""NYSE & CME. New Year's Day; Martin Luther King Jr. Day; Presidents' Day · B3 (Brazil). New Year's Day; Carnival (Monday and Tuesday); Good Friday · SSE (China).""]},{""url"":""https://www.tradinghours.com/markets/bovespa"",""title"":""B3 Market Hours & Holidays 2025 - 2026 - TradingHours.com"",""excerpts"":[""Upcoming Market Holiday​​ B3 Bovespa is closed on Thursday, November 20, 2025 in observation of Black Awareness Day.""]},{""url"":""https://www.investing.com/holiday-calendar/"",""title"":""Stock Market Holiday Calendar - Investing.com"",""excerpts"":[""Oman - Islamic New Year (Hijri). Oman Stock Exchange. Thursday, November 20, 2025 ; Brazil - Black Awareness Day. B3 Stock Exchange. Friday, November 21, 2025.""]},{""url"":""https://www.b3.com.br/pt_br/noticias/calendario-de-feriados-2025.htm"",""title"":""Calendário de feriados 2025 - B3"",""excerpts"":[""No feriado de 9 de julho, dia da Revolução Constitucionalista, haverá funcionamento normal da B3."",""**Quarta-feira de Cinzas**""]},{""url"":""https://www.b3.com.br/en_us/solutions/platforms/puma-trading-system/for-members-and-traders/trading-calendar/trading-calendar/"",""title"":""Trading calendar | B3"",""excerpts"":[""Trading calendar; Trading calendar. Holidays · Trading calendar. Trading calendar. Holidays · Trading calendar · Equity Option & Index Option Trading Calendar.""]},{""url"":""https://www.b3.com.br/pt_br/solucoes/plataformas/puma-trading-system/para-participantes-e-traders/calendario-de-negociacao/feriados/"",""title"":""Calendário de negociação - B3"",""excerpts"":[""02, Finados, Português ; 11, Veterans day (feriado norte-americano), icon-eua.png ; 15, Proclamação da República, Português ; 25, Thanksgiving day (feriado norte- ...""]}],""confidence"":""low""}"
B3 (Brasil Bolsa Balcão),B3 (Brasil Bolsa Balcão) is Brazil's main derivatives exchange and is closed on Brazilian public holidays; limited product trading may occur on some holidays.,https://www.b3.com.br,"Revolução Constitucionalista: Equity, Fixed Income, Derivatives","{""field"":""PRODUCT_HOLIDAY_CHECK"",""reasoning"":""The source indicates that on the Revolução Constitucionalista holiday (July 9, 2025) B3 operates normally, implying that standard products such as equities, fixed income, and derivatives continue to trade. For other holidays, trading is suspended, so no products are listed."",""citations"":[{""url"":""https://www.b3.com.br/data/files/C4/E2/A6/41/4FDF29106EEC8429AC094EA8/OC%20149-2024%20PRE%20Calendario%20de%20Feriados%20em%202025%20e%20Funcionamento%20da%20B3%20em%2005032025%20(Quarta-Feira%20de%20Cinzas)%20(EN).pdf"",""title"":""Fetched web page"",""excerpts"":[""In relation to the public holidays listed in **Table B** , and ever since the 2022\ncalendar, **there will be (i)** trading in the equity, private fixed income, fixed-\nincome ETF and listed derivatives markets; **(ii)** contracting, securities lending\nmarket and clearing and settlement of transactions and collateral transfer at the\nB3 Clearinghouse; **(iii)** collateral transfer and contracting, clearing and\nsettlement of transactions at the B3 Foreign Exchange Clearinghouse; **(iv)**\n\ntransfer of assets at the B3 Central Depository for Equities; **(v)** OTC B3; **(vi)**\ntrading and settlement of Tesouro Direto government securities; and **(vii)** B3\nFinancing Infrastructur""]},{""url"":""https://www.b3.com.br/pt_br/noticias/calendario-de-feriados-2025.htm"",""title"":""Fetched web page"",""excerpts"":[""No feriado de 9 de julho, dia da Revolução Constitucionalista, haverá funcionamento normal da B3.""]}],""confidence"":""low""}",,"{""field"":""derivatives_exchange_check"",""reasoning"":""The provided answer states that B3 (Brasil Bolsa Balcão) is a derivatives exchange, confirming the entity matches the required type."",""citations"":[{""url"":""https://www.plus500.com/en-dk/newsandmarketinsights/stock-market-holidays-2025-all-you-need-to-know"",""title"":""Stock Market Holidays 2025: All You Need to Know"",""excerpts"":[""B3 Brazil Bolsa Balcao. Trading hours: 10:00 a.m. – 4:55 p.m. ET (Monday to Friday) ; Johannesburg Stock Exchange (JSE). Trading hours: 9:00 a.m. – 5:00 p.m. ...""]},{""url"":""https://www.b3.com.br/pt_br/noticias/calendario-de-feriados-2025.htm"",""title"":""Calendário de feriados 2025 - B3"",""excerpts"":[""2025.htm)\n**São Paulo, 4 de dezembro de 2024 -** A B3, a bolsa do Brasil, divulga o calendário de feriados em 2025 e as informações relativas às atividades de negociação, registro, liquidação, movimentação de garantias e depósito centralizado, em todos os segmentos da B3."",""Para os derivativos financeiros e de commodities, a sessão de negociação abrirá às 13h (com pré-abertura das 12h55 às 13h).""]},{""url"":""https://www.b3.com.br/data/files/C4/E2/A6/41/4FDF29106EEC8429AC094EA8/OC%20149-2024%20PRE%20Calendario%20de%20Feriados%20em%202025%20e%20Funcionamento%20da%20B3%20em%2005032025%20(Quarta-Feira%20de%20Cinzas)%20(EN).pdf"",""title"":""Fetched web page"",""excerpts"":[""**Exchange market (financial and commodity derivatives)**""]}],""confidence"":""medium""}","July 9, 2025: Revolução Constitucionalista; December 24, 2025: Christmas Eve; December 31, 2025: New Year's Eve","{""field"":""holiday_calendar_check"",""reasoning"":""The answer includes specific holiday dates for 2025 (July 9 – Revolução Constitucionalista, December 24 – Christmas Eve, December 31 – New Year's Eve) and provides URLs where the full calendar can be accessed."",""citations"":[{""url"":""https://www.b3.com.br/data/files/C4/E2/A6/41/4FDF29106EEC8429AC094EA8/OC%20149-2024%20PRE%20Calendario%20de%20Feriados%20em%202025%20e%20Funcionamento%20da%20B3%20em%2005032025%20(Quarta-Feira%20de%20Cinzas)%20(EN).pdf"",""title"":""Fetched web page"",""excerpts"":[""July\n09 (Wednesday)\nConstitutionalist Revolution Day"",""24 (Wednesday)\nChristmas Eve (banks not open to the public but working\ninternally with no trading session, but with non-centrally\ncleared OTC allocation registration at the B3 Clearinghouse\npost-trade)"",""31 (Wednesday)\nBanks not open to the public but working internally (with no\ntrading session, but with non-centrally cleared OTC allocation\nregistration at the B3 Clearinghouse post-trade)""]},{""url"":""https://www.b3.com.br/pt_br/noticias/calendario-de-feriados-2025.htm"",""title"":""Fetched web page"",""excerpts"":[""| 24 de dezembro |  | Véspera de Natal |"",""| 31 de dezembro |  | Confraternização Universal |"",""| 1 de janeiro |  | Confraternização Universal |"",""| 3 de março |  | Carnaval |"",""| 4 de março |  | Carnaval |"",""| 18 de abril |  | Sexta-feira Santa |"",""| 21 de abril |  | Tiradentes |"",""| 1 de maio |  | Dia do Trabalho |"",""| 19 de junho |  | Corpus Christi |"",""| 20 de novembro |  | Dia Nacional de Zumbi e Consciência Negra |"",""| 25 de dezembro |  | Natal |""]}],""confidence"":""low""}"
Euronext Amsterdam,"Euronext Amsterdam is the Dutch market of Euronext, providing cash and derivatives trading across multiple asset classes.",https://www.euronext.com/en/trading/trading-hours-holidays,no product specific settings,"{""field"":""PRODUCT_HOLIDAY_CHECK"",""reasoning"":""The holiday page lists holidays but does not mention any products that continue trading on those holidays."",""citations"":[],""confidence"":""high""}",,"{""field"":""derivatives_exchange_check"",""reasoning"":""Euronext Amsterdam is part of Euronext, which operates both cash and derivatives markets as indicated on the trading hours page."",""citations"":[{""url"":""https://www.euronext.com/en/trading/trading-hours-holidays"",""title"":""Euronext Trading Hours & Holidays"",""excerpts"":[""Euronext Cash Markets and the Euronext Derivatives Markets will be open Monday to Friday throughout 2026 except on the following days:""]}],""confidence"":""high""}",New Year's Day: 2026-01-01; Substitute New Year's Day: 2026-01-02; Monday 5 Jan 2026 & Tuesday 6 Jan 2026 (full trading days); Wednesday 1 Apr 2026 (half trading day); Thursday 2 Apr 2026 (Maundy Thursday); Calendar URL: https://connect2.euronext.com/sites/default/files/2025-11/IF251107CADE%202026%20Holiday%20Calendar%20for%20Euronexts%20Cash%20and%20Derivatives%20markets_1.pdf?VersionId=3ehe2.c9cMxv1K36.i6o4tz.5CAJmuw2,"{""field"":""holiday_calendar_check"",""reasoning"":""The Euronext page provides a table of 2026 holidays for Amsterdam and a downloadable PDF with the full calendar."",""citations"":[{""url"":""https://www.euronext.com/en/trading/trading-hours-holidays"",""title"":""Euronext Trading Hours & Holidays"",""excerpts"":[""|**Euronext Holidays** |**Amsterdam** |"",""|Thursday 1 January 2026 (New Year’s Day) |Closed |"",""|Friday 2 January 2026\n\n(Substitute for New Year's Day) |Full Trading Day "",""|Monday 5 and Tuesday 6 January 2026 |Full Trading Day |"",""|Wednesday 1 April  (Half trading day, Wednesday before Easter) |Full Trading Day |"",""|Thursday 2 April 2026 (Maundy Thursday) |Full Trading Day |""]}],""confidence"":""high""}"
Cboe Futures Exchange (CFE),Cboe Futures Exchange (CFE) is the derivatives exchange of Cboe Global Markets. Its 2025 futures holiday schedule lists all observed holidays with dates and indicates regular and extended trading hours for each day.,https://www.cboe.com/about/hours/us-futures/,no product specific settings,"{""field"":""PRODUCT_HOLIDAY_CHECK"",""reasoning"":""The holiday schedule tables list regular and extended trading hours but do not specify particular product names that continue trading on holidays. No product‑specific information is given."",""citations"":[{""url"":""https://www.cboe.com/about/hours/us-futures/"",""title"":""CFE Trading Hours & Holidays - Cboe Global Markets"",""excerpts"":[""# 2025 Futures Holiday Schedule"",""\n\n|Holiday |Date |Regular Trading Hours |Extended Trading Hours |""]}],""confidence"":""high""}",,"{""field"":""derivatives_exchange_check"",""reasoning"":""The CFE (Cboe Futures Exchange) is identified as the futures division of Cboe Global Markets and is explicitly listed under \""CFE Trading Hours & Holidays\"" which confirms it is a derivatives exchange."",""citations"":[{""url"":""https://www.cboe.com/about/hours/us-futures/"",""title"":""CFE Trading Hours & Holidays - Cboe Global Markets"",""excerpts"":[""# 2025 Futures Holiday Schedule""]}],""confidence"":""high""}","New Year's Day: 2025-01-01; Martin Luther King, Jr. Day: 2025-01-20; Presidents' Day: 2025-02-17; Good Friday: 2025-04-18; Memorial Day: 2025-05-26; Juneteenth Holiday: 2025-06-19; Independence Day Early Close: 2025-07-03; Independence Day: 2025-07-04; Labor Day: 2025-09-01; Thanksgiving Day: 2025-11-27; Thanksgiving Early Close: 2025-11-28; Christmas Early Close: 2025-12-24; Christmas Day: 2025-12-25; Calendar URL: https://www.cboe.com/about/hours/us-futures/","{""field"":""holiday_calendar_check"",""reasoning"":""The page contains a complete 2025 futures holiday calendar with dates and trading hour details. The URL of the calendar is also included."",""citations"":[{""url"":""https://www.cboe.com/about/hours/us-futures/"",""title"":""CFE Trading Hours & Holidays - Cboe Global Markets"",""excerpts"":[""# 2025 Futures Holiday Schedule"",""\n\n|Holiday |Date |Regular Trading Hours |Extended Trading Hours |"",""\n|New Year's Day |January 1"",""\n|Martin Luther King, Jr. Day |January 20"",""\n|Presidents' Day |February 17"",""\n|Memorial Day |May 26"",""\n|Juneteenth Holiday |June 19"",""\n|Independence Day Early Close |July 3"",""\n|Independence Day |July 4"",""\n|Labor Day |September 1"",""\n|Thanksgiving Day |November 27"",""\n|Thanksgiving Early Close |November 28"",""\n|Christmas Early Close |December 24"",""\n|Christmas Day |December 25""]}],""confidence"":""high""}"
Chicago Mercantile Exchange (CME),Chicago Mercantile Exchange (CME) is a leading global derivatives exchange that provides futures and options across many asset classes. It maintains a detailed holiday calendar with dates and early‑close information for each holiday.,https://www.cmegroup.com/trading-hours.html,no product specific settings,"{""field"":""PRODUCT_HOLIDAY_CHECK"",""reasoning"":""The CME holiday page lists closure dates and early‑close times but does not specify any products that continue to trade on those holidays. Therefore, no product‑specific settings are provided."",""citations"":[],""confidence"":""high""}",,"{""field"":""derivatives_exchange_check"",""reasoning"":""Chicago Mercantile Exchange (CME) is a globally recognized derivatives exchange that offers futures and options across multiple asset classes. The CME Group website provides trading hours and holiday schedules, confirming its role as a derivatives exchange."",""citations"":[],""confidence"":""high""}",New Year's Day: 2026-01-01; Martin Luther King Jr. Day: 2026-01-19; Presidents Day: 2026-02-16; Good Friday: 2026-04-03; Memorial Day: 2026-05-25; Juneteenth National Independence Day: 2026-06-19; Independence Day: 2026-07-03; Labor Day: 2026-09-07; Thanksgiving Day: 2026-11-26; Christmas Day: 2026-12-25; Calendar URL: https://www.cmegroup.com/trading-hours.html,"{""field"":""holiday_calendar_check"",""reasoning"":""The CME holiday page provides a detailed list of holidays with dates for the 2026 calendar (applicable for the current year context). This satisfies the requirement to compile holidays and provide the calendar URL."",""citations"":[{""url"":""https://www.cmegroup.com/trading-hours.html"",""title"":""CME Group Holiday and Trading Hours"",""excerpts"":[""New Year’s Day  \nThursday, Jan 1, 202"",""Dr. Martin Luther King Jr. Day  \nMonday, Jan 1"",""Presidents Day  \nMonday, Feb 1"",""Good Friday  \nFriday, April "",""Memorial Day  \nMonday, May 2"",""Juneteenth National Independence Day  \nFriday, June 1"",""Independence Day  \nFriday, July "",""Labor Day  \nMonday, Sept "",""Thanksgiving Day  \nThursday, Nov 2"",""Christmas Day  \nFriday, Dec 2""]}],""confidence"":""high""}"
Intercontinental Exchange (ICE),"Intercontinental Exchange (ICE) is a worldwide operator of futures, options and other derivatives markets. It maintains holiday calendars for each of its exchanges and publishes detailed PDFs of trading‑hour schedules for 2025.",https://www.ice.com/,no product specific settings,"{""field"":""PRODUCT_HOLIDAY_CHECK"",""reasoning"":""The ICE holiday pages and PDFs describe holiday closures but do not list any specific products that remain open on holidays. Therefore no product‑specific settings are provided."",""citations"":[{""url"":""https://www.ice.com/publicdocs/futures/IFUS_Trading_Hours_Holiday_Calendar.pdf"",""title"":""[PDF] ICE Futures U.S. 2025 Trading Holiday Calendar"",""excerpts"":[""\nclosed\n\nclosed\n\nclosed"",""closed\n\nclosed\n\nGood""]}],""confidence"":""high""}",,"{""field"":""derivatives_exchange_check"",""reasoning"":""Intercontinental Exchange (ICE) operates multiple futures and options markets, which are derivatives exchanges. The ICE holiday page lists trading hours for ICE Futures U.S., ICE Futures Europe, and other clearing houses, confirming its role as a derivatives exchange."",""citations"":[{""url"":""https://www.ice.com/holiday-hours"",""title"":""Holiday Hours - ICE"",""excerpts"":[""The tables below provide a list of holiday trading hours across all ICE markets, administrators and clearing houses.""]}],""confidence"":""high""}","New Year's Day: 2025-01-01, Martin Luther King Day: 2025-01-20, Presidents Day/Louis Riel Day: 2025-02-17, Good Friday: 2025-04-18, Victoria Day: 2025-05-19, Memorial Day: 2025-05-26, Juneteenth: 2025-06-19, Canada Day: 2025-07-01, Independence Day: 2025-07-04, Terry Fox Day: 2025-08-04, Labor Day: 2025-09-01, National Day for Truth and Reconciliation: 2025-09-30, Columbus/Thanksgiving Day: 2025-10-13, Veterans/Remembrance Day: 2025-11-11, Thanksgiving Day: 2025-11-27, Christmas Day: 2025-12-25, Boxing Day: 2025-12-26; Calendar URL: https://www.ice.com/publicdocs/futures/IFUS_Trading_Hours_Holiday_Calendar.pdf","{""field"":""holiday_calendar_check"",""reasoning"":""The ICE 2025 Holiday Calendar PDF lists each holiday with its date and the open/closed status for ICE Futures U.S. contracts. This provides the required list of holidays and a URL to the full calendar."",""citations"":[{""url"":""https://www.ice.com/publicdocs/futures/IFUS_Trading_Hours_Holiday_Calendar.pdf"",""title"":""[PDF] ICE Futures U.S. 2025 Trading Holiday Calendar"",""excerpts"":[""\n\nWednesday, Jan 1\n\nclosed\n\nclosed\n\nclosed"",""\n\nMartin Luther King Day\n\nMonday, Jan 20\n\nopen"",""\n\nclosed\n\nclosed\n\nGood Friday\n\nFriday"",""\n\nopen\n\nMemorial Day\n\nMonday, May 26"",""\nJuneteenth\n\nThursday, June 19\n\nopen"",""\nopen\n\nIndependence Day\n\nFriday, July 4"","")\n\nMonday, Sep 1\n\nclosed\n\nclosed\n\n"","", Sep 1\n\nclosed\n\nclosed\n\nNational Day for Truth and\n\nReconciliation "",""\n\nopen\n\nThanksgiving Day\n\nThursday, Nov 27"",""\n\nclosed\n\nChristmas Day\n\nThursday, Dec 25"",""\n\nBoxing Day\n\nFriday, Dec 26\n\nopen""]}],""confidence"":""high""}"
Eurex,Eurex is a major European derivatives exchange (Frankfurt) that provides futures and options across multiple asset classes and publishes a detailed holiday calendar for its derivatives market.,https://www.eurex.com/ex-en/trade/trading-calendar/holiday-regulations,no product specific settings,"{""field"":""PRODUCT_HOLIDAY_CHECK"",""reasoning"":""The holiday regulations page lists closures for each holiday but does not mention any products that continue to trade on those holidays."",""citations"":[{""url"":""https://www.eurex.com/ex-en/trade/trading-calendar/holiday-regulations"",""title"":""Holiday regulations"",""excerpts"":[""Eurex is closed for trading and clearing (exercise, settlement and cash) in all derivatives.""]}],""confidence"":""high""}",,"{""field"":""derivatives_exchange_check"",""reasoning"":""The source describes Eurex as a venue where \""Eurex is closed for trading and clearing (exercise, settlement and cash) in all derivatives,\"" indicating that Eurex operates a derivatives market and therefore is a derivatives exchange."",""citations"":[{""url"":""https://www.eurex.com/ex-en/trade/trading-calendar/holiday-regulations"",""title"":""Holiday regulations"",""excerpts"":[""Eurex is closed for trading and clearing (exercise, settlement and cash) in all derivatives.""]}],""confidence"":""high""}",New Year's Day: 2025-01-01; Good Friday: 2025-04-18; Easter Monday: 2025-04-21; Labour Day: 2025-05-01; Christmas Eve*: 2025-12-24; Christmas Day: 2025-12-25; Boxing Day: 2025-12-26; New Year's Eve*: 2025-12-31; Calendar URL: https://www.eurex.com/ex-en/trade/trading-calendar/holiday-regulations,"{""field"":""holiday_calendar_check"",""reasoning"":""The page lists the 2025 holidays with dates and notes that Eurex is closed for trading on each of them. The URL of the calendar is included as the source."",""citations"":[{""url"":""https://www.eurex.com/ex-en/trade/trading-calendar/holiday-regulations"",""title"":""Holiday regulations"",""excerpts"":[""01 January** |Eurex is closed for trading and clearing (exercise, settlement and cash) in all derivatives""]}],""confidence"":""high""}"
ICE Holiday Hours,"ICE Holiday Hours provides holiday trading schedules for ICE Futures and Options markets worldwide, includes links to calendar PDFs and indicates which product classes trade on holidays.",https://www.ice.com/holiday-hours,no product specific settings,"{""field"":""PRODUCT_HOLIDAY_CHECK"",""reasoning"":""The ICE holiday page mentions product categories but does not specify which individual products continue to trade on each holiday, so no product‑specific settings are provided."",""citations"":[],""confidence"":""high""}",,"{""field"":""derivatives_exchange_check"",""reasoning"":""ICE operates multiple futures and options markets (e.g., ICE Futures U.S., ICE Futures Europe) and provides a dedicated holiday hours page for these markets, indicating it is a derivatives exchange."",""citations"":[{""url"":""https://www.ice.com/holiday-hours"",""title"":""Holiday Hours - ICE"",""excerpts"":[""The tables below provide a list of holiday trading hours across all ICE markets, administrators and clearing houses.""]}],""confidence"":""high""}",https://www.ice.com/publicdocs/futures/IFUS_Trading_Hours_Holiday_Calendar.pdf,"{""field"":""holiday_calendar_check"",""reasoning"":""The ICE page links to downloadable PDFs that contain the full holiday calendars for each ICE market, providing the required calendar URLs."",""citations"":[{""url"":""https://www.ice.com/holiday-hours"",""title"":""Holiday Hours - ICE"",""excerpts"":[""[Trading Hours Holiday Calendar](/publicdocs/futures/IFUS_Trading_Hours_Holiday_Calendar.pdf)"",""The tables below provide a list of holiday trading hours across all ICE markets""]}],""confidence"":""high""}"
CME Group,"CME Group is a major global derivatives exchange offering futures and options trading across energy, agriculture, equity, and interest‑rate markets.",https://www.cmegroup.com,no product specific settings,"{""field"":""PRODUCT_HOLIDAY_CHECK"",""reasoning"":""The CME holiday pages provide trading hour tables but do not list specific products that continue to trade on holidays; they only allow filtering by product. No explicit product‑holiday list is found."",""citations"":[{""url"":""https://www.cmegroup.com/trading-hours.html"",""title"":""CME Group Holiday and Trading Hours"",""excerpts"":[""You can then filter for the various products that you need to view.""]}],""confidence"":""medium""}",,"{""field"":""derivatives_exchange_check"",""reasoning"":""CME Group operates CME Globex, ClearPort, and other platforms that provide futures and options trading, which are core derivatives products, confirming it is a derivatives exchange."",""citations"":[{""url"":""https://www.cmegroup.com/trading-hours.html"",""title"":""CME Group Holiday and Trading Hours"",""excerpts"":[""View details about the availability of products for trading or clearing on the based platform being used: CME Globex, ClearPort, BrokerTec, and EBS.""]}],""confidence"":""high""}",New Year's Day: 2025-01-01; (additional holidays listed in CME calendar PDF) URL: https://www.cmegroup.com/tools-information/holiday-calendar/files/2025-new-years-advisory.pdf,"{""field"":""holiday_calendar_check"",""reasoning"":""CME Group publishes holiday calendars (e.g., PDF for New Year's Day) and a web page that lists holiday dates. The available data includes at least New Year's Day 2025; other holidays are accessible via the same calendar resource."",""citations"":[{""url"":""https://www.cmegroup.com/tools-information/holiday-calendar/files/2025-new-years-advisory.pdf"",""title"":""CME Group Holiday Calendar CME Group Trading Hours"",""excerpts"":[""Please reference the holiday processing schedule below for Wednesday, January 1st in observance of New Year's Day. Trading: GLOBEX, Clearport and Trading Floor.""]}],""confidence"":""medium""}"
ICE Futures Singapore,ICE Futures Singapore is a global derivatives exchange that lists its holiday schedule on ICE's market‑holidays page; the calendar shows full market closures and notes that certain products may still trade on selected holidays.,https://www.ice.com/market-holidays,no product specific settings,"{""field"":""PRODUCT_HOLIDAY_CHECK"",""reasoning"":""The trading schedule and the New Year’s Day 2026 circular list contracts that are closed or have early close on the holidays, and do not mention any products that continue trading on those holidays, therefore there are no product‑specific settings."",""citations"":[{""url"":""https://www.ice.com/publicdocs/futures_singapore/circulars/25-026_-_2026_New_Year_Day_Holiday.pdf"",""title"":""[PDF] ICE Futures Singapore 14 November 2025"",""excerpts"":[""**Mini Brent Crude Futures and Mini WTI Crude Futures**\n**DATE**\n**TRADING HOURS**\n**SETTLEMENT WINDOW**\nWednesday, December 31\n**Early Close - 4:00 AM\\***\nRegular Times\n**Thursday, January 1**\n\n**Closed**\n**None**""]},{""url"":""https://www.ice.com/publicdocs/futures/IFSG_Trading_Schedule.pdf"",""title"":""Fetched web page"",""excerpts"":[""2025 and 2026 Trading Schedule - As of 11 June 2025\n**2025 Trading Schedule**\n**Year 2025**\n**Occasion**\n**Status**\nWednesday, 1 January 2025\nNew Year’s Day\nClosed\nFriday, 18 April 2025\nGood Friday\nClosed\nThursday, 25 December 2025\nChristmas Day\nClosed\n**2026 Trading Schedule**\n**Year 2026**\n**Occasion**\n**Status**\nThursday, 1 January 2026\nNew Year’s Day\nClosed\nFriday, 3 April 2026\nGood Friday\nClosed\nFriday, 25 De""]}],""confidence"":""high""}",,"{""field"":""derivatives_exchange_check"",""reasoning"":""ICE Futures Singapore is a regulated futures and options exchange as identified in ICE public documents and the trading schedule, confirming it is a derivatives exchange."",""citations"":[{""url"":""https://www.ice.com/index"",""title"":""ICE"",""excerpts"":[""Market Reports · Expiry Calendar · Fees · Margins · Hours · Repository & Confirmation Services · Evaluated Pricing Data · ICE Reference Data · Listed Market ... Resources & Tools. Product Specs · Reports · Hours · Holiday Hours · Expiry Calendar ... Trading Resources. Data Catalog. Support. Featured. Product Guide.""]},{""url"":""https://www.ice.com/publicdocs/futures/IFSG_Trading_Schedule.pdf"",""title"":""2025 and 2026 Trading Schedule - As of 11 June 2025"",""excerpts"":[""**ICE Futures Singapore Pte Ltd (Company Reg. No: 200617072D)**""]},{""url"":""https://www.ice.com/holiday-hours"",""title"":""Holiday Hours - ICE"",""excerpts"":[""|[ICE Futures Singapore](/futures-singapore) |[ICE Futures\nSingapore Trading Schedule](/publicdocs/futures/IFSG_Trading_Schedule.pdf) |Energy, metals, FX |""]},{""url"":""https://www.ice.com/publicdocs/futures_singapore/circulars/25-026_-_2026_New_Year_Day_Holiday.pdf"",""title"":""[PDF] ICE Futures Singapore 14 November 2025"",""excerpts"":[""ICE Futures Singapore Pte Ltd (Company Reg. No: 200617072D)""]}],""confidence"":""medium""}","New Year's Day: 2025-01-01; Good Friday: 2025-04-18; Christmas Day: 2025-12-25; New Year's Day: 2026-01-01; Good Friday: 2026-04-03; Christmas Day: 2026-12-25. Calendar URLs: https://www.ice.com/publicdocs/futures/IFSG_Trading_Schedule.pdf, https://www.ice.com/futures-singapore/circulars, https://www.ice.com/publicdocs/futures_singapore/circulars/25-026_-_2026_New_Year_Day_Holiday.pdf, https://www.ice.com/holiday-hours, https://www.ice.com/market-holidays","{""field"":""holiday_calendar_check"",""reasoning"":""The ICE Futures Singapore Trading Schedule PDF lists the holidays for 2025 and 2026 with dates and status closed, and the schedule is linked from ICE Holiday Hours and Market Holidays pages, providing a complete holiday calendar."",""citations"":[{""url"":""https://www.ice.com/index"",""title"":""ICE"",""excerpts"":[""Market Reports · Expiry Calendar · Fees · Margins · Hours · Repository & Confirmation Services · Evaluated Pricing Data · ICE Reference Data · Listed Market ... Resources & Tools. Product Specs · Reports · Hours · Holiday Hours · Expiry Calendar ... Trading Resources. Data Catalog. Support. Featured. Product Guide.""]},{""url"":""https://www.ice.com/publicdocs/futures/IFSG_Trading_Schedule.pdf"",""title"":""2025 and 2026 Trading Schedule - As of 11 June 2025"",""excerpts"":[""Wednesday, 1 January 2025\n\nNew Year’s Day\n\nClos"",""Friday, 18 April 2025\n\nGood Friday\n\nClos"",""Thursday, 25 December 2025\n\nChristmas Day\n\nClos"",""Thursday, 1 January 2026\n\nNew Year’s Day\n\nClos"",""April 2026\n\nGood Friday\n\nClosed\n\nFriday"",""Friday, 25 December 2026\n\nChristmas Day\n\nClos"",""2025 and 2026 Trading Schedule - As of 11 June 2025\n**2025 Trading Schedule**\n**Year 2025**\n**Occasion**\n**Status**\nWednesday, 1 January 2025\nNew Year’s Day\nClosed\nFriday, 18 April 2025\nGood Friday\nClosed\nThursday, 25 December 2025\nChristmas Day\nClosed\n**2026 Trading Schedule**\n**Year 2026**\n**Occasion**\n**Status**\nThursday, 1 January 2026\nNew Year’s Day\nClosed\nFriday, 3 April 2026\nGood Friday\nClosed\nFriday, 25 De""]},{""url"":""https://www.ice.com/holiday-hours"",""title"":""Holiday Hours - ICE"",""excerpts"":[""|[ICE Futures Singapore](/futures-singapore) |[ICE Futures\nSingapore Trading Schedule](/publicdocs/futures/IFSG_Trading_Schedule.pdf) |Energy, metals, FX |""]},{""url"":""https://www.ice.com/publicdocs/futures_singapore/circulars/25-026_-_2026_New_Year_Day_Holiday.pdf"",""title"":""[PDF] ICE Futures Singapore 14 November 2025"",""excerpts"":[""**ICE FUTURES SINGAPORE TRADING SCHEDULE FOR 2026** **NEW YEAR’S DAY**"",""This is to inform market participants that due to the New Year’s Day Holiday on 1 January 2026, Thursday,\nthere will be changes in the regular trading hours and designated settlement periods for the following\ncontracts.""]}],""confidence"":""medium""}"
ICE Clear Europe,"ICE Clear Europe is the clearing house for the Intercontinental Exchange’s derivatives exchanges, providing clearing, settlement, and risk management for ICE futures, options, and other derivatives.",https://www.ice.com/clear-europe,no product specific settings,"{""field"":""PRODUCT_HOLIDAY_CHECK"",""reasoning"":""The circular states that on the listed non‑business days the clearing house will be closed and no clearing processes will be performed, indicating that no products continue to trade on those holidays."",""citations"":[{""url"":""https://www.ice.com/holiday-hours"",""title"":""Fetched web page"",""excerpts"":[""|[ICE Clear Europe](/clear-europe) |Go to [circulars](/clear-europe/circulars) to see holiday\nhours for ICE Clear Europe |Energy, interest rates, agriculture, equity derivatives, bonds |""]},{""url"":""https://www.ice.com/publicdocs/clear_europe/circulars/C24091.pdf"",""title"":""[PDF] Circular C24/091 ICE Clear Europe: Operating Calendar 2025"",""excerpts"":[""•\n\nWednesday 01 January 2025"",""•\n\nFriday 18 April 2025"",""•\n\nThursday 25 December 2025"",""On such non-Business Days, the Clearing House will be closed. As a result, no Clearing processes will be performed\nand no intra-day (“ITD”) or end of day (“EOD”) Clearing Member reports or data files will be generated or published for\nthese non-Business Days.""]}],""confidence"":""medium""}",,"{""field"":""derivatives_exchange_check"",""reasoning"":""ICE Clear Europe is described as a clearing house that provides central counterparty clearing services for various derivative asset classes, not as a derivatives exchange itself, therefore it does not match the definition of a derivatives exchange."",""citations"":[{""url"":""https://www.ice.com/clear-europe"",""title"":""Fetched web page"",""excerpts"":[""Equity Derivatives Equity derivatives cleared through ICE Clear Europe include MSCI, FTSE and Russell index futures, as well as a comprehensive range of single stock futures, and single stock options""]},{""url"":""https://www.ice.com/holiday-hours"",""title"":""Fetched web page"",""excerpts"":[""| Clearing House | Hours | Products |\n| [ICE Clear Europe](/clear-europe) | Go to [circulars](/clear-europe/circulars) to see holiday |\nhours for ICE Clear Europe | Energy, interest rates, agriculture, equity derivatives, bonds |\n"",""Holiday hours for ICE's clearing houses are published in the Notices/Circulars/Regulation section of each individual clearing house. |Clearing House |Hours |Products |""]},{""url"":""https://www.ice.com/publicdocs/clear_europe/circulars/C24091.pdf"",""title"":""Fetched web page"",""excerpts"":[""ICE Clear Europe Ltd is a recognised clearing house under the Financial Services and Markets Act 2000 and is supervised by the Bank of England.""]}],""confidence"":""medium""}",New Year's Day: 2025-01-01; Good Friday: 2025-04-18; Christmas Day: 2025-12-25; Calendar URL: https://www.ice.com/publicdocs/clear_europe/circulars/C24091.pdf,"{""field"":""holiday_calendar_check"",""reasoning"":""The 2025 operating calendar in Circular C24/091 lists the non‑business days for ICE Clear Europe (New Year's Day, Good Friday, and Christmas Day) and provides the URL to the full calendar, so the holiday calendar can be supplied."",""citations"":[{""url"":""https://www.ice.com/publicdocs/ICE_Endex_Trading_Schedule.pdf"",""title"":""[PDF] ICE Endex Trading Schedule"",""excerpts"":[""Date. Occasion. Status. Additional Information. 2025. Wednesday 01 January 2025. New Year's Day. Closed. Friday 18 April 2025. Good Friday.""]},{""url"":""https://www.ice.com/publicdocs/swap_trade/notices/ICE_Swap_Trade_2025_Schedule.pdf"",""title"":""[PDF] 2025 Trading and Holiday Schedule - ICE"",""excerpts"":[""U.K. Spring Bank Holiday. May 26, 2025. Christmas. December 25, 2025. New Year's. January 1, 2026. With respect to the following holidays, the ...""]},{""url"":""https://edgeclear.com/exchange-holiday-hours/"",""title"":""2025 Exchange holiday calendar - EdgeClear"",""excerpts"":[""ICE Clear Europe. Go to circulars to see holiday hours for ICE Clear Europe. Energy, interest rates, agriculture, equity derivatives, bonds. ICE Clear ...""]},{""url"":""https://www.ice.com/holiday-hours"",""title"":""Fetched web page"",""excerpts"":[""[Christmas and New Year Trading Hours 2025](/publicdocs/futures/IFEu_Christmas_New_Year_Trading_Hours_2025.pdf) |Energy, emissions, agriculture, interest rates, government bonds, equity index and single stock futures and options |"",""Holiday hours for ICE's clearing houses are published in the Notices/Circulars/Regulation section of each individual clearing house. |Clearing House |Hours |Products |"",""|[ICE Clear Europe](/clear-europe) |Go to [circulars](/clear-europe/circulars) to see holiday\nhours for ICE Clear Europe |Energy, interest rates, agriculture, equity derivatives, bonds |""]},{""url"":""https://www.ice.com/publicdocs/clear_europe/circulars/C24091.pdf"",""title"":""[PDF] Circular C24/091 ICE Clear Europe: Operating Calendar 2025"",""excerpts"":[""**Circular C24/091**"",""the following dates will not be Business Days for ICE Clear Europe\n(the “Clearing House”):\nWednesday 01 January 2025\nFriday 18 April 2025\nThursday 25 December 2025\n"",""•\n\nWednesday 01 January 2025"",""•\n\nFriday 18 April 2025"",""•\n\nThursday 25 December 2025"",""The Clearing House has published Currency Holidays for 2025, which can be found **here** .""]}],""confidence"":""high""}"
Johannesburg Stock Exchange (JSE) Derivatives,The Johannesburg Stock Exchange (JSE) offers a derivatives market and publishes official holiday calendars and trading hour schedules for its products. The calendars are available as PDFs for 2025 and 2026 through the JSE client portal and are also listed on the CME Group partnership page.,https://www.cmegroup.com/international/partnership-resources/jse-resources.html,no product specific settings,"{""field"":""PRODUCT_HOLIDAY_CHECK"",""reasoning"":""The answer indicates that no specific products are mentioned as continuing to trade on any holidays, therefore the appropriate value is the placeholder indicating no product‑specific settings."",""citations"":[{""url"":""https://clientportal.jse.co.za/Content/JSE%20Trading%20Dates%20and%20Calendars%20Items/JSE%20Market%20Notice%2030524%20All%20Markets%20-%20JSE%20Markets%20Calendar%202025.pdf"",""title"":""Fetched web page"",""excerpts"":[""Public\nHolidays\nBond\nFutures\nand Index\nFutures\nClose Out\nCurrency &\nInternational\n(IDX)\nDerivatives;\nCommodity\nMetals &\nEnergy Close\nOut\nCommodity\nDerivatives\nCash\nSettled\nGrain\nContracts\nLast\nTrading\nDay\nEquity\nDerivatives\nQuarterly Close\nOut\nCommodity\nDerivatives\nQuanto Last\n\nTrading Day\nBDA Month End\nCommodity\nDerivatives\nDiesel Last\nTrading\nDay\nEquity\nDerivatives\nMonthly\nClose Out\nCommodity\nDerivatives\nPhysical\nGrain\nContracts\nLast Trading\nDay"",""Public\nHolidays""]},{""url"":""https://www.calendarlabs.com/jse-market-holidays-2024/"",""title"":""List of Trading Holidays of JSE Market in 2024"",""excerpts"":[""Upcoming Trading Holidays in JSE Market ; Reconciliation Day. Tuesday Dec 16, 2025. The upcoming South Africa holiday Reconciliation Day is in 37 days from today ... List of Trading Holidays of JSE Market in 2024 ; FridayFri, Mar 29, 2024Mar 29, Good Friday, Full Day Off ; MondayMon, Apr 01, 2024Apr 01, Family Day, Full Day ...""]},{""url"":""https://group.jse.co.za/media/document/jse-market-calendar/public-holidays"",""title"":""Public Holidays | JSE Investor Relations - JSE Group"",""excerpts"":[""... jse.co.za. Related Websites. JSE Market Calendar 2024 Public Holidays.ics2.81 KB. Home. Quick links. Group Overview · Careers · Investor Relations · News ... Related Websites. JSE Market Calendar 2024 Public Holidays.ics2.81 KB. Home. Quick links. Group Overview · Careers · Investor Relations · News · Governance ...""]},{""url"":""https://www.jse.co.za/media/document/calender/south-african-public-holidays"",""title"":""South African Public Holidays | Johannesburg Stock Exchange"",""excerpts"":[""South African Public Holidays. South African Public Holidays .ics3.69 KB. JSE - Johannesburg Stock Exchange. Footer Top. About JSE.""]},{""url"":""https://clientportal.jse.co.za/Content/JSE%20Trading%20Dates%20and%20Calendars%20Items/JSE%20Market%20Notice%2006124%20All%20Markets%20-%20JSE%20Markets%20Calendar%202024%20-%20Updated.pdf"",""title"":""Fetched web page"",""excerpts"":[""Public\nHolidays""]},{""url"":""https://clientportal.jse.co.za/Content/JSE%20Trading%20Dates%20and%20Calendars%20Items/JSE%20Market%20Notice%2038025%20All%20Markets%20-%20JSE%20Markets%20Calendar%202026.pdf"",""title"":""Fetched web page"",""excerpts"":[""Public\nHolidays""]}],""confidence"":""medium""}",,"{""field"":""derivatives_exchange_check"",""reasoning"":""The provided answer states that the Johannesburg Stock Exchange (JSE) is a derivatives exchange, which directly satisfies the condition for a derivatives exchange entity."",""citations"":[{""url"":""https://www.cmegroup.com/international/partnership-resources/jse-resources.html"",""title"":""Fetched web page"",""excerpts"":[""The agreement enables the JSE to offer rand-denominated futures and options contracts on agricultural, metals, and energy products that settle to CME Group’s international benchmark settlement prices."",""Products and services at the JSE include:\nFutures and options on futures for agricultural products, equities and equity indices, metals, foreign exchange and interest rate instruments""]},{""url"":""https://clientportal.jse.co.za/reports/trading-calendars"",""title"":""Trading Calendars - JSE Client Portal"",""excerpts"":[""## Commodity Derivatives"",""## Equity Derivatives"",""## Currency Derivatives"",""## Bond Derivatives""]},{""url"":""https://www.tradinghours.com/markets/jse"",""title"":""JSE Market Hours & Holidays 2025 - 2026"",""excerpts"":[""* [**ZFXM** ( _JSE CURRENCY DERIVATIVES MARKET_ )](/mic/s/zfxm)"",""* [**XSAF** ( _JSE EQUITY DERIVATIVES MARKET_ )](/mic/s/xsaf)"",""* [**XSFA** ( _JSE COMMODITY DERIVATIVES MARKET_ )](/mic/s/xsfa)"",""* [**YLDX** ( _JSE INTEREST RATE DERIVATIVES MARKET_ )](/mic/s/yldx)""]},{""url"":""https://clientportal.jse.co.za/Content/JSE%20Trading%20Dates%20and%20Calendars%20Items/JSE%20Market%20Notice%2030524%20All%20Markets%20-%20JSE%20Markets%20Calendar%202025.pdf"",""title"":""JSE Markets Calendar 2025"",""excerpts"":[""**Relates to:**\n☒ Equity Market\n☒ Equity Derivatives Market\n☒ Commodity Derivatives Market\n☒ Currency Derivatives Market\n☒ Interest Rate Derivatives Market\n☒ Bond Market\n☒ Bond ETP Market"",""☒ Commodity Derivatives Market"",""☒ Currency Derivatives Market"",""☒ Interest Rate Derivatives Market"",""Johannesburg Stock Exchange""]},{""url"":""https://clientportal.jse.co.za/Content/JSE%20Trading%20Dates%20and%20Calendars%20Items/JSE%20Market%20Notice%2006124%20All%20Markets%20-%20JSE%20Markets%20Calendar%202024%20-%20Updated.pdf"",""title"":""Fetched web page"",""excerpts"":[""☒ Equity Derivatives Market"",""☒ Commodity Derivatives Market"",""☒ Currency Derivatives Market"",""☒ Interest Rate Derivatives Market"",""Johannesburg Stock Exchange""]},{""url"":""https://clientportal.jse.co.za/Content/JSE%20Trading%20Dates%20and%20Calendars%20Items/JSE%20Market%20Notice%2038025%20All%20Markets%20-%20JSE%20Markets%20Calendar%202026.pdf"",""title"":""Fetched web page"",""excerpts"":[""Relates to:**\n☒ Equity Market\n☒ Equity Derivatives Market\n☒ Commodity Derivatives Market\n☒ Currency Derivatives Market\n☒ Interest Rate Derivatives Market\n☒ Bond Market\n☒ Bond ETP Mark""]},{""url"":""https://clientportal.jse.co.za/Content/JSE%20Trading%20Dates%20and%20Calendars%20Items/Trading%20Calendar%20Energy%20and%20Metals.pdf"",""title"":""Fetched web page"",""excerpts"":[""**TRADING CALENDAR FOR METALS & ENERGY**"",""JSE CONTRACT CODES:\nCopper **COPP**\nBrent Crude Oil **BRNT**\nCopper **COPP**\nGold\n**GOLD**\nCrude Oil\n**WTIO**\nPalladium **PALL**\nPlatinum **PLAT**\nSilver\n**SILV**""]}],""confidence"":""medium""}",not_sure,"{""field"":""holiday_calendar_check"",""reasoning"":""The answer mentions that holiday calendars for 2024‑2026 were retrieved and that the exchange is closed on all public holidays, but it does not list the specific holidays or provide calendar URLs, so a concrete calendar cannot be supplied."",""citations"":[{""url"":""https://www.jse.co.za/media/document/calender/south-african-public-holidays"",""title"":""Fetched web page"",""excerpts"":[""[Skip to main content]()""]},{""url"":""https://clientportal.jse.co.za/reports/trading-calendars"",""title"":""Trading Calendars - JSE Client Portal"",""excerpts"":[""* [JSE Market Notice 38025 All Markets - JSE Markets Calendar 2026](https://clientportal.jse.co.za/Content/JSE Trading Dates and Calendars Items/JSE Market Notice 38025 All Markets - JSE Markets Calendar 2026.pdf)"",""* [JSE Market Notice 30524 All Markets - JSE Markets Calendar 2025](https://clientportal.jse.co.za/Content/JSE Trading Dates and Calendars Items/JSE Market Notice 30524 All Markets - JSE Markets Calendar 2025.pdf)"",""* [JSE Market Notice 06124 All Markets - JSE Markets Calendar 2024 - Updated](https://clientportal.jse.co.za/Content/JSE Trading Dates and Calendars Items/JSE Market Notice 06124 All Markets - JSE Markets Calendar 2024 - Updated.pdf)""]},{""url"":""https://www.tradinghours.com/markets/jse"",""title"":""JSE Market Hours & Holidays 2025 - 2026"",""excerpts"":[""2025 Johannesburg Stock Exchange Holidays Calendar""]},{""url"":""https://clientportal.jse.co.za/Content/JSE%20Trading%20Dates%20and%20Calendars%20Items/JSE%20Market%20Notice%2030524%20All%20Markets%20-%20JSE%20Markets%20Calendar%202025.pdf"",""title"":""JSE Markets Calendar 2025"",""excerpts"":[""The updated JSE Markets Calendar 2025 can be found on this link: **Trading Calendar**\nThis Market Notice is available on the JSE website at: **JSE Market Notices**"",""This Market Notice is available on the JSE website at: **JSE Market Notic"",""Public\nHolidays""]},{""url"":""https://clientportal.jse.co.za/Content/JSE%20Trading%20Dates%20and%20Calendars%20Items/JSE%20Market%20Notice%2006124%20All%20Markets%20-%20JSE%20Markets%20Calendar%202024%20-%20Updated.pdf"",""title"":""Fetched web page"",""excerpts"":[""The updated JSE Markets Calendar 2024 can be found on this link : https://clientportal.jse.co.za/reports/trading-calendars""]},{""url"":""https://clientportal.jse.co.za/Content/JSE%20Trading%20Dates%20and%20Calendars%20Items/JSE%20Market%20Notice%2038025%20All%20Markets%20-%20JSE%20Markets%20Calendar%202026.pdf"",""title"":""Fetched web page"",""excerpts"":[""The updated JSE Markets Calendar 2026 can be found on this link: **Trading Calend"",""This Market Notice is available on the JSE website at: **JSE Market Notic""]},{""url"":""https://group.jse.co.za/media/document/jse-market-calendar/public-holidays"",""title"":""Fetched web page"",""excerpts"":[""[JSE Market Calendar 2024 Public Holidays.ics](https://group.jse.co.za/sites/ir.jse.co.za/files/media/documents/jse-market-calendar/JSE%20Market%20Calendar%202024%20Public%20Holidays.ics \""Open document in new window\"") 2\\.81 K""]}],""confidence"":""low""}"
MEFF (Mercado Español de Futuros Financieros),"MEFF (Mercado Español de Futuros Financieros) is Spain's principal derivatives exchange, providing futures and options trading on a range of financial instruments.",https://www.meff.com,no product specific settings,"{""field"":""PRODUCT_HOLIDAY_CHECK"",""reasoning"":""No source among the provided results mentions specific products that continue to trade on MEFF holidays, so no product‑specific settings can be extracted."",""citations"":[{""url"":""https://www.cmegroup.com/trading-hours.html"",""excerpts"":[]},{""url"":""https://www.nyse.com/markets/hours-calendars"",""excerpts"":[]},{""url"":""https://www.investing.com/holiday-calendar/"",""excerpts"":[]},{""url"":""https://www.nasdaqtrader.com/trader.aspx?id=calendar"",""excerpts"":[]},{""url"":""https://www.ice.com/holiday-hours"",""excerpts"":[]},{""url"":""https://www.sifma.org/resources/general/holiday-schedule/"",""excerpts"":[]}],""confidence"":""medium""}",,"{""field"":""derivatives_exchange_check"",""reasoning"":""MEFF (Mercado Español de Futuros Financieros) is the primary futures and options market in Spain and operates as a derivatives exchange."",""citations"":[{""url"":""https://www.cmegroup.com/trading-hours.html"",""excerpts"":[]},{""url"":""https://www.nyse.com/markets/hours-calendars"",""excerpts"":[]},{""url"":""https://www.investing.com/holiday-calendar/"",""excerpts"":[]},{""url"":""https://www.nasdaqtrader.com/trader.aspx?id=calendar"",""excerpts"":[]},{""url"":""https://www.ice.com/holiday-hours"",""excerpts"":[]},{""url"":""https://www.sifma.org/resources/general/holiday-schedule/"",""excerpts"":[]}],""confidence"":""medium""}",not_sure,"{""field"":""holiday_calendar_check"",""reasoning"":""The supplied search results do not contain a holiday calendar for MEFF, nor a link to such a calendar, so the information is not available."",""citations"":[{""url"":""https://www.cmegroup.com/trading-hours.html"",""excerpts"":[]},{""url"":""https://www.nyse.com/markets/hours-calendars"",""excerpts"":[]},{""url"":""https://www.investing.com/holiday-calendar/"",""excerpts"":[]},{""url"":""https://www.nasdaqtrader.com/trader.aspx?id=calendar"",""excerpts"":[]},{""url"":""https://www.ice.com/holiday-hours"",""excerpts"":[]},{""url"":""https://www.sifma.org/resources/general/holiday-schedule/"",""excerpts"":[]}],""confidence"":""low""}"
Taiwan Futures Exchange (TAIFEX),"Taiwan Futures Exchange (TAIFEX) is the official futures and options exchange in Taiwan, offering trading in interest‑rate, equity, commodity and index derivatives. It publishes a holiday and trading schedule for its market participants.",https://www.taifex.com.tw/,no product specific settings,"{""field"":""PRODUCT_HOLIDAY_CHECK"",""reasoning"":""No specific information about products that continue trading on holidays was found in the supplied search results for TAIFEX."",""citations"":[{""url"":""https://www.cmegroup.com/trading-hours.html"",""excerpts"":[]},{""url"":""https://www.investing.com/holiday-calendar/"",""excerpts"":[]},{""url"":""https://www.sifma.org/resources/general/holiday-schedule/"",""excerpts"":[]},{""url"":""https://www.nasdaqtrader.com/trader.aspx?id=calendar"",""excerpts"":[]},{""url"":""https://www.ice.com/holiday-hours"",""excerpts"":[]},{""url"":""https://www.interactivebrokers.com/en/general/calendar/calendar.php"",""excerpts"":[]}],""confidence"":""medium""}",,"{""field"":""derivatives_exchange_check"",""reasoning"":""Taiwan Futures Exchange (TAIFEX) operates futures and options markets, which are derivative contracts, thus it is a derivatives exchange."",""citations"":[{""url"":""https://www.cmegroup.com/trading-hours.html"",""excerpts"":[]},{""url"":""https://www.investing.com/holiday-calendar/"",""excerpts"":[]},{""url"":""https://www.sifma.org/resources/general/holiday-schedule/"",""excerpts"":[]},{""url"":""https://www.nasdaqtrader.com/trader.aspx?id=calendar"",""excerpts"":[]},{""url"":""https://www.ice.com/holiday-hours"",""excerpts"":[]},{""url"":""https://www.interactivebrokers.com/en/general/calendar/calendar.php"",""excerpts"":[]}],""confidence"":""high""}",not_sure,"{""field"":""holiday_calendar_check"",""reasoning"":""The search results do not contain TAIFEX's holiday calendar or a direct link to it, so the specific holidays cannot be listed."",""citations"":[{""url"":""https://www.cmegroup.com/trading-hours.html"",""excerpts"":[]},{""url"":""https://www.investing.com/holiday-calendar/"",""excerpts"":[]},{""url"":""https://www.sifma.org/resources/general/holiday-schedule/"",""excerpts"":[]},{""url"":""https://www.nasdaqtrader.com/trader.aspx?id=calendar"",""excerpts"":[]},{""url"":""https://www.ice.com/holiday-hours"",""excerpts"":[]},{""url"":""https://www.interactivebrokers.com/en/general/calendar/calendar.php"",""excerpts"":[]}],""confidence"":""medium""}"
Johannesburg Stock Exchange (JSE) Market Holidays,Johannesburg Stock Exchange (JSE) market holidays page listing official trading holidays and any derivatives products that remain tradable on those days.,https://www.jse.co.za/trade/market-data/market-holidays,no product specific settings,"{""field"":""PRODUCT_HOLIDAY_CHECK"",""reasoning"":""The provided document lists product-specific actions such as 'Close Out' or 'Last Trading Day' in relation to holidays, but it does not indicate that any products continue trading on the public holidays themselves. Therefore, there are no product-specific settings that indicate continued trading on holidays."",""citations"":[],""confidence"":""medium""}",,"{""field"":""derivatives_exchange_check"",""reasoning"":""The Johannesburg Stock Exchange (JSE) is a stock exchange that offers equity, bond, and derivatives markets, but it is not categorized as a derivatives exchange. A derivatives exchange is an exchange dedicated solely to trading derivatives contracts. Since JSE operates a broad range of markets and is not exclusively a derivatives exchange, it does not meet the criteria."",""citations"":[{""url"":""https://www.market-clock.com/markets/jse/edm_futures/"",""title"":""JSE EDM Futures - Market Clock"",""excerpts"":[""Johannesburg Stock Exchange Equity Derivatives Market Futures detailed trading hours and holiday calendar.""]},{""url"":""https://clientportal.jse.co.za/communication/jse-service-hotlines"",""title"":""JSE Service Hotlines"",""excerpts"":[""JSE Service Hotlines · 136/2025, 17 November 2025, End of Day Products, Market Data · 135/2025, 13 November 2025, Commodity Derivatives · 134/2025, 12 November ...""]},{""url"":""https://clientportal.jse.co.za/reports/trading-calendars"",""title"":""Fetched web page"",""excerpts"":[""Section Title: []() [Trading-Calendars](/reports/trading-calendars \""Trading-Calendars\"") > Commodity Derivatives"",""Section Title: []() [Trading-Calendars](/reports/trading-calendars \""Trading-Calendars\"") > Equity Derivatives"",""Section Title: []() [Trading-Calendars](/reports/trading-calendars \""Trading-Calendars\"") > Currency Derivatives"",""Section Title: []() [Trading-Calendars](/reports/trading-calendars \""Trading-Calendars\"") > Bond Derivatives""]},{""url"":""https://clientportal.jse.co.za/Content/JSE%20Trading%20Dates%20and%20Calendars%20Items/JSE%20Market%20Notice%2030524%20All%20Markets%20-%20JSE%20Markets%20Calendar%202025.pdf"",""title"":""Fetched web page"",""excerpts"":[""☒ Equity Market\n☒ Equity Derivatives Market\n☒ Commodity Derivatives Market\n☒ Currency Derivatives Market\n☒ Interest Rate Derivatives Market\n☒ Bond Market\n☒ Bond ETP Market""]},{""url"":""https://clientportal.jse.co.za/Content/JSE%20Trading%20Dates%20and%20Calendars%20Items/JSE%20Market%20Notice%2038025%20All%20Markets%20-%20JSE%20Markets%20Calendar%202026.pdf"",""title"":""Fetched web page"",""excerpts"":[""☒ Equity Derivatives Market"",""☒ Commodity Derivatives Market"",""☒ Currency Derivatives Market"",""☒ Interest Rate Derivatives Market""]},{""url"":""https://clientportal.jse.co.za/Content/JSE%20Trading%20Dates%20and%20Calendars%20Items/CommodityDerivativesTradingHours.pdf"",""title"":""Fetched web page"",""excerpts"":[""**COMMODITY DERIVATIVES MARKET OPERATING HOURS**""]}],""confidence"":""medium""}","New Year's Day: 2025-01-01, Human Rights Day: 2025-03-21, Good Friday: 2025-04-18, Family Day: 2025-04-21, Freedom Day: 2025-04-27 (observed 2025-04-28), Workers' Day: 2025-05-01, Youth Day: 2025-06-16, National Women's Day: 2025-08-09 (observed 2025-08-11), Heritage Day: 2025-09-24, Day of Reconciliation: 2025-12-16, Christmas Day: 2025-12-25, Day of Goodwill: 2025-12-26; Calendar URLs: https://www.jse.co.za/trade/market-data/market-holidays, https://clientportal.jse.co.za/Content/JSE%20Trading%20Dates%20and%20Calendars%20Items/JSE%20Market%20Notice%2030524%20All%20Markets%20-%20JSE%20Markets%20Calendar%202025.pdf","{""field"":""holiday_calendar_check"",""reasoning"":""The answer lists the 2025 public holidays with their dates, and provides the JSE market holidays webpage and the 2025 calendar PDF, confirming the presence of a holiday calendar with specific dates and URLs."",""citations"":[{""url"":""https://www.tradinghours.com/markets/jse"",""title"":""JSE Market Hours & Holidays 2025 - 2026 - TradingHours.com"",""excerpts"":[""Johannesburg Stock Exchange countdown, 2025 - 2026 market calendar, trading hours, settlement details, and contact information. JSE is open Mon-Fri, 9:00am - 4: November 22, 2025, Closed, Closed. 2025 - 2026 JSE Holidays. 2025 Johannesburg Stock Exchange Holidays Calendar. Weekend. Open. Current. Irregular Schedule.""]},{""url"":""https://www.calendarlabs.com/jse-market-holidays-2025/"",""title"":""2025 JSE Market Holidays - CalendarLabs"",""excerpts"":[""List of Trading Holidays of JSE Market in 2025 ; SaturdaySat, Aug 09, 2025Aug 09, National Women's Day, Full Day Off ; WednesdayWed, Sep 24, 2025Sep 24, Heritage ...""]},{""url"":""https://www.angloamerican.com/media/press-releases/2025/08-04-2025"",""title"":""Anglo American publishes shareholder circular for ..."",""excerpts"":[""Monday, 28 April 2025 is a public holiday in South Africa. 2. General Meeting to commence at 13:00 or, if later, immediately after the conclusion or adjournment ...""]},{""url"":""https://www.market-clock.com/timelines/jse/equities/"",""title"":""Johannesburg Stock Exchange - Market Clock"",""excerpts"":[""Calendar Events · 16 Dec 2025. JSE Top Companies Public Holiday. JSE Medium Liquid Public Holiday. JSE Less Liquid Public Holiday · 25 Dec 2025. JSE Top Companies ...""]},{""url"":""https://clientportal.jse.co.za/Content/JSE%20Trading%20Dates%20and%20Calendars%20Items/JSE%20Market%20Notice%2038025%20All%20Markets%20-%20JSE%20Markets%20Calendar%202026.pdf"",""title"":""[PDF] market notice - JSE Client Portal"",""excerpts"":[""Dear JSE Stakeholder,. Please find the updated JSE Markets Calendar for 2026 below. Should you have any queries regarding this Market Notice ...""]},{""url"":""https://clientportal.jse.co.za/reports/trading-calendars"",""title"":""Fetched web page"",""excerpts"":[""* [JSE Market Notice 30524 All Markets - JSE Markets Calendar 2025](https://clientportal.jse.co.za/Content/JSE Trading Dates and Calendars Items/JSE Market Notice 30524 All Markets - JSE Markets Calendar 2025.pdf)"",""https://clientportal.jse.co.za/Content/JSE Trading Dates and Calendars Items/JSE Market Notice 38025 All Markets - JSE Markets Calendar 2026.pdf""]}],""confidence"":""medium""}"
Vienna Stock Exchange (Wiener Börse) Derivatives Trading Calendar,The Vienna Stock Exchange (Wiener Börse) provides a derivatives trading calendar that lists exchange holidays and notes any derivatives products that continue trading on those days.,https://www.pse.cz/en/trading-calendar,no product specific settings,"{""field"":""PRODUCT_HOLIDAY_CHECK"",""reasoning"":""Since the Vienna Stock Exchange no longer offers derivatives trading, the source does not mention any products that continue to trade on holidays for this exchange."",""citations"":[{""url"":""https://www.wienerborse.at/uploads/u/cms/files/trading/stock-exchange-holidays-2026-en.pdf"",""title"":""Fetched web page"",""excerpts"":[""Holiday schedule & trading on public holidays**\n**on the Vienna Stock Exchange ""]},{""url"":""https://www.wienerborse.at/uploads/u/cms/files/trading/stock-exchange-holidays-2025-en.pdf"",""title"":""Vienna Stock Exchange Holiday Calendar 2025 PDF"",""excerpts"":[""**Stock exchange holidays**""]}],""confidence"":""medium""}",,"{""field"":""derivatives_exchange_check"",""reasoning"":""The Vienna Stock Exchange announced that it discontinued all derivatives trading in March 2014, and all derivatives on Austrian stocks are now traded on the Eurex Exchange. Therefore the entity is not a derivatives exchange."",""citations"":[{""url"":""https://www.interactivebrokers.com/en/education/vse.php"",""title"":""Vienna Stock Exchange | Interactive Brokers LLC"",""excerpts"":[""The Vienna Stock Exchange operates a multi-asset class electronic platform combining Austria's cash market and derivatives exchange to offer trading, clearing and settlement of equities, bonds, futures and options."","" options.\nTwo platforms power trading on Weiner BÃ¶rse; cash market securities trade through Deutsche Borse's Xetra trading system, while derivatives trade through the Eurex trading system.""]},{""url"":""https://www.wienerborse.at/uploads/u/cms/files/trading/stock-exchange-holidays-2025-en.pdf"",""title"":""Vienna Stock Exchange Holiday Calendar 2025 PDF"",""excerpts"":[""**Holiday schedule & trading on public holidays**\n**on the Vienna Stock Exchange 2025**"",""**Stock exchange holidays**""]},{""url"":""https://www.wienerborse.at/en/news/vienna-stock-exchange-news/vienna-stock-exchange-to-discontinue-derivatives-trading-as-of-march-2014/"",""title"":""Vienna Stock Exchange to discontinue derivatives trading as of March 2014 • News • Vienna Stock Exchange"",""excerpts"":[""As of March 2014, the Vienna Stock Exchange will no longer offer trading in derivatives. This decision was taken at today’s meeting of the Supervisory Board of Wiener Börse AG.""]},{""url"":""https://mondovisione.com/media-and-resources/news/vienna-stock-exchange-to-discontinue-derivatives-trading-as-of-march-2013-2013920/"",""title"":""Vienna Stock Exchange To Discontinue Derivatives Trading As Of March 2013"",""excerpts"":[""As of March 2014, the Vienna Stock Exchange will no longer offer trading in derivatives."",""The Vienna Stock Exchange reached the decision to discontinue trading in derivative market products for economic reasons.""]}],""confidence"":""medium""}","New Year: 2025-01-01; Epiphany: 2025-01-06; Good Friday: 2025-04-18; Easter Monday: 2025-04-21; National Holiday: 2025-05-01; Ascension Day: 2025-05-29; Whit Monday: 2025-06-09; Corpus Christi Day: 2025-06-19; Assumption Day: 2025-08-15; Immaculate Conception: 2025-12-08; Christmas Eve: 2025-12-24; Christmas Day: 2025-12-25; St. Stephen’s Day: 2025-12-26; New Year’s Eve: 2025-12-31; Calendar URLs: https://www.wienerborse.at/en/trading/trading-information/trading-calendar/, https://www.wienerborse.at/uploads/u/cms/files/trading/stock-exchange-holidays-2025-en.pdf","{""field"":""holiday_calendar_check"",""reasoning"":""The exchange provides a publicly available holiday calendar for its cash market. The 2025 holiday schedule is listed in the PDF and on the trading‑calendar web page, showing specific dates for each holiday and providing URLs to the calendar documents."",""citations"":[{""url"":""https://www.xetra.com/xetra-en/newsroom/press-releases/list-press-releases/Wiener-B-rse-and-Deutsche-B-rse-to-extend-cooperation-ahead-of-schedule-1936402"",""title"":""Wiener Börse and Deutsche Börse to extend cooperation ahead of ..."",""excerpts"":[""Wiener Börse AG and Deutsche Börse AG have agreed to continue their technology partnership ahead of schedule by five years.""]},{""url"":""https://www.wienerborse.at/uploads/u/cms/files/trading/stock-exchange-holidays-2026-en.pdf"",""title"":""Fetched web page"",""excerpts"":[""Th, 1 January\nNew Year\nTu, 6 January\nEpiphany\nFr, 3 April\nGood Friday\nTh, 14 May\nAscension Day\nMo, 6 April\nEaster Monday\nMo, 25 May\nWhit Monday\nFr, 1 May\nLabour Day\nTh, 4 June\nCorpus Christi Day\nMo, 26 October\nNational Holiday\nTu, 8 December\nImmaculate Conception\nTh, 24 December\nChristmas Eve\nFr, 25 December\nChristmas Day\nTh, 31 December\nNew Years‘s Eve""]},{""url"":""https://www.wienerborse.at/en/trading/trading-information/trading-calendar/"",""title"":""Fetched web page"",""excerpts"":[""[Trading holidays & trading on public holidays 2025](/uploads/u/cms/files/trading/stock-exchange-holidays-2025-en.pdf \""Opens internal link in current window\"") (pdf-file 20 KB)"",""|12/24 |Exchange holiday\nNo trading |\n| --- | --- |\n|12/25 |Exchange holiday\nNo trading |\n|12/26 |Exchange holiday\nNo trading |\n|12/31 |Exchange holiday\nNo trading |\n[Calendar](/en/calendar/?%5Bcategory%5D%5B%5D=3&%5Bsubcategory%5D%5B%5D=33)""]},{""url"":""https://www.wienerborse.at/en/"",""title"":""Stocks • Charts • News • Vienna Stock Exchange"",""excerpts"":[""[Trading calendar & holidays](/en/trading/trading-information/trading-calendar/ \""Trading calendar & holidays\"")""]},{""url"":""https://www.wienerborse.at/uploads/u/cms/files/trading/stock-exchange-holidays-2025-en.pdf"",""title"":""Vienna Stock Exchange Holiday Calendar 2025 PDF"",""excerpts"":[""ng days**\nWe, 1 January\nNew Year\nMo, 6 January\nEpiphany\nFr, 18 April\nGood Friday\nTh, 29 May\nAscension Day\nMo, 21 April\nEaster Monday\nMo, 9 June\nWhit Monday\nTh, 1 May\nNational Holiday\nTh, 19 June\nCorpus Christi Day\nWe, 24 December\nChristmas Eve\nFr, 15 August\nAssumption Day\nTh, 25 December\nChristmas Day\nMo, 8 December\nImmaculate Conception\nFr, 26 December\nSt. Stephen‘s Day\nWe, 31 December\nNew Years‘s Eve""]}],""confidence"":""low""}"
Thailand Futures Exchange (TFEX),"Thailand Futures Exchange (TFEX) is Thailand's principal futures and options exchange, offering a range of derivative products on Thai equities, indices, commodities and rates.",https://www.tfex.co.th,no product specific settings,"{""field"":""PRODUCT_HOLIDAY_CHECK"",""reasoning"":""The search results did not contain any information about specific TFEX products that continue trading on holidays."",""citations"":[{""url"":""https://www.cmegroup.com/trading-hours.html"",""excerpts"":[]},{""url"":""https://www.ice.com/holiday-hours"",""excerpts"":[]},{""url"":""https://www.eurex.com/ex-en/trade/trading-calendar/holiday-regulations"",""excerpts"":[]}],""confidence"":""low""}",,"{""field"":""derivatives_exchange_check"",""reasoning"":""Thailand Futures Exchange (TFEX) is the dedicated futures and derivatives market of the Stock Exchange of Thailand, therefore it qualifies as a derivatives exchange."",""citations"":[{""url"":""https://www.cmegroup.com/trading-hours.html"",""excerpts"":[]},{""url"":""https://www.ice.com/holiday-hours"",""excerpts"":[]},{""url"":""https://www.eurex.com/ex-en/trade/trading-calendar/holiday-regulations"",""excerpts"":[]}],""confidence"":""medium""}",not_sure,"{""field"":""holiday_calendar_check"",""reasoning"":""No holiday calendar or URL for TFEX was found in the provided search results."",""citations"":[{""url"":""https://www.cmegroup.com/trading-hours.html"",""excerpts"":[]},{""url"":""https://www.ice.com/holiday-hours"",""excerpts"":[]},{""url"":""https://www.eurex.com/ex-en/trade/trading-calendar/holiday-regulations"",""excerpts"":[]}],""confidence"":""low""}"
Nairobi Securities Exchange (NSE),"Nairobi Securities Exchange (NSE) is Kenya's primary securities market, operating from Nairobi. It lists equities and offers derivatives products such as futures and options on Kenyan stocks and indices.",https://www.nse.co.ke,stopped,"{""field"":""PRODUCT_HOLIDAY_CHECK"",""reasoning"":"""",""citations"":[],""confidence"":""""}",stopped,"{""field"":""derivatives_exchange_check"",""reasoning"":"""",""citations"":[],""confidence"":""""}",stopped,"{""field"":""holiday_calendar_check"",""reasoning"":"""",""citations"":[],""confidence"":""""}"
Johannesburg Stock Exchange – Derivatives (SAFEX) Holiday Calendar,"Johannesburg Stock Exchange – Derivatives (SAFEX) Holiday Calendar lists exchange‑wide holidays and indicates which derivative products, if any, remain tradable on those days.",https://www.jse.co.za/,stopped,"{""field"":""PRODUCT_HOLIDAY_CHECK"",""reasoning"":"""",""citations"":[],""confidence"":""""}",stopped,"{""field"":""derivatives_exchange_check"",""reasoning"":"""",""citations"":[],""confidence"":""""}",stopped,"{""field"":""holiday_calendar_check"",""reasoning"":"""",""citations"":[],""confidence"":""""}"
BMV MexDer – Argentina Futures and Options Exchange (ROFEX),"BMV MexDer is the derivatives division of the Mexican Stock Exchange, offering a holiday calendar that lists exchange closures and any products that remain tradable during holidays.",https://www.bmv.com.mx/en/mexder/trading-hours-and-holidays,stopped,"{""field"":""PRODUCT_HOLIDAY_CHECK"",""reasoning"":"""",""citations"":[],""confidence"":""""}",stopped,"{""field"":""derivatives_exchange_check"",""reasoning"":"""",""citations"":[],""confidence"":""""}",stopped,"{""field"":""holiday_calendar_check"",""reasoning"":"""",""citations"":[],""confidence"":""""}"
MIAX Emerald Options Holiday Calendar,"MIAX Emerald Options Holiday Calendar provides the list of U.S. public holidays for 2025‑2026 that affect trading on the MIAX Emerald derivatives exchange, including early‑close dates and a note that eligible options may continue trading on those early‑close days.",https://www.miaxglobal.com/markets/us-options/emerald-options/trade-hours-calendar,stopped,"{""field"":""PRODUCT_HOLIDAY_CHECK"",""reasoning"":"""",""citations"":[],""confidence"":""""}",stopped,"{""field"":""derivatives_exchange_check"",""reasoning"":"""",""citations"":[],""confidence"":""""}",stopped,"{""field"":""holiday_calendar_check"",""reasoning"":"""",""citations"":[],""confidence"":""""}"
Singapore Exchange (SGX),"Singapore Exchange (SGX) is a leading derivatives exchange in Asia that provides an official holiday calendar for its trading venues. The calendar lists U.S. and local holidays, half‑day sessions, and indicates that some products (e.g., certain equity and futures contracts) may continue to trade on designated holidays.",https://www.sgx.com/trading,stopped,"{""field"":""PRODUCT_HOLIDAY_CHECK"",""reasoning"":"""",""citations"":[],""confidence"":""""}",stopped,"{""field"":""derivatives_exchange_check"",""reasoning"":"""",""citations"":[],""confidence"":""""}",stopped,"{""field"":""holiday_calendar_check"",""reasoning"":"""",""citations"":[],""confidence"":""""}"
Qatar Exchange (QE) Trading Hours and Holidays,"The Qatar Exchange (QE) provides a holiday calendar for its derivatives market, detailing closed dates and indicating any products that remain tradable during holidays.",https://www.qe.com.qa/trading-hours-and-holidays,stopped,"{""field"":""PRODUCT_HOLIDAY_CHECK"",""reasoning"":"""",""citations"":[],""confidence"":""""}",stopped,"{""field"":""derivatives_exchange_check"",""reasoning"":"""",""citations"":[],""confidence"":""""}",stopped,"{""field"":""holiday_calendar_check"",""reasoning"":"""",""citations"":[],""confidence"":""""}"
Cboe Europe Derivatives,"Cboe Europe Derivatives is the European derivatives market operated by Cboe Global Markets, offering futures, options and other derivative products. The exchange publishes a holiday calendar that lists non‑trading days and indicates which products continue to trade on holidays.",https://www.cboe.com/about/hours/european-derivatives/,stopped,"{""field"":""PRODUCT_HOLIDAY_CHECK"",""reasoning"":"""",""citations"":[],""confidence"":""""}",stopped,"{""field"":""derivatives_exchange_check"",""reasoning"":"""",""citations"":[],""confidence"":""""}",stopped,"{""field"":""holiday_calendar_check"",""reasoning"":"""",""citations"":[],""confidence"":""""}"
MIAX Pearl Options Holiday Calendar,"MIAX Pearl Options is a U.S. derivatives exchange operated by Miami International Holdings. Its holiday calendar lists U.S. holidays for 2025 and 2026, indicating dates when the exchange is closed or observes an early close, and notes that certain option products (e.g., equity and ETF options) may continue to trade on early‑close days.",https://www.miaxglobal.com/markets/us-options/pearl-options/trade-hours-calendar,stopped,"{""field"":""PRODUCT_HOLIDAY_CHECK"",""reasoning"":"""",""citations"":[],""confidence"":""""}",stopped,"{""field"":""derivatives_exchange_check"",""reasoning"":"""",""citations"":[],""confidence"":""""}",stopped,"{""field"":""holiday_calendar_check"",""reasoning"":"""",""citations"":[],""confidence"":""""}"
"B3 – Brasil, Bolsa, Balcão","B3 – Brasil, Bolsa, Balcão provides a trading calendar that lists holidays for its derivatives markets, indicating dates when trading is closed or partially open and noting any products that remain tradable on those holidays.",https://www.b3.com.br/en_us/market-data-and-indices/trading-calendar/,stopped,"{""field"":""PRODUCT_HOLIDAY_CHECK"",""reasoning"":"""",""citations"":[],""confidence"":""""}",stopped,"{""field"":""derivatives_exchange_check"",""reasoning"":"""",""citations"":[],""confidence"":""""}",stopped,"{""field"":""holiday_calendar_check"",""reasoning"":"""",""citations"":[],""confidence"":""""}"
Bahrain Bourse Derivatives,"Bahrain Bourse Derivatives holiday calendar showing closed dates, reduced‑hour sessions, and any derivatives products that remain tradable on holidays.",https://www.boursakuwait.com.kw/en/trading-hours-and-holidays,stopped,"{""field"":""PRODUCT_HOLIDAY_CHECK"",""reasoning"":"""",""citations"":[],""confidence"":""""}",stopped,"{""field"":""derivatives_exchange_check"",""reasoning"":"""",""citations"":[],""confidence"":""""}",stopped,"{""field"":""holiday_calendar_check"",""reasoning"":"""",""citations"":[],""confidence"":""""}"
Chicago Board of Trade (CBOT),"The Chicago Board of Trade (CBOT) is a U.S.-based derivatives exchange owned by CME Group, offering futures and options on agricultural commodities, Treasury securities, and equity index products. CBOT follows the CME Group holiday calendar, which lists specific U.S. holidays when trading is closed, and notes that certain products may continue to trade on limited hours during holidays.",https://www.cmegroup.com/company/cbot.html,stopped,"{""field"":""PRODUCT_HOLIDAY_CHECK"",""reasoning"":"""",""citations"":[],""confidence"":""""}",stopped,"{""field"":""derivatives_exchange_check"",""reasoning"":"""",""citations"":[],""confidence"":""""}",stopped,"{""field"":""holiday_calendar_check"",""reasoning"":"""",""citations"":[],""confidence"":""""}"
Egyptian Exchange (EGX),"Egyptian Exchange (EGX) is Egypt's main securities exchange, operating both equity and derivatives markets. No holiday calendar information for EGX is available in the provided sources.",https://www.egx.com.eg,stopped,"{""field"":""PRODUCT_HOLIDAY_CHECK"",""reasoning"":"""",""citations"":[],""confidence"":""""}",stopped,"{""field"":""derivatives_exchange_check"",""reasoning"":"""",""citations"":[],""confidence"":""""}",stopped,"{""field"":""holiday_calendar_check"",""reasoning"":"""",""citations"":[],""confidence"":""""}"
HKEX Trading Calendar,"The HKEX Trading Calendar provides the schedule of holidays and trading sessions for Hong Kong Exchanges and Clearing Ltd., covering derivatives markets and indicating which products may continue trading on holidays.",https://www.hkex.com.hk/News/Market-Communications/Trading-Calendar?sc_lang=en,stopped,"{""field"":""PRODUCT_HOLIDAY_CHECK"",""reasoning"":"""",""citations"":[],""confidence"":""""}",stopped,"{""field"":""derivatives_exchange_check"",""reasoning"":"""",""citations"":[],""confidence"":""""}",stopped,"{""field"":""holiday_calendar_check"",""reasoning"":"""",""citations"":[],""confidence"":""""}"
Shanghai International Energy Exchange,"The Shanghai International Energy Exchange (SIEE) is a China‑based derivatives exchange that offers energy‑related futures and options (e.g., crude oil, natural gas, carbon emission contracts). It operates under the Shanghai Futures Exchange and provides holiday calendars indicating market closures and any products that may continue trading on those holidays.",https://www.sieex.com,stopped,"{""field"":""PRODUCT_HOLIDAY_CHECK"",""reasoning"":"""",""citations"":[],""confidence"":""""}",stopped,"{""field"":""derivatives_exchange_check"",""reasoning"":"""",""citations"":[],""confidence"":""""}",stopped,"{""field"":""holiday_calendar_check"",""reasoning"":"""",""citations"":[],""confidence"":""""}"
Philippine Dealing & Exchange Corp. (PDEx) Derivatives,Philippine Dealing & Exchange Corp. (PDEx) Derivatives provides a trading calendar that lists its holiday schedule and notes any products that remain tradable on holidays.,https://www.icdx.co.id/trading-calendar,stopped,"{""field"":""PRODUCT_HOLIDAY_CHECK"",""reasoning"":"""",""citations"":[],""confidence"":""""}",stopped,"{""field"":""derivatives_exchange_check"",""reasoning"":"""",""citations"":[],""confidence"":""""}",stopped,"{""field"":""holiday_calendar_check"",""reasoning"":"""",""citations"":[],""confidence"":""""}"
MIAX Sapphire – Holiday Calendar,"MIAX Sapphire is a U.S. options exchange that provides a holiday calendar listing U.S. holidays for 2025‑2026, indicating closed days and early‑close periods, with separate trading windows for equity options (9:30 AM‑4:00 PM) and ETF/Index options (9:30 AM‑4:15 PM) that may affect product‑specific trading on holidays.",https://www.miaxglobal.com/markets/us-options/sapphire-options/trade-hours-calendar,stopped,"{""field"":""PRODUCT_HOLIDAY_CHECK"",""reasoning"":"""",""citations"":[],""confidence"":""""}",stopped,"{""field"":""derivatives_exchange_check"",""reasoning"":"""",""citations"":[],""confidence"":""""}",stopped,"{""field"":""holiday_calendar_check"",""reasoning"":"""",""citations"":[],""confidence"":""""}"
"Tokyo Financial Exchange, Inc.","Tokyo Financial Exchange, Inc. (TFX) is a Japanese derivatives exchange that provides FX, equity‑index and interest‑rate futures. It maintains a holiday calendar indicating non‑trading days for its contracts, with notes on products that may continue trading on certain holidays.",https://www.tfx.co.jp/en/retail/eh.html,stopped,"{""field"":""PRODUCT_HOLIDAY_CHECK"",""reasoning"":"""",""citations"":[],""confidence"":""""}",stopped,"{""field"":""derivatives_exchange_check"",""reasoning"":"""",""citations"":[],""confidence"":""""}",stopped,"{""field"":""holiday_calendar_check"",""reasoning"":"""",""citations"":[],""confidence"":""""}"
Pakistan Mercantile Exchange (PMEX),Pakistan Mercantile Exchange (PMEX) operates a derivatives market in Pakistan and provides a holiday calendar that lists dates when trading is closed; on some holidays limited products may still trade.,https://www.pdex.com.ph/market-holidays/,stopped,"{""field"":""PRODUCT_HOLIDAY_CHECK"",""reasoning"":"""",""citations"":[],""confidence"":""""}",stopped,"{""field"":""derivatives_exchange_check"",""reasoning"":"""",""citations"":[],""confidence"":""""}",stopped,"{""field"":""holiday_calendar_check"",""reasoning"":"""",""citations"":[],""confidence"":""""}"
MIAX All Options Exchanges Holiday Calendar,"MIAX All Options Exchanges Holiday Calendar provides the 2025‑2026 holiday dates and trading schedules for MIAX's U.S. options markets, including closed days, early‑close days, and indications of products that may still trade on holidays.",https://www.miaxglobal.com/markets/us-options/all-options-exchanges/trade-hours-calendar,stopped,"{""field"":""PRODUCT_HOLIDAY_CHECK"",""reasoning"":"""",""citations"":[],""confidence"":""""}",stopped,"{""field"":""derivatives_exchange_check"",""reasoning"":"""",""citations"":[],""confidence"":""""}",stopped,"{""field"":""holiday_calendar_check"",""reasoning"":"""",""citations"":[],""confidence"":""""}"
TMX Group Trading Hours and Holidays,TMX Group Trading Hours and Holidays page lists the holiday schedule for TMX's derivatives exchanges and indicates which products remain tradable on holidays.,https://www.tmx.com/trading/trading-hours-and-holidays,stopped,"{""field"":""PRODUCT_HOLIDAY_CHECK"",""reasoning"":"""",""citations"":[],""confidence"":""""}",stopped,"{""field"":""derivatives_exchange_check"",""reasoning"":"""",""citations"":[],""confidence"":""""}",stopped,"{""field"":""holiday_calendar_check"",""reasoning"":"""",""citations"":[],""confidence"":""""}"
China Financial Futures Exchange (CFFEX),China Financial Futures Exchange (CFFEX) is China's main derivatives exchange and provides an official trading calendar that lists market holidays and any special trading arrangements.,http://www.cffex.com.cn/en_new/TradingCalendar/,stopped,"{""field"":""PRODUCT_HOLIDAY_CHECK"",""reasoning"":"""",""citations"":[],""confidence"":""""}",stopped,"{""field"":""derivatives_exchange_check"",""reasoning"":"""",""citations"":[],""confidence"":""""}",stopped,"{""field"":""holiday_calendar_check"",""reasoning"":"""",""citations"":[],""confidence"":""""}"
Dubai Gold & Commodities Exchange (DGCX),"Dubai Gold & Commodities Exchange (DGCX) is generally closed on holidays; however, some specific products may have different hours or remain open if the underlying market is open.",https://www.dgcx.ae,stopped,"{""field"":""PRODUCT_HOLIDAY_CHECK"",""reasoning"":"""",""citations"":[],""confidence"":""""}",stopped,"{""field"":""derivatives_exchange_check"",""reasoning"":"""",""citations"":[],""confidence"":""""}",stopped,"{""field"":""holiday_calendar_check"",""reasoning"":"""",""citations"":[],""confidence"":""""}"
BOX Options Market LLC,BOX Options Market LLC is a derivatives exchange that publishes a 2025 trading calendar detailing holidays and early market closures for its options products.,https://boxoptions.com/resources/trading-calendar/,stopped,"{""field"":""PRODUCT_HOLIDAY_CHECK"",""reasoning"":"""",""citations"":[],""confidence"":""""}",stopped,"{""field"":""derivatives_exchange_check"",""reasoning"":"""",""citations"":[],""confidence"":""""}",stopped,"{""field"":""holiday_calendar_check"",""reasoning"":"""",""citations"":[],""confidence"":""""}"
Chilean Electronic Stock Exchange (Bolsa Electrónica de Chile) Derivatives,"Chilean Electronic Stock Exchange (Bolsa Electrónica de Chile) Derivatives holiday calendar, showing closed dates and any derivatives products that continue trading on holidays.",https://www.matbarofex.com.ar/en/trading-hours-and-holidays,stopped,"{""field"":""PRODUCT_HOLIDAY_CHECK"",""reasoning"":"""",""citations"":[],""confidence"":""""}",stopped,"{""field"":""derivatives_exchange_check"",""reasoning"":"""",""citations"":[],""confidence"":""""}",stopped,"{""field"":""holiday_calendar_check"",""reasoning"":"""",""citations"":[],""confidence"":""""}"
Saudi Stock Exchange (Tadawul) Trading Hours and Holidays,"Saudi Stock Exchange (Tadawul) trading hours and holiday calendar for its derivatives markets, detailing exchange closures and any products that remain tradable on holidays.",https://www.saudiexchange.sa/wps/portal/saudiexchange/our-markets/trading-hours-and-holidays,stopped,"{""field"":""PRODUCT_HOLIDAY_CHECK"",""reasoning"":"""",""citations"":[],""confidence"":""""}",stopped,"{""field"":""derivatives_exchange_check"",""reasoning"":"""",""citations"":[],""confidence"":""""}",stopped,"{""field"":""holiday_calendar_check"",""reasoning"":"""",""citations"":[],""confidence"":""""}"
"Nasdaq, Inc.","Nasdaq, Inc. runs a global derivatives exchange and provides holiday calendars for its markets, listing holidays and any products that continue to trade on those days.",https://www.nasdaq.com,stopped,"{""field"":""PRODUCT_HOLIDAY_CHECK"",""reasoning"":"""",""citations"":[],""confidence"":""""}",stopped,"{""field"":""derivatives_exchange_check"",""reasoning"":"""",""citations"":[],""confidence"":""""}",stopped,"{""field"":""holiday_calendar_check"",""reasoning"":"""",""citations"":[],""confidence"":""""}"
Indonesia Commodity & Derivatives Exchange (ICDX),Indonesia Commodity & Derivatives Exchange (ICDX) is an Indonesian derivatives exchange that trades commodity futures and options.,,stopped,"{""field"":""PRODUCT_HOLIDAY_CHECK"",""reasoning"":"""",""citations"":[],""confidence"":""""}",stopped,"{""field"":""derivatives_exchange_check"",""reasoning"":"""",""citations"":[],""confidence"":""""}",stopped,"{""field"":""holiday_calendar_check"",""reasoning"":"""",""citations"":[],""confidence"":""""}"
Saudi Exchange (Tadawul) Derivatives,"Official Saudi Exchange (Tadawul) derivatives trading‑hours and holiday schedule, showing closed holidays and any products that remain tradable.",https://www.adx.ae/english/pages/trading-hours-and-holidays.aspx,stopped,"{""field"":""PRODUCT_HOLIDAY_CHECK"",""reasoning"":"""",""citations"":[],""confidence"":""""}",stopped,"{""field"":""derivatives_exchange_check"",""reasoning"":"""",""citations"":[],""confidence"":""""}",stopped,"{""field"":""holiday_calendar_check"",""reasoning"":"""",""citations"":[],""confidence"":""""}"
Bahrain Bourse Trading Hours and Holidays; Muscat Stock Exchange (MSX) Derivatives,"Bahrain Bourse publishes a dedicated page that lists its trading hours and holiday schedule for all market segments, including derivatives. The Muscat Stock Exchange (MSX) also offers a derivatives segment with its own holiday calendar. Together they constitute a derivatives‑exchange holiday calendar relevant to the user’s request.",https://www.bahrainbourse.com/trading-hours-and-holidays,stopped,"{""field"":""PRODUCT_HOLIDAY_CHECK"",""reasoning"":"""",""citations"":[],""confidence"":""""}",stopped,"{""field"":""derivatives_exchange_check"",""reasoning"":"""",""citations"":[],""confidence"":""""}",stopped,"{""field"":""holiday_calendar_check"",""reasoning"":"""",""citations"":[],""confidence"":""""}"